1,1st International Conference on Building Energy and Environment,COBEE,ERA2010,,No,1202,,
2,1st International Conference on Engineering Management,ICEM,ERA2010,,No,09,,
3,2008 International Conference on Biomedical Robotics and Biomechatronics,BIO ROB,ERA2010,B,No,0903,,
4,3-D Digital Imaging and Modelling,3DIM,ERA2010,C,No,0801,,
5,A Satellite workshop on Formal Approaches to Testing of Software,FATES,ERA2010,C,No,0802,,
6,AAEE - Annual Conference of Australasian Association for Engineering Education,,ERA2010,B,No,09,,
7,Accelerating excellence in the built environment World Conference,WCAEBE,ERA2010,C,No,1202,,
8,Accounting and Finance Association of Australia and New Zealand Conference,AFAANZ,ERA2010,C,Yes,0806,,
9,"ACIS Conference on Software Engineering Research, Management and Applications",SERA,ERA2010,C,No,0803,,
10,ACM Annual Computer Science Conference,CSC,ERA2010,C,No,08,,
11,"ACM Conference on Applications, Technologies, Architectures, and Protocols for Computer Communication",SIGCOMM,ERA2010,A,Yes,0803,,
12,ACM Conference on Computer and Communications Security,CCS,ERA2010,A,Yes,0803,,
13,ACM Conference on Computer Supported Cooperative Work,CSCW,ERA2010,A,No,0806,,
14,ACM Conference on Economics and Computation,EC,ERA2010,B,Yes,0806,,
15,ACM Conference on Embedded Networked Sensor Systems,SENSYS,ERA2010,A,Yes,1006,,
16,International Conference on Embedded Software,EMSOFT,ERA2010,A,Yes,1005,,
17,ACM Conference on Hypertext and Social Media,Hypertext,ERA2010,A,Yes,0805,,
18,ACM Conference on Object Oriented Programming Systems Languages and Applications,OOPSLA,ERA2010,A,Yes,0803,,
19,ACM Creativity and Cognition,CC,ERA2010,A,No,1203,,
20,ACM Digital Rights Management Workshop,DRM,ERA2010,C,No,0803,,
21,ACM Information Technology Education,SIGITE,ERA2010,C,No,08,,
22,ACM International Conference on Advances in Geographic Information Systems,SIGSPATIAL,ERA2010,B,Yes,0806,,
23,"ACM International Conference on Advances in Computer Entertainment (merged with DIMEA, Digital Interactive Media in Entertainment and Arts, in 2009)",ACE,ERA2010,B,No,0806,1203,
24,ACM International Conference on Emerging Networking Experiments and Technologies,CoNEXT,ERA2010,A,No,0805,,
25,ACM International Conference on Information and Knowledge Management,CIKM,ERA2010,A,Yes,0806,,
26,ACM International Conference on Knowledge Discovery and Data Mining,KDD,ERA2010,A,Yes,0804,,
27,ACM International Conference on Mobile Computing and Networking,MOBICOM,ERA2010,A,Yes,1006,,
28,ACM International Conference on Recommender Systems,RecSys,ERA2010,B,Yes,0806,,
29,ACM International Conference on Research and Development in Information Retrieval,SIGIR,ERA2010,A,Yes,0806,,
30,ACM International Conference on Supercomputing,ICS,ERA2010,A,Yes,0805,,
31,ACM International Conference on Web Search and Data Mining,WSDM,ERA2010,B,Yes,0804,0805,
32,ACM International Symposium on Computer Architecture,ISCA,ERA2010,A,Yes,0803,,
33,ACM International Symposium on High Performance Distributed Computing,HPDC,ERA2010,A,No,0805,,
34,ACM International Wireless Communications and Mobile Computing Conference,IWCMC,ERA2010,B,Yes,1006,,
35,ACM International Workshop On Multimedia Databases,MMDB,ERA2010,C,No,0804,,
36,ACM International Workshop on. Mobility Management and Wireless Access,MobiWac,ERA2010,B,No,1005,,
37,ACM Multimedia,ACMMM,ERA2010,A,Yes,0803,1203,
38,ACM SIG International Conference on Computer Graphics and Interactive Techniques,SIGGRAPH,ERA2010,A,Yes,0801,,
39,Measurement and Modeling of Computer Systems,SIGMETRICS,ERA2010,A,Yes,1006,,
40,ACM SIGCHI_NZ Conference on Human-Computer Interaction,SIGCHI-NZ,ERA2010,C,No,0806,,
41,ACM SIGCOMM Internet Measurement Conference,ACM IMC,ERA2010,A,No,1005,,
42,ACM SIGGRAPH/Eurographics Symposium on Computer Animation,SCA,ERA2010,B,Yes,0801,,
43,ACM SIGIR Workshop on XML and Information Retrieval,SIGIR/XML,ERA2010,C,No,0804,,
44,International Conference on Multimedia Retrieval (previously MIR),ICMR,ERA2010,B,Yes,0804,,
45,"ACM SIGMOBILE International Conference on Mobile Systems, Applications and Services",Mobisys,ERA2010,B,Yes,0805,,
46,ACM SIGMOD-SIGACT-SIGART Conference on Principles of Database Systems,PODS,ERA2010,A,Yes,0804,,
47,ACM SIGOPS European Workshops,SIGOPS-EW,ERA2010,C,Yes,0803,,
48,ACM SIGOPS Symposium on Operating Systems Principles,SOSP,ERA2010,A,Yes,0803,,
49,"ACM SIGPLAN Conference on Languages, Compilers and Tools for Embedded Systems",LCTES,ERA2010,A,Yes,1005,,
50,ACM SIGPLAN Workshop on Partial Evaluation and Program Manipulation,PEPM,ERA2010,B,Yes,0803,,
51,ACM SIGPLAN Workshop on Types in Language Design and Implementation (was TIC),TLDI,ERA2010,C,No,0803,,
52,"ACM International Conference on the Foundations of Software Engineering (was ESEC/FSE, changed 2024; duplicate previously listed as ESEC, removed from DB)",FSE,ERA2010,A,Yes,0803,,
53,ACM SIGSOFT Workshop on Program Analysis for Software Tools and Engineering,PASTE,ERA2010,B,No,0803,,
54,ACM SIGUCCS Conference on User Services,SIGUCCS,ERA2010,C,No,0899,,
55,ACM Special Interest Group on Computer Science Education Conference,SIGCSE,ERA2010,A,Yes,0899,,
56,ACM Special Interest Group on Management of Data Conference,SIGMOD,ERA2010,A,Yes,0804,,
57,ACM Special Interest Group on Supporting Group Work (was SIGGRoup),Group,ERA2010,B,No,0806,,
58,ACM Symposium on Mobile Ad Hoc Networking and Computing,MOBIHOC,ERA2010,A,Yes,0804,,
59,ACM Symposium on Applied Computing,SAC,ERA2010,B,No,0804,,
60,International Symposium on Computational Geometry,SoCG,ERA2010,A,Yes,0802,,
61,"Asia Conference on Information, Computer and Communications Security",AsiaCCS,ERA2010,B,Yes,0803,,
62,ACM Symposium on Principles of Database Systems,SPDS,ERA2010,C,No,0804,,
63,ACM Symposium on Principles of Distributed Computing,PODC,ERA2010,A,Yes,0805,,
64,ACM Symposium on Solid and Physical Modelling,SPM,ERA2010,B,No,0802,,
65,ACM Symposium on Theory of Computing,STOC,ERA2010,A,Yes,0802,,
66,ACM Symposium on User Interface Software and Technology,UIST,ERA2010,A,Yes,0806,,
67,ACM Virtual Reality Software and Technology,VRST,ERA2010,A,Yes,0801,,
68,ACM Workshop on Formal Methods in Security Engineering: From Specifications to Code,FMSE,ERA2010,C,No,0803,,
69,ACM Workshop on Hot Topics in Networks,HOTNETS,ERA2010,A,No,1005,,
70,ACM Workshop on Hot Topics in Software Upgrades,HotSWUp,ERA2010,C,No,0803,,
71,ACM Workshop on Role Based Access Control (now SACMAT),RBAC,ERA2010,C,No,0802,,
72,ACM Workshop on Scalable Trusted Computing,STC,ERA2010,B,No,0803,,
73,ACM Workshop on Secure Web Services,SWS,ERA2010,C,No,0801,,
74,ACM Workshop on Web Information and Data Management,WIDM,ERA2010,B,No,0806,,
75,ACM/IEEE International Conference on Distributed Smart Cameras,ICDSC,ERA2010,B,No,0803,,
76,"ACM/IEEE International Conference on Modelling, Analysis and Simulation of Wireless and Mobile Systems",MSWIM,ERA2010,A,Yes,1006,,
77,"International Conference for High Performance Computing, Networking, Storage and Analysis (was Supercomputing Conference)",SC,ERA2010,A,No,0805,,
78,ACM SIGSIM Conference on Principles of Advanced Discrete Simulation (was Parallel and Distributed Simulation),PADS,ERA2010,B,Yes,0805,,
79,ACM/IFIP/USENIX International Middleware Conference,Middleware,ERA2010,A,Yes,0803,,
80,ACM/SIAM Symposium on Discrete Algorithms,SODA,ERA2010,A,Yes,0802,,
81,ACM/SPIE Multimedia Computing and Networking,MMCN,ERA2010,A,No,0801,,
82,ACM-SIGACT Symposium on Principles of Programming Languages,POPL,ERA2010,A,Yes,0803,,
83,ACM SIGMIS Computers and People Research,ACM-SIGMIS CPR,ERA2010,B,No,0806,,
84,ACM-SIGPLAN Conference on Programming Language Design and Implementation,PLDI,ERA2010,A,Yes,0803,,
85,ACM-SIGRAPH Interactive 3D Graphics and Games,I3DG,ERA2010,A,Yes,0801,,
86,ACS/IEEE International Conference on Computer Systems and Applications,AICCSA,ERA2010,C,Yes,08,12,
87,Active and Real-Time Database Systems,ARTDB,ERA2010,C,No,0804,,
89,Advanced Concepts for Intelligent Vision Systems,ACIVS,ERA2010,B,Yes,0801,,
90,Advanced Course on Artificial Intelligence,ACAI,ERA2010,C,No,0801,,
91,Advanced Research in VLSI,ARVLSI,ERA2010,C,No,0805,,
92,IEEE International Conference on Advanced Video and Signal Based Surveillance,AVSS,ERA2010,B,Yes,1005,,
93,Advanced Visual Interfaces,AVI,ERA2010,B,No,0801,,
94,Advances in Cryptology,CRYPTO,ERA2010,A,Yes,0804,,
95,Advances in Information Systems,ADVIS,ERA2010,C,No,0806,,
96,Advances in Intelligent Systems,AIS,ERA2010,C,No,0801,,
97,Advances in Modal Logic,AiML,ERA2010,A,Yes,0802,,
98,Advances in Neural Information Processing Systems (was NIPS),NeurIPS,ERA2010,A,Yes,0801,,
99,Advances in the Theory of Computing,AITC,ERA2010,C,No,0802,,
100,Agent-Oriented Information Systems Workshop,AOIS,ERA2010,B,No,0801,,
101,Agent-Oriented Software Engineering Workshop (merged into EMAS in 2013),AOSE,ERA2010,C,No,0801,0803,
102,AIAA Aerospace Sciences Meeting,,ERA2010,B,No,0901,,
103,AIChE Annual Meeting,,ERA2010,C,No,09,,
104,AISB Convention (Society for the Study of Artificial Intelligence and Simulation of Behaviour),AISB,ERA2010,B,No,1203,,
105,Algebraic Methodology and Software Technology,AMAST,ERA2010,C,No,0802,0803,
106,Algorithmic Learning Theory,ALT,ERA2010,A,Yes,0802,,
107,Algorithms and Complexity in Durham,ACID,ERA2010,C,No,0802,,
108,Algorithms and Data Structures Symposium (was Workshop on Algorithms and Data Structures),WADS,ERA2010,A,Yes,0802,,
109,Ambient Information Systems,AIS,ERA2010,B,No,1203,,
110,Ambient Intelligence Developments,Aml.d,ERA2010,C,No,0801,,
111,American Association of Cost Engineers Annual Meeting,AACE,ERA2010,A,No,1202,,
112,American Federation of Information Processing Societies,AFIPS,ERA2010,C,Yes,08,,
113,"American Society for Heating, Refrigeration and Air Conditioning",ASHRAE,ERA2010,A,No,1202,,
114,American Society of Mechanical Engineering,,ERA2010,A,No,0913,0905,0903
115,Americas Conference on Information Systems,AMCIS,ERA2010,A,No,0806,,
116,Americas Conference on Wind Engineering,,ERA2010,B,No,0905,,
117,Annual Computer Security Applications Conference,ACSAC,ERA2010,A,Yes,0803,,
118,Annual Conference of the Australasian Society for Computers in Learning in Tertiary Education,ASCILITE,ERA2010,C,Yes,0899,,
119,Annual Conference of the Australian Acoustical Society,,ERA2010,A,No,0913,1201,0999
120,Annual Meeting of the Cognitive Science Society,CogSci,ERA2010,A,Yes,0801,,
122,Annual Conference of the International Academy for Information Management,IAIM,ERA2010,C,No,0806,,
123,Annual Conference of the International Speech Communication Association (was Eurospeech),Interspeech,ERA2010,A,No,0801,,
124,Conference on Learning Theory,COLT,ERA2010,A,Yes,0801,,
125,Annual Conference on Evolutionary Programming,EP,ERA2010,C,No,0801,,
126,Annual Conference on Innovation and Technology in Computer Science Education,ITiCSE,ERA2010,A,Yes,0899,,
127,"Annual Conference on Privacy, Security and Trust",PST,ERA2010,C,No,0804,,
128,"Annual Convention for Survey, Mapping and Remote Sensing",RS,ERA2010,C,No,0909,,
129,Annual Fall Workshop on Computational Geometry,CGW,ERA2010,C,No,0802,,
130,Annual International Conference of the IEEE Engineering in Medicine and Biology Society,,ERA2010,A,No,0903,,
131,Annual International Conference on Ada,TRI-Ada,ERA2010,C,No,0803,,
132,Annual International Workshop on Presence,ISPR,ERA2010,B,No,0801,,
133,Annual Meeting of the Decision Sciences Institute,DSI,ERA2010,C,No,0806,,
134,Annual PKI R&D Workshop,PKI,ERA2010,C,No,0803,,
135,Annual PPIG Workshop,PPIG,ERA2010,B,No,0806,,
136,Annual Simulation Symposium,ANSS,ERA2010,C,Yes,0802,,
137,"Annual Water Distribution Systems Analysis Conference, WDSA 2008",,ERA2010,A,No,0905,0907,
138,Selected Areas in Cryptography,SAC,ERA2010,C,Yes,0804,,
139,AoM Organizational Communication and Information Systems,OCIS,ERA2010,A,No,0806,,
140,Apple University Consortium Academic and Developers Conference,AUCADC,ERA2010,C,No,0899,,
141,Application of Computers and Operations Research in the Minerals Industries,APCOMin,ERA2010,A,No,0909,0914,
142,Application of Concurrency to System Design,ACSD,ERA2010,B,Yes,0805,,
143,Applications of Information Visualization,IV-App,ERA2010,C,No,0801,,
144,Applications of Natural Language to Data Bases,NLDB,ERA2010,C,No,0806,,
145,Applied Computing Conference,ACC,ERA2010,C,No,08,,
146,Applied Perception in Graphics and Visualization,APGV,ERA2010,C,No,0801,,
147,Architectural Support for Programming Languages and Operating Systems,ASPLOS,ERA2010,A,Yes,0803,,
148,Argentine Symposium on Artificial Intelligence,ASAI,ERA2010,C,No,0801,,
149,Artificial Intelligence in Knowledge Management,AIKM,ERA2010,C,No,0801,,
150,Artificial Intelligence in Medicine,AIIM,ERA2010,A,No,0801,,
151,International Conference on Artificial Intelligence in Medicine,AIME,ERA2010,A,Yes,0801,,
152,Artificial Neural Networks in Engineering Conference,ANNIE,ERA2010,B,No,0801,,
153,ASCCS International Conference on Steel-Concrete Composite and Hybrid Structures,,ERA2010,A,No,0905,,
154,ASEE Annual Conference and Exposition,,ERA2010,B,No,09,,
155,ASEE Global Colloquium of Engineering Education,,ERA2010,B,No,09,,
156,Asia Information Retrieval Symposium,AIRS,ERA2010,C,Yes,0806,,
157,Asia International Conference on Modelling and Simulation,AMS,ERA2010,C,No,0802,,
158,Asia Pacific Conference on Combustion,,ERA2010,B,No,0913,,
159,Asia Pacific Conference on Communications,APCC,ERA2010,B,Yes,1005,,
160,Asia Pacific Conference on Hardware Description Languages (was Asia Pacific CHipDesign Languages),APCHDL,ERA2010,C,No,1006,,
161,Asia Pacific Decision Science Institute Conference,APDSI,ERA2010,C,No,0802,,
162,Asia and South Pacific Design Automation Conference,ASPDAC,ERA2010,C,Yes,1006,,
163,Asia Pacific Industrial Engineering and Management Systems and Chinese Institute of Industrial Engineers Conference,APIEMS CIIEC,ERA2010,C,No,1203,,
164,Asia Pacific Research Symposium on Accounting Information Systems,APRSAIS,ERA2010,C,No,0806,,
165,Web and Big Data,APWEB,ERA2010,C,Yes,0805,,
166,Asian Computing Science Conference,ASIAN,ERA2010,B,No,08,,
167,Asian Conference on Computer Vision,ACCV,ERA2010,B,No,0801,,
168,Asian Congress of Fluid Mechanics,,ERA2010,A,No,0901,0913,
169,Asian International Mobile Computing Conference,AMOC,ERA2010,C,No,0805,,
170,Asian Symposium on Computer Mathematics,ASCM,ERA2010,C,No,0802,,
171,ASIAN Symposium on Programming Languages and Systems,APLAS,ERA2010,B,Yes,0803,,
172,Asian Symposium on Visualization,,ERA2010,B,No,0901,0913,
173,Asian-Pacific Conference on Computational Mechanics,APCOM,ERA2010,A,No,0905,,
174,Asian-Pacific conferences on unsaturated soils,Unsat-Asian,ERA2010,A,No,0905,,
175,Asia-Pacific Bioinformatics Conference,APBC,ERA2010,B,No,0803,,
176,Asia-Pacific Computer Human Interaction Conference,APCHI,ERA2010,C,No,1203,,
177,Asia-Pacific Conference on Complex Systems,Complex,ERA2010,C,No,0801,,
178,Asia-Pacific Conference on Conceptual Modelling,APCCM,ERA2010,B,No,0802,,
179,Asia-Pacific Conference on Engineering Plasticity and Its Applications,,ERA2010,A,No,0910,0913,
180,Asia-Pacific Conference on Materials Processing,,ERA2010,A,No,0910,0915,
181,Asia-Pacific Conference on Simulated Evolution and Learning,SEAL,ERA2010,B,No,0801,,
182,Asia-Pacific Conference on Wind Engineering,,ERA2010,B,No,0905,,
183,Asia-Pacific Forum on Engineering and Technology Education,AFETE,ERA2010,C,No,0999,,
184,Asia-Pacific Network Operations and Management Symposium,APNOMS,ERA2010,C,No,0805,,
185,Asia-Pacific Services Computing Conference,APSCC,ERA2010,C,Yes,0805,,
186,Asia-Pacific Software Engineering Conference,APSEC,ERA2010,C,Yes,0803,,
188,Asia-Pacific Vibration Conference,,ERA2010,B,No,0913,0915,
189,"Asilomar Conference on Signals, Systems and Computing",ACSSC,ERA2010,C,No,1005,,
190,Aspect-Orientation Asia,AO-Asia,ERA2010,C,No,0803,,
191,Aspect-Oriented Software Development,AOSD,ERA2010,A,No,0803,,
192,Association for Computer Aided Design in Architecture (ACADIA) Conference,ACADIA,ERA2010,A,No,1201,,
193,Association for Computer-Aided Architectural Design Research in Asia (CAADRIA) annual conference,CAADRIA,ERA2010,B,No,0803,1203,1201
194,Association of Architecture Schools of Australasia Annual Conference (AASA),AASA,ERA2010,C,No,1201,,
195,Association of Collegiate Schools of Architecture (ACSA) Annual Meeting,ACSA,ERA2010,B,No,1201,,
196,Association for Computational Linguistics,ACL,ERA2010,A,Yes,0801,,
197,Association of Researchers in Construction Management Annual Conference,ARCOM,ERA2010,A,No,1202,,
198,Athens Colloquium on Algorithms and Complexity,ACAC,ERA2010,C,Yes,0802,,
199,AUSIMM Orebody Modelling and Strategic Mine Planning Conference,,ERA2010,A,No,0914,,
200,AUSIMM Project Evaluation,,ERA2010,A,No,0914,,
201,Australasia Conference on Information Security and Privacy,AISP,ERA2010,C,Yes,0806,,
202,Australasian Coasts and Ports Conference,,ERA2010,A,No,0911,,
203,Australasian Cognitive Science Society Conference,AuCSS,ERA2010,C,Yes,0801,,
204,Australasian Compumod Users' Conference,COMPUMOD,ERA2010,C,Yes,0803,,
205,Australasian Computer Architecture Conference,ACAC,ERA2010,C,Yes,0803,,
206,Australasian Computer Music Conference,ACMA,ERA2010,C,Yes,0899,,
207,Australasian Computer Science Conference,ACSC,ERA2010,B,Yes,08,,
208,Australasian Computer Systems Architecture Conference (now Asia-Pacific Computer Systems Architecture Conference),ACSAC,ERA2010,B,Yes,0803,,
209,Australasian Computers in Education Conference,ACEC,ERA2010,C,Yes,0899,,
210,Australasian Conference on Combinatorial Mathematics and Combinatorial Computing,ACCMCC,ERA2010,C,Yes,0802,,
211,Australasian Computing Education Conference (ACE),ACE,ERA2010,B,Yes,0899,,
212,Australasian Conference on Information Security and Privacy,ACISP,ERA2010,B,Yes,0804,,
213,Australasian Conference on Information Systems,ACIS,ERA2010,A,Yes,0806,,
214,Australasian Conference on Parallel and Real-Time Systems,APRTS,ERA2010,C,Yes,0805,,
215,Australasian Conference on Pattern Languages of Programs,KoalaPLoP,ERA2010,C,Yes,0803,,
216,Australasian Conference on Robotics and Automation,ACRA,ERA2010,B,Yes,0801,,
217,Australasian Conference on the Mechanics of Structures and Materials,,ERA2010,B,No,0905,,
218,Australasian Congress on Applied Mechanics,,ERA2010,A,No,0910,0913,
219,Australasian Database Conference,ADC,ERA2010,B,Yes,0804,,
220,Australasian Fluid Mechanics Conference,,ERA2010,A,No,0913,,
221,Australasian Housing Researchers Conference,AHRC,ERA2010,A,No,1205,,
222,Australasian Information Security Conference,AISC,ERA2010,B,Yes,0804,,
223,Australasian Information Security Workshop 2007 (Privacy Enhancing Technologies),AISW-PET,ERA2010,C,Yes,0803,,
224,Australasian Joint Conference on Artificial Intelligence,AI,ERA2010,B,Yes,0801,,
225,Australasian Port and Harbour Conference,,ERA2010,A,No,0911,,
226,Australasian Refinement Workshop,AuRW,ERA2010,C,Yes,0803,,
227,Australasian Remote Sensing Conference and Photogrammetry Conference,ARSPC,ERA2010,C,No,1005,,
228,"Australasian Road Safety Research, Policing and Education Conference",,ERA2010,C,No,0902,,
229,Australasian Speech Science and Technology,SST,ERA2010,B,Yes,0801,,
230,Australasian Symposium on Grid Computing and e-Research (now AusPDC),AusGrid,ERA2010,C,Yes,0805,,
231,Australasian Symposium on Parallel and Distributed Computing (was AusGrid),AusPDC,ERA2010,C,Yes,0805,,
232,Australasian Transport Research Forum,ATRF,ERA2010,A,No,1205,0905,
233,Australasian Urban and Regional Information Systems Association Conference,AURISA,ERA2010,C,Yes,0806,,
234,Australasian User Interface Conference,AUIC,ERA2010,B,Yes,0806,,
235,Australasian Wind Engineering Society Workshop in Wind Engineering,,ERA2010,C,No,0905,,
236,Australasian Women in Computing Workshop,WIC,ERA2010,C,Yes,0899,,
237,Australasian Workshop on Combinatorial Algorithms,AWOCA,ERA2010,B,Yes,0802,,
238,Australasian Workshop on Health Data and Knowledge Management,HDKM,ERA2010,B,Yes,0804,,
239,Australia New Zealand Geomechanics conference,,ERA2010,B,No,0905,,
240,Asia Pacific Symposium on Intelligent and Evolutionary Systems (was Australia-Japan Joint Workshop on  Intelligent and Evolutionary Systems),IES,ERA2010,C,Yes,0801,,
241,Australian and New Zealand Academy of Management Conference,ANZAM,ERA2010,C,Yes,0806,,
242,Australian and New Zealand Architectural Science Association (ANZAScA) Annual Conference,ANZAScA,ERA2010,B,No,1201,1202,
243,Australian and New Zealand Association of Planning schools,ANZAPS,ERA2010,B,No,1202,1205,
244,Australian and New Zealand Intelligent Information Systems Conference,ANZIIS,ERA2010,C,Yes,0806,,
245,Australian and New Zealand Marketing Academy Conference,ANZMAC,ERA2010,C,Yes,0806,,
246,Australian Combustion Symposium,,ERA2010,C,No,0913,,
247,Australian Computer Human Interaction Conference,OZCHI,ERA2010,B,Yes,0806,1203,
248,Australian Conference for Knowledge Management and Intelligent Decision Support,ACKMIDS,ERA2010,B,Yes,0801,,
249,Australian Conference on Artificial Life and Computational Intelligence,ACALCI,ERA2010,B,Yes,0801,,
250,Australian Conference on Laser Diagnostics in Fluid Mechanics and Combustion,,ERA2010,B,No,0913,,
251,Australian Conference on Neural Networks,ACNN,ERA2010,C,Yes,0801,,
252,Australian Conference on Software Metrics,ACOSM,ERA2010,C,Yes,0803,,
253,Australian Data Mining Conference,AusDM,ERA2010,B,Yes,0804,,
254,Australian Digital Forensics Conference,,ERA2010,B,Yes,0804,,
255,Australian Earthquake Engineering Conference,,ERA2010,B,No,0905,,
256,Australian Game Developers Conference,AGDC,ERA2010,C,Yes,0806,,
257,Australian Geothermal Energy Conference,,ERA2010,C,No,0913,,
258,Australian Information Security Management Conference,ISM,ERA2010,B,Yes,0804,,
259,Australian Information Warfare and Security Conference,WarSec,ERA2010,C,Yes,0806,,
260,Australian Institute of Building Surveyors International Refereed Conference,AIBS,ERA2010,B,No,1202,,
261,Australian Institute of Computer Ethics Conference,AICE,ERA2010,C,Yes,0806,,
262,Australian Knowledge Acquisition Workshop,AKAW,ERA2010,C,Yes,0801,,
263,Australian MADYMO Users Meeting,MADYMO,ERA2010,C,Yes,0801,,
264,Australian MATLAB Conference,MATLAB,ERA2010,C,Yes,0802,,
265,Australian Road Research Board Annual Conference,,ERA2010,B,No,0905,,
266,Australian Software Engineering Conference,ASWEC,ERA2010,B,Yes,0803,,
267,Australian Supercomputing Conference,ACS,ERA2010,C,Yes,0805,,
268,Australian Symposium on Information Visualisation,ASIV,ERA2010,B,Yes,0801,,
269,International Telecommunication Networks and Applications Conference (was Australian Telecommunication Networks and Applications Conference),ITNAC,ERA2010,C,Yes,1005,,
270,Australian Universities Building Education Association Annual Conference,AUBEA,ERA2010,B,No,1202,,
271,Australian UNIX Users Group National Conference,AUUG,ERA2010,C,Yes,0803,,
272,Australian Water Association Convention - Ozwater,,ERA2010,C,No,0907,0905,
273,Australian Women in IT Conference,OzWIT,ERA2010,B,Yes,0899,,
274,"Australian Workshop on Mobile Computing, Databases and Applications",MCDA,ERA2010,C,Yes,0806,,
275,Australian Workshop on Requirements Engineering,AWRE,ERA2010,B,Yes,0803,0806,
276,Australian Workshop on Safety Critical Systems and Software,SCSS,ERA2010,C,Yes,1005,,
277,Australian Workshop on Software Architecture,AWSA,ERA2010,C,Yes,0803,,
278,Australian World Wide Web Conference,AusWeb,ERA2010,C,Yes,0805,,
279,Automated Software Engineering Conference,ASE,ERA2010,A,Yes,0803,,
280,Automation and Robotics International Symposium,ISARC,ERA2010,B,No,10,,
281,Automation of Software Test,AST,ERA2010,C,No,0804,,
282,International Conference on Computing Education Research (Baltic Sea Conference on Computing Education Research prior to 2008),Koli Calling,ERA2010,B,Yes,0899,,
283,Baosteel Academic Conference,,ERA2010,B,No,0910,0914,
284,Benelux Workshop on Information and System Security,WISSec,ERA2010,C,Yes,0803,,
285,Bioinformatics Visualization,BioViz,ERA2010,C,No,0801,,
286,Bled Electronic Commerce Conference,BECC,ERA2010,B,Yes,0806,,
287,Bluff Body Aerodynamics and Applications,,ERA2010,A,No,0905,0913,
288,Body Sensor Networks,BSN,ERA2010,C,No,0806,,
289,Brazilian Symposium on Computer Graphics and Image Processing,SIBGRAPI,ERA2010,C,Yes,0801,,
290,Brazilian Symposium on Databases,SBBD,ERA2010,C,Yes,0804,,
291,"Brazilian Symposium on Graphs, Algorithms and Combinatorics",GRACO,ERA2010,C,Yes,0802,,
292,Brazilian Symposium on Information and Computer Systems Security,SBSEG,ERA2010,C,Yes,0803,,
293,British Colloquium for Theoretical Computer Science,BCTCS,ERA2010,C,Yes,0802,,
294,British Computer Society Conference on Human-Computer Interaction,HCI,ERA2010,A,Yes,0806,,
295,British Computer Society Formal Aspects of Computing Science Specialist Group Workshop,BCS-FMW,ERA2010,C,Yes,0802,,
296,British Machine Vision Conference,BMVC,ERA2010,B,Yes,0801,,
297,British National Conference on Databases,BNCOD,ERA2010,B,Yes,0804,,
298,Built Environment Education Conference,BEECON,ERA2010,B,No,12,,
299,CAADFutures Biennial conference,CAADFutures,ERA2010,A,No,1201,,
300,Canadian Artificial Intelligence Conference,CAAI,ERA2010,B,Yes,0801,,
301,Canadian Conference on Computational Geometry,CCCG,ERA2010,C,Yes,0802,,
302,Canadian Conference on Computer and Robot Vision,CRV,ERA2010,C,Yes,0801,,
303,Canadian Conference on Electrical and Computer Engineering,CCECE,ERA2010,C,No,0905,,
304,Canadian Discrete and Algorithmic Mathematics Conference,CanaDAM,ERA2010,C,Yes,0802,,
305,Canadian Geotechnical Society Conference,,ERA2010,B,No,0905,,
306,"Canadian Society for Civil Engineering, International Construction Specialty Conference",ICSC,ERA2010,C,No,0905,,
307,Centre for Asian and Middle Eastern Architecture conference,CAMEA,ERA2010,A,No,1201,,
308,CGAL User Workshop,CGAL,ERA2010,C,No,0802,,
310,Challenges of Large Applications in Distributed Environments,CLADE,ERA2010,C,No,0805,,
311,Chemeca: Australasian Conference on Chemical Engineering,,ERA2010,B,No,0914,,
312,Chilean Database Workshop,JCC/WBD(CDW),ERA2010,C,Yes,0804,,
313,ChinaGrid Annual Conference,ChinaGrid,ERA2010,C,Yes,0805,,
314,CIRP Life Cycle Engineering Conference,,ERA2010,A,No,0910,0907,0915
315,Coastal Environment,,ERA2010,C,No,0911,,
317,Collaborative Electronic Commerce Technology and Research,CollECTeR,ERA2010,B,No,0806,,
318,"Colloquium on Mathematics and Computer Science: Algorithms, Trees, Combinatorics and Probabilities",MathInfo,ERA2010,C,No,0802,,
319,Cologne-Twente Workshop on Graphs and Combinatorial Optimization,CTW,ERA2010,C,No,0802,,
320,CombinaTexas: Combinatorics in the South-Central U.S.,Combina Texas,ERA2010,C,Yes,0802,,
321,Combinatorial Pattern Matching,CPM,ERA2010,B,Yes,0802,0804,
322,Committee on Data for Science and Technology,CODATA,ERA2010,C,No,0804,,
323,Complex Objects Visualization Workshop,COV,ERA2010,C,No,0801,,
324,Complexity and information-theoretic approaches to biology,CITB,ERA2010,B,No,0803,,
325,"Composite Construction V, Kruger National Park, South Africa, American Society of Civil Engineers",,ERA2010,A,No,0905,,
326,Computability in Europe: Logic and Theory of Algorithms,CiE,ERA2010,C,No,0802,,
327,Computational Intelligence in Security for Information Systems,CISIS,ERA2010,B,No,0803,,
328,Computational Techniques and Applications Conference,CTAC,ERA2010,C,No,0802,,
329,Computational Topology Workshop,CT,ERA2010,C,No,0802,,
330,Computational Wind Engineering,,ERA2010,B,No,0905,,
331,Computer Aided Verification,CAV,ERA2010,A,Yes,0802,,
333,"Computer Animation, Information Visualisation, and Digital Effects",CAivDE,ERA2010,C,No,0801,,
334,Computer Applications in The Mineral Industries,APCOM,ERA2010,A,No,0914,,
335,Computer Graphics International,CGI,ERA2010,B,Yes,0801,,
336,Computer Science Research Conference,CSRC,ERA2010,C,No,08,,
337,Computer Supported Collaborative Learning,CSCL,ERA2010,A,Yes,0806,,
338,Computers in Cardiology,,ERA2010,A,No,0903,,
339,Computing and Control in the Water Industry 2009,,ERA2010,B,No,0905,,
340,Computing in Civil Engineering and Building International Conference,ICCCBE,ERA2010,C,No,0905,1202,
341,Computing in Education Group of Victoria Conference,CEG,ERA2010,C,No,0899,,
342,Computing: The Australasian Theory Symposium,CATS,ERA2010,B,Yes,0802,,
343,Conference and Symposium of the International Committee on Aeronautical Fatigue,,ERA2010,A,No,0901,0913,
344,Conférence en Recherche d'information et Applications,CORIA,ERA2010,C,Yes,08,,
345,Conference for the International Simulation and Gaming Association,ISAGA,ERA2010,C,No,0802,,
346,Conference in Uncertainty in Artificial Intelligence,UAI,ERA2010,A,Yes,0801,,
347,Conference of South African Institute of Computer Scientists and Information Technologists,SAICSIT,ERA2010,C,Yes,08,,
348,Conference of the Association for Machine Translation in the Americas,AMTA,ERA2010,B,No,0801,,
349,Conference of the Association of Asian-Pacific Operational Research Societies,APORS,ERA2010,C,No,0802,,
350,Conference of the Australian Institutes of Transport Research,CAITR,ERA2010,C,No,1205,,
351,Conference of the Commission Internationale pour l'Etude et l'Amelioration de l'Enseignement des Mathematiques,CIEAEM,ERA2010,C,No,0802,,
352,Conference of the European Association for Machine Translation,EAMT,ERA2010,B,Yes,0801,,
353,Conference of the International Society for Decision Support Systems,ISDSS,ERA2010,C,No,0801,,
354,Conference of the Pacific Association for Computational Linguistics,PACLING,ERA2010,B,Yes,0801,,
355,Conference on Agile Software Development,XP,ERA2010,B,Yes,0803,,
356,Conference on Algorithmic Aspects in Information and Management,AAIM,ERA2010,C,No,0806,,
357,Conference on Algorithms and Hardware for Parallel Processing,CONPAR,ERA2010,C,No,0805,,
358,"International Conference on Probabilistic, Combinatorial, and Asymptotic Methods in the Analysis of Algorithms (was Conference on Analysis of Algorithms)",AofA,ERA2010,B,Yes,0802,,
359,Conference on Artificial Intelligence for Applications,CAIA,ERA2010,B,No,0801,,
360,Conference on Artificial Neural Networks and Expert systems,ANNES,ERA2010,C,No,0801,,
361,Conference on Combinatorial Optimization and Applications,COCOA,ERA2010,B,Yes,0802,,
362,"Conference on Computers, Freedom, and Privacy",CFP,ERA2010,C,No,0803,,
363,Conference on Construction Partnering,CII-HK,ERA2010,C,No,1202,,
364,"Conference on Discrete Mathematics, Algebra and their Application",DIMA,ERA2010,C,No,0802,,
365,Conference on Fun with Algorithms,FUN,ERA2010,B,No,0802,,
366,Conference on Graph Theory and Discrete Geometry,CGTDG,ERA2010,C,No,0802,,
367,"Conference on Information Science, Technology and Management",CISTM,ERA2010,B,No,0806,,
368,Conference on Information Sciences and Systems,CISS,ERA2010,C,No,0806,,
369,Conference on Innovative Data Systems Research,CIDR,ERA2010,A,No,0806,,
370,Conference on Integer Programming and Combinatorial Optimization,IPCO,ERA2010,A,Yes,0802,,
371,Conference on Computational Natural Language Learning,CoNLL,ERA2010,A,Yes,0801,,
372,Conference on Office Information Systems,SIGOA,ERA2010,C,No,0806,,
373,Conference on Operational Research Practice in Africa,ORPA,ERA2010,C,Yes,0802,,
374,International Conference on Operations Research,GOR,ERA2010,C,No,0802,,
375,"Conference on Orders, Algorithms and Applications",Ordal,ERA2010,C,No,0802,,
376,Conference on Railway Engineering,,ERA2010,A,No,0905,0913,
377,Conference on RFID Security,RFIDSec,ERA2010,C,No,0803,,
378,Conference on Security and Cryptography for Networks,SCN,ERA2010,B,Yes,0803,,
379,Conference on Security in Network Architectures and Information Systems,SAR-SSI,ERA2010,C,No,0803,,
380,"Conference on Software Engineering Education and Training (previously Conference is Software Engineering Education, CSEE, changed in 1997)",CSEET,ERA2010,C,No,08,09,
381,Conference on Software in Telecommunications and Computer Networks,SOFTCOM,ERA2010,B,No,1006,,
382,Conference on Spatial Information Theory,COSIT,ERA2010,C,No,1201,,
383,Conference on the Quality of Software Architectures,QoSA,ERA2010,A,Yes,0803,,
384,Conference on Theory and Applications of Models of Computation,TAMC,ERA2010,B,Yes,0802,,
385,Conference on Visualization and Data Analysis,VDA,ERA2010,C,No,0801,,
386,Congress of the Italian Assoc for AI,AI*IA,ERA2010,B,Yes,0801,,
387,Congress of the Modelling and Simulation Society of Australia and New Zealand,Modsim 03,ERA2010,A,No,0907,0905,
388,ConnectED: International Conference on Design Education,ConnectED,ERA2010,C,No,1201,1203,
389,Constraint Databases and Applications,CDB,ERA2010,C,No,0804,,
390,Constraint Programming Day,CPD,ERA2010,C,No,0802,,
391,"Construction Applications of Virtual Reality, International Conference",CAVR,ERA2010,C,No,1202,,
392,Construction Applications to Virtual Reality Conference,CONVR,ERA2010,C,No,1201,,
393,Construction Automation Conference,,ERA2010,B,No,1202,,
394,Construction in the Twenty-first Century Conferences,CITC,ERA2010,B,No,1202,,
395,Construction Management and Economics Conference,CME 25,ERA2010,A,No,1202,,
396,Construction Management and Real Estate International Symposium,CRIOCM,ERA2010,B,No,1202,,
397,Contact Mechanics,,ERA2010,A,No,1299,,
398,"Cooperative Design, Visualization, and Engineering",CDVE,ERA2010,C,No,0801,,
399,Cooperative Research Centre for Construction Innovation International Conference,CRCCI,ERA2010,B,No,1202,,
400,Coordinated and Multiple Views in Exploratory Visualization,CMV,ERA2010,C,No,0801,,
401,Corrosion and Prevention,,ERA2010,A,No,0913,,
402,Cryptography Policy and Algorithms Conference,CryPAC,ERA2010,C,No,0804,,
403,Crypto'Puces,Crypto'Puces,ERA2010,C,Yes,0804,,
404,Cultural Attitudes towards Technology and Communications,CATAC,ERA2010,B,No,0806,,
405,Cultural Heritage Knowledge Visualisation,CHKV,ERA2010,C,No,0801,,
406,"Cumulus - International Association of Universities and Colleges of Art, Design and Media",CUMULUS,ERA2010,C,No,1203,,
407,Current Trends in Theory and Practice of Computer Science,SOFSEM,ERA2010,B,Yes,08,,
408,Data Compression Conference,DCC,ERA2010,A,Yes,0804,,
409,Data Semantics in Web Information Systems,DASWIS,ERA2010,C,No,0806,,
410,Data Warehousing and Knowledge Discovery,DaWaK,ERA2010,B,Yes,0804,,
412,Database Programming Languages,DBPL,ERA2010,B,Yes,0804,,
413,Declarative Agent Languages and Technologies (merged into EMAS in 2013),DALT,ERA2010,B,No,0804,,
414,Design and Aesthetics in Visualisation,DAViz,ERA2010,C,No,0801,,
415,Design and Emotion Society Conferences,D&E,ERA2010,A,No,1203,,
416,Design and Management of Data Warehouses,DMDW,ERA2010,C,No,0804,,
417,Design Computing and Cognition,DCC,ERA2010,A,No,1201,1203,
418,Design for User Experience,DUX,ERA2010,B,No,0806,1203,
419,Design Research Society (UK) International Conference,DRS,ERA2010,B,No,1203,,
420,Design Society Conferences,,ERA2010,B,No,1203,,
421,"Design, Automation and Test in Europe Conference",DATE,ERA2010,B,Yes,1005,,
422,Designing Interactive Systems,DIS,ERA2010,B,Yes,0806,1203,
423,Designing Pleasurable Products And Interfaces,DPPI,ERA2010,B,No,1203,,
424,Deutsche Arbeitsgemeinschaft für Mustererkennung DAGM e.V,DAGM,ERA2010,B,Yes,0801,,
425,Developments in Language Theory,DLT,ERA2010,B,Yes,0802,,
426,Digital Arts and Culture,DAC,ERA2010,C,No,0806,,
427,Digital Games Research Conference,DIGRA,ERA2010,C,No,0806,,
428,Digital Image Computing Techniques and Applications,DICTA,ERA2010,B,Yes,0801,,
429,DIMACS Workshop on Intrinsic Complexity of Computation,DIMACS Intrinsic,ERA2010,C,No,0802,,
430,Discourse Anaphora and Anaphor Resolution Colloquium,DAARC,ERA2010,C,No,0801,,
431,Discrete and Algorithmic Geometry,DAG,ERA2010,C,No,0802,,
432,"Discrete Models: Combinatorics, Computation and Geometry",DM-CCG,ERA2010,C,No,0802,,
433,Distributed Communities on the Web Workshop,Dcw,ERA2010,C,No,0806,,
434,Domain - Specific Languages for Software Engineering,DSLSE,ERA2010,C,No,0803,,
435,Domain Specific Aspect Languages,DSAL,ERA2010,C,No,0803,,
436,Durability of Building Materials and Components Conference,DBMC,ERA2010,C,No,0905,,
437,Dutch Computational Geometry Day,DutchCG,ERA2010,C,No,0802,,
438,Dynamic Graph Workshop,DGW,ERA2010,C,No,0802,,
439,Dynamic Languages Symposium,DLS,ERA2010,B,Yes,0803,,
440,East Asia Society for Transportation Studies Conference (biennial),EASTS,ERA2010,C,No,1205,,
441,East Asia-Pacific Conference on Structural Engineering and Construction,,ERA2010,B,No,0905,,
442,Ecopolitics,,ERA2010,B,No,1205,,
443,ECRYPT Workshop on Cryptographic Hash Functions,ECRYPT,ERA2010,C,No,0804,,
444,ECRYPT Workshop on Tools for Cryptanalysis,ECRYPT,ERA2010,C,No,0804,,
445,Education and Research in Computer Aided Architectural Design in Europe,eCAADe,ERA2010,B,No,1201,,
446,Educational Data Mining,EDM,ERA2010,B,No,0804,,
447,Embedded Sensor Networks Workshop,Emnets,ERA2010,C,No,1005,,
448,Empirical Methods in Natural Language Processing,EMNLP,ERA2010,A,Yes,0801,,
449,Enabling Grids for E-Science European Conference,EGEE,ERA2010,C,No,0805,,
450,Engineering Education series (organised by Higher Education Academy Engineering Subject Centre UK),,ERA2010,B,No,09,,
451,Entertainment and media in the ubiquitous era (ACM),MINDTREK,ERA2010,B,No,1203,,
452,ENVI and IDL Data Analysis and Visualization Symposium,VISualize,ERA2010,C,No,0801,,
453,Environmental Design Research Association,EDRA,ERA2010,B,No,1203,,
454,ERATO Conference on Quantum Information Science,EQIS,ERA2010,C,No,0802,,
455,ERCIM Annual Workshop on Constraint Solving and Constraint Logic Programming,ERCIM/CSCLP,ERA2010,B,No,0802,,
456,Ershov Conference,PSI,ERA2010,B,No,0806,,
457,ETHICOMP Conference,ETHICOMP,ERA2010,B,Yes,0806,,
458,Euro XR International Conference (was Euro VR),Euro XR,ERA2010,C,Yes,0801,,
459,"EuroConference on Combinatorics, Graph Theory and Applications",EUroComb,ERA2010,C,No,0802,,
460,Eurographics Symposium on Parallel Graphics and Visualization,EGPGV,ERA2010,B,No,0801,,
461,International Conference on Artificial Reality and Telexistance & Eurographics Symposium on Virtual Environments,EGVE,ERA2010,B,Yes,0802,,
462,Eurographics/IEEE Symposium on Visualization,EuroVis,ERA2010,B,Yes,0801,,
463,Euromicro Conference on Real-Time Systems,ECRTS,ERA2010,A,Yes,1005,,
464,Euromicro Conference on Software Engineering and Advanced Applications,SEAA,ERA2010,C,No,0803,,
465,"Euromicro International Conference on Parallel, Distributed and Network Based Processing",PDP,ERA2010,C,No,0805,,
466,Europe-Africa Conference on Wind Engineering,,ERA2010,B,No,0905,,
467,European Academy of Design conferences,EAD,ERA2010,C,No,1203,,
468,European Association for Computational Linguistics,EACL,ERA2010,A,Yes,0801,,
469,European Chapter on Combinatorial Optimization,ECCO,ERA2010,C,No,0802,,
470,European Computing Conference,ECC,ERA2010,C,No,08,,
471,European Conference of Information Warfare,ECIW,ERA2010,C,No,0806,,
472,European Conference on Ambient Intelligence,AmI,ERA2010,C,No,0801,,
473,European Conference on Artificial Intelligence,ECAI,ERA2010,A,Yes,0801,,
474,European Conference on Artificial Life,ECAL,ERA2010,B,No,0801,,
475,European Conference on Computational Biology,ECCB,ERA2010,B,No,0803,,
476,European Conference on Computational Learning Theory (Now in COLT),EuroCOLT,ERA2010,C,No,0801,,
477,European Conference on Computational Mechanics,ECCM,ERA2010,A,No,0905,,
478,European Conference on Computer Supported Cooperative Work,ECSCW,ERA2010,B,No,0806,,
479,European Conference on Computer Vision,ECCV,ERA2010,A,Yes,0801,,
480,European Conference on Digital Government (was European Conference on e-Government ECEG),ECDG,ERA2010,C,Yes,0806,,
481,European Conference on Genetic Programming,EUROGP,ERA2010,B,Yes,0801,,
482,European Conference on Information Management and Evaluation,ECIME,ERA2010,C,No,0806,,
483,European Conference on Information Retrieval,ECIR,ERA2010,B,Yes,0806,,
484,European Conference on Information Systems,ECIS,ERA2010,A,No,0806,,
485,European Conference on Knowledge Management,EKM,ERA2010,B,No,0806,,
486,European Conference on Machine Learning (Joined with PKDD from 2008),ECML,ERA2010,A,No,0801,,
487,European Conference on Numerical Methods in Geotechnical Engineering,NUMGE,ERA2010,A,No,0905,,
488,European Conference on Object-Oriented Programming,ECOOP,ERA2010,A,Yes,0803,,
489,European Conference on Operations Research,EURO,ERA2010,C,No,0802,,
490,European Conference on Pattern Languages of Programs,EuroPLop,ERA2010,B,Yes,0803,,
491,European Conference on Machine Learning and Principles and Practice of Knowledge Discovery in Database (PKDD and ECML combined from 2008),ECML PKDD,ERA2010,A,Yes,0804,,
492,European Conference on Research Methodology for Business and Management Studies,ECRM,ERA2010,C,No,0806,,
493,European Conference on Software Maintenance and Reengineering,CSMR,ERA2010,C,No,0803,,
494,Interspeech (combined EuroSpeech and ICSLP in 2000),Interspeech,ERA2010,A,No,0801,,
495,European Conference on Symbolic and Quantitative Approaches to Reasoning with Uncertainty,ECSQARU,ERA2010,C,Yes,0801,,
496,European Conference on Universal Multiservice Networks,ECUMN,ERA2010,C,No,0805,,
497,International Conference on Embedded Wireless Systems and Networks (wasEuropean Conference on Wireless Sensor Networks),EWSN,ERA2010,A,Yes,1005,,
498,European Congress on Intelligent Techniques and Soft Computing,EUFIT,ERA2010,C,No,0801,,
499,European Graphics Conference,EUROGRAPH,ERA2010,A,No,0801,,
500,European Institute for Computer Anti-Virus Research EICAR Conference,EICAR,ERA2010,C,No,0804,,
501,European Lisp Workshop,ELW,ERA2010,C,No,0803,,
502,European Metallurgical Congress,,ERA2010,B,No,0914,,
503,European Natural Language Generation Workshop,EuroNLG,ERA2010,B,No,0806,,
504,European PKI Workshop: Theory and Practice,EUROPKI,ERA2010,B,No,0803,,
505,European MPI Users' Group Conference,EuroMPI,ERA2010,C,No,0805,,
506,European Signal Processing Conference,EUSIPCO,ERA2010,B,No,1006,,
507,International Conference on Modelling and Simulation,ECMS,ERA2010,B,Yes,0802,,
508,European Simulation Symposium,ESS,ERA2010,B,No,0801,,
510,European SPI,EuroSPI,ERA2010,B,Yes,0806,,
511,European Symposium on Algorithms,ESA,ERA2010,A,Yes,0802,,
512,European Symposium on Artificial Neural Networks,ESANN,ERA2010,B,No,0801,,
513,European Symposium on Gender and ICT,ESGICT,ERA2010,C,No,0899,,
514,European Symposium on Programming,ESOP,ERA2010,A,Yes,0803,,
515,European Symposium On Research In Computer Security,ESORICS,ERA2010,A,Yes,0803,,
516,European Transport Conference,ETC,ERA2010,B,No,1205,,
517,European Turbulence Conference,,ERA2010,A,No,0901,0913,
518,European Workshop on Advanced Mobile Robots,EuroBot,ERA2010,C,No,0910,,
519,European Workshop on Computational Geometry,EuroCG,ERA2010,C,No,0802,,
520,European Workshop on Modelling Autonomous Agents in a Multi-Agent World,MAAMAW,ERA2010,C,No,0801,,
521,European Conference on Multi-Agent Systems,EUMAS,ERA2010,C,Yes,0801,,
522,European Workshop on Security and Privacy in Ad -Hoc and Sensor Networks,ESAS,ERA2010,C,No,0803,,
523,"European, Mediterranean and Middle Eastern Conference on Information Systems",EMCIS,ERA2010,B,No,0806,,
524,European-Japanese Conference on Information Modelling and Knowledge Bases,EJC,ERA2010,C,No,0804,,
525,Eurosys Conference,EuroSys,ERA2010,A,Yes,0803,,
526,"Experiential Knowledge SIG conferences (Design Research Society (DRS) SIG,UK)",,ERA2010,A,No,1203,,
527,Exploring Modelling Methods in Systems Analysis and Design,EMMSAD,ERA2010,C,No,0806,,
528,Extending Database Technology,EDBT,ERA2010,A,Yes,0804,,
529,Extreme Markup Languages,Extreme,ERA2010,C,No,0803,,
530,Far East Workshop on Future DB Systems,FEWFDB,ERA2010,C,Yes,0804,,
531,FIE Frontiers in Education,,ERA2010,A,No,09,,
533,Financial Cryptography and Data Security Conference,FC,ERA2010,A,Yes,0804,,
534,Finite Differences-Finite Elements-Finite Volumes-Boundary Elements,F-and-B,ERA2010,C,No,0801,,
535,FIRA Robot World Congress,FIRA,ERA2010,C,No,0910,,
536,FISITA World Automotive Congress,,ERA2010,B,No,0902,0913,
537,Flexible Query-Answering Systems,FQAS,ERA2010,C,No,0801,,
538,Florida Artificial Intelligence Research Society Conference,FlAIRS,ERA2010,C,Yes,0801,,
539,Formal and Computational Cryptography,FCC,ERA2010,C,No,0804,,
540,International Symposium on Formal Methods (was Formal Methods Europe FME),FM,ERA2010,A,Yes,0802,,
541,Formal Methods in Software Engineering and Defence Systems Workshop,FMSEDS,ERA2010,C,No,0803,,
542,Formal Methods Pacific,FMP,ERA2010,C,No,0802,,
543,Formal Power Series and Algebraic Combinatorics,FPSAC,ERA2010,B,No,0802,,
544,Forum on Specification and Design Languages,FDL,ERA2010,C,No,0804,,
545,Foundations of Aspect-Oriented Languages,FOAL,ERA2010,C,No,0803,,
546,Foundations of Genetic Algorithms,FOGA,ERA2010,A,Yes,0801,,
547,Foundations of Software Science and Computational Structures,FOSSACS,ERA2010,C,Yes,0803,,
548,Foundations of Software Technology and Theoretical Computer Science,FST&TCS,ERA2010,B,Yes,0802,,
549,Franco-Canadian Workshop on Combinatorial Algorithms,ComAI,ERA2010,C,Yes,0802,,
550,French Conference on Knowledge Acquisition and Machine Learning,FCKAML,ERA2010,B,Yes,0801,,
551,French Journées de Géométrie Algorithmique,JGA,ERA2010,C,Yes,0802,,
552,French Speaking Conference on the Extraction and Management of Knowledge,EGC,ERA2010,C,Yes,0801,,
553,Functional and Declarative Programming in Education,FDPE,ERA2010,C,No,0803,,
554,Fundamental Approaches to Software Engineering,FASE,ERA2010,B,Yes,0803,,
555,Game Developers Conference,GDC,ERA2010,C,No,0806,,
556,Genetic and Evolutionary Computations,GECCO,ERA2010,A,Yes,08,09,
557,Geo congress of the Geo-Institute of ASCE,,ERA2010,A,No,0905,,
558,"Geometric Modelling and Imaging, International Conference (IEEE)",GMAI,ERA2010,B,No,1203,,
559,Geometry Festival: An international workshop on Discrete Geometry and Rigidity,GeomFest,ERA2010,C,No,0802,,
560,Geometry Modeling and Processing,GMP,ERA2010,B,No,0802,,
561,GeoShanghai International Conferences,GeoShanghai,ERA2010,A,No,0905,,
562,GeoVisualization and Information Visualization,GeoViz,ERA2010,C,No,0801,,
563,German Conference on Artificial Intelligence,KI,ERA2010,C,Yes,0801,,
564,German Conference on Multi-Agent system Technologies,MATES,ERA2010,B,Yes,0801,,
565,"GI International Conference on Detection of Intrusions and Malware, and Vulnerability Assessment",DIMVA,ERA2010,C,Yes,0803,,
566,GIS Planet Conference,GISPlanet,ERA2010,C,No,0806,,
567,Global Chinese Conference on Computers in Education,GCCCE,ERA2010,C,No,0899,,
568,Global Conference on Sustainable Product Development and Life Cycle Engineering,,ERA2010,B,No,0910,0913,0915
569,Global Information Technology Management Association World Conference,GITMA,ERA2010,B,No,0806,,
570,Globalisation and Landscape Architecture: Issues for Education and Practice,,ERA2010,,No,1201,,
571,Grace Hopper Celebration of Women in Computing,GHC,ERA2010,C,No,0899,,
572,Graph Drawing,GD,ERA2010,A,Yes,0802,,
573,Graphics Interface,GI,ERA2010,B,No,0801,,
574,Haskell Workshop,HASKELL,ERA2010,C,No,0803,,
575,Hawaii International Conference on System Sciences,HICSS,ERA2010,A,No,0806,,
576,Health Informatics Conference,HIC,ERA2010,C,Yes,0806,,
577,Healthy Buildings,HB,ERA2010,A,No,1202,,
578,Hellenic Conference on Artificial Intelligence,SETN,ERA2010,C,Yes,0801,,
579,Heterogeneity in Computing Workshop,HCW,ERA2010,B,No,0805,,
580,High Performance Computing Symposium Canada,HPCS-Canada,ERA2010,C,Yes,0805,,
581,High-Performance Grid Computing Workshop (part of IPDPS Conference),HPGrid,ERA2010,C,No,0805,,
582,Hong Kong Institute of Value Management Conference,HKIVM,ERA2010,A,No,1202,,
583,Human Factors and Ergonomics Conference (Human Factors and Ergonomics Society of Australia),HFESA,ERA2010,C,No,1203,,
584,Human System Interaction,HSI,ERA2010,C,No,0806,,
585,Hungarian National Conference on Agent Based Computation,HUNABC,ERA2010,C,Yes,0801,,
586,Hydraulics in Civil Engineering,,ERA2010,C,No,0905,0907,
587,Hydrology and Water Resources Symposium,,ERA2010,B,No,0905,0907,
588,IASTED International Conference on Biomedical Engineering,,ERA2010,A,No,0903,,
589,IASTED Telehealth and Assistive Technology,,ERA2010,A,No,0903,,
590,IAVoSS Workshop On Trustworthy Elections,WOTE,ERA2010,C,No,0802,,
591,Iberian Conference on Pattern Recognition and Image Analysis,IBPRIA,ERA2010,C,Yes,0801,,
592,IberoAmerican Congress on Pattern Recognition,CIARP,ERA2010,C,Yes,0801,,
593,ICEE- ICEER - International Conference for Engineering Education and Research,,ERA2010,C,No,09,,
594,Identity and Globalisation: Design for the City,,ERA2010,,No,1201,,
595,IEEE Automatic Speech Recognition and Understanding Workshop,ASRU,ERA2010,C,No,0801,,
596,IEEE Bioinformatics and Bioengineering,BIBE,ERA2010,C,No,0803,,
597,IEEE Computational Systems Bioinformatics Conference,CSB,ERA2010,A,No,0803,,
598,IEEE Computer Communications Workshop,CCW,ERA2010,B,No,1005,,
599,IEEE Computer Security Foundations Symposium (was CSFW),CSF,ERA2010,A,Yes,0803,,
600,IEEE Conference in Industrial Electronics and Applications,,ERA2010,A,No,0910,0913,
601,IEEE Conference on Automation Science and Engineering,,ERA2010,B,No,0913,0910,
602,IEEE Conference on Computational Complexity,CCC,ERA2010,B,Yes,0802,,
604,IEEE Conference on Computer Vision and Pattern Recognition,CVPR,ERA2010,A,Yes,0801,,
605,IEEE Conference on Decision and Control,CDC,ERA2010,A,No,1005,,
606,IEEE Conference on Electronic Commerce Technology (merger of CEC and EEE),CEC,ERA2010,C,No,0806,,
607,IEEE Conference on Local Computer Networks,LCN,ERA2010,A,Yes,1006,,
608,IEEE Conference on Mass Storage Systems and Technologies,MSST,ERA2010,C,No,0804,,
609,"IEEE Conference on Robotics, Automation and Mechatronics",,ERA2010,A,No,0913,0910,
610,"IEEE International Conference on Sensing, Communication and Networking",SECON,ERA2010,B,No,1006,,
611,"IEEE Conference on Systems, Man and Cybernetics",SMC,ERA2010,B,No,0806,,
612,IEEE Conference on Ultra Wideband Systems and Technologies,ICUWB,ERA2010,C,No,1005,,
613,IEEE Conference on Wireless Communication and Sensor Networks,WCSN,ERA2010,C,No,1005,,
615,IEEE Congress on Services,SERVICES,ERA2010,B,No,0806,,
616,IEEE Consumer Communications and Networking Conference,IEEE CCNC,ERA2010,B,No,0805,,
617,IEEE EMBS Neural Engineering Conference,,ERA2010,A,No,0903,,
618,IEEE European Conference on Web Services,ECOWS,ERA2010,C,No,0806,,
619,IEEE Global Information Infrastructure Symposium,GIIS,ERA2010,C,No,1005,,
620,IEEE Global Internet Symposium,GI,ERA2010,C,No,0805,,
621,IEEE Global Telecommunications Conference,IEEE GLOBECOM,ERA2010,B,No,1006,,
622,"IEEE Information Theory Workshop on Detection, Estimation, Classification and Imaging",DECI,ERA2010,C,No,0802,,
623,IEEE Information Visualization Conference,IEEE InfoVis,ERA2010,A,No,0801,,
624,IEEE International Augmented Reality Toolkit Workshop,IARTW,ERA2010,C,No,0806,,
625,IEEE International Conference and Workshop on the Engineering of Computer Based Systems,ECBS,ERA2010,B,No,1005,,
626,IEEE International Conference on 3D Systems Integration (combines ASET & 3D),IEEE 3D IC,ERA2010,C,No,0905,,
627,IEEE International Conference on Adaptive and Intelligent Systems,ICAIS,ERA2010,C,No,0801,,
628,IEEE International Conference on Advanced Learning Technologies,ICALT,ERA2010,B,Yes,1203,,
629,IEEE International Conference on Automatic Face and Gesture Recognition,FG,ERA2010,C,Yes,0801,,
630,IEEE International Conference on Autonomic Computing,ICAC,ERA2010,B,Yes,0805,,
631,IEEE International Conference on Cloud Computing,CLOUD,ERA2010,B,Yes,0806,,
632,IEEE International Conference on Cluster Computing,CLUSTER,ERA2010,A,Yes,0805,,
633,IEEE International Conference on Cognitive Informatics,ICCI,ERA2010,C,No,0801,,
634,IEEE International Conference on Communications,ICC,ERA2010,B,No,1006,,
635,IEEE International Conference on Computational Cybernetics,ICCC,ERA2010,C,No,0801,,
636,IEEE International Conference on Computational Intelligence for Measurement Systems and Applications,CIMSA,ERA2010,C,No,0801,,
637,IEEE International Conference on Computer and Information Technology,CIT,ERA2010,C,No,08,,
638,IEEE International Conference on Computer Vision,ICCV,ERA2010,A,Yes,0801,,
639,IEEE International Conference on Control Applications,CCA,ERA2010,B,No,1006,,
640,IEEE International Conference on COTS-Based Software Systems,ICCBSS,ERA2010,C,No,0803,,
641,IEEE International Conference on Cybernetics and Intelligent Systems,CIS,ERA2010,C,No,0801,,
642,IEEE International Conference on Data Mining,ICDM,ERA2010,A,Yes,0804,,
643,IEEE International Conference on Digital EcoSystems and Technologies Conference,IEEE DEST,ERA2010,C,No,0806,,
644,IEEE International Conference on Distributed Computing in Sensor Systems,DCOSS,ERA2010,B,No,0805,,
645,IEEE International Conference on e-Business Engineering,ICEBE,ERA2010,B,No,0804,1203,
646,IEEE International Conference on Engineering of Complex Computer Systems,ICECCS,ERA2010,A,Yes,1005,,
647,"IEEE International Conference on Enterprise Computing, E-Commerce and E-Services",EEE,ERA2010,C,No,0806,,
648,IEEE International Conference on e-Science and Grid Computing,e-Science,ERA2010,A,Yes,0805,,
649,IEEE International Conference on Fuzzy Systems,FUZZ-IEEE,ERA2010,A,Yes,0801,,
650,IEEE International Conference on Global Software Engineering,ICGSE,ERA2010,C,Yes,0803,,
651,IEEE International Conference on Granular Computing,GrC,ERA2010,C,No,0801,,
652,IEEE International Conference on High Performance Computing and Communications,HPCC,ERA2010,B,Yes,0805,,
653,IEEE International Conference on High Performance Computing and Simulation,IEEE HPCS,ERA2010,B,Yes,0805,,
654,IEEE International Conference on Image Processing,ICIP,ERA2010,B,Yes,0801,,
655,IEEE International Conference on Industrial and Information Systems,ICIIS,ERA2010,C,No,1005,,
656,IEEE International Conference on Information and Automation,IEEE ICIA,ERA2010,C,No,0801,,
657,IEEE International Conference on Information Reuse and Integration,IRI,ERA2010,C,No,0804,,
658,IEEE International Conference on Intelligence and Security Informatics,ISI,ERA2010,C,No,0803,,
659,IEEE International Conference on Intelligence for Homeland Security and Personal Safety,CIHSPS,ERA2010,C,No,0801,,
660,IEEE International Conference on Intelligent Computer Communication and Processing,ICCP,ERA2010,C,No,0801,,
661,IEEE International Conference on Intelligent Systems,IEEE IS,ERA2010,C,No,0801,,
662,IEEE International Conference on Mechatronics and Automation,,ERA2010,B,No,0913,0910,
663,IEEE International Conference on Mobile Ad-hoc and Sensor Systems,MASS,ERA2010,B,No,1006,,
664,IEEE International Conference on Multimedia and Expo,ICME,ERA2010,B,Yes,0801,,
665,IEEE International Conference on Networks,ICON,ERA2010,B,No,1006,,
666,IEEE International Conference on Neural Networks,ICNN,ERA2010,B,No,0801,,
667,IEEE International Conference on Parallel Processing Workshops,WoPP,ERA2010,C,No,0805,,
668,IEEE International Conference on Peer to Peer Computing,P2P,ERA2010,C,No,0806,,
669,IEEE International Conference on Pervasive Computing and Communications,PERCOM,ERA2010,A,Yes,0805,,
670,IEEE International Conference on Radio Frequency Identification,IEEE RFID,ERA2010,B,No,1006,,
671,IEEE International Conference on Robotics and Biomimetics,,ERA2010,B,No,0903,,
672,IEEE International Conference on Robots and Automation,,ERA2010,A,No,0913,0910,
673,IEEE International Conference on Service-Oriented Computing and Applications,SOCA,ERA2010,C,No,0806,,
674,IEEE International Conference on Software Services Engineering (previously IEEE International Conference on Services Computing SCC),IEEE SSE,ERA2010,A,Yes,0806,,
675,IEEE International Conference on Signal Processing and Communication,ICSPC,ERA2010,C,No,1005,,
676,"IEEE International Conference on Software Maintenance and Evolution (prior to 2014 was ICSM, IEEE International Conference on Software Maintenance)",ICSME,ERA2010,A,Yes,0803,,
677,IEEE International Conference on Telecommunications,ICT,ERA2010,C,No,1005,,
678,IEEE International Conference on Web Services,ICWS,ERA2010,A,Yes,0806,,
679,"IEEE International Conference on Wireless and Mobile Computing, Networking and Communications",WiMob,ERA2010,C,Yes,1005,,
680,IEEE International Conference on Wireless Information Technology and Systems,ICWITS,ERA2010,B,No,0805,,
681,IEEE International Dynamic Spectrum Access Networks Symposium,IEEE DYSPAN,ERA2010,B,No,1005,,
682,IEEE International Enterprise Distributed Object Computing Conference,EDOC,ERA2010,B,Yes,0806,,
683,IEEE International Geoscience and Remote Sensing Symposium,IGARSS,ERA2010,C,No,0801,,
684,IEEE International High Level Design Validation and Test Workshop,HLDVT,ERA2010,C,No,1005,,
685,IEEE International Joint Conference on Neural Networks,IJCNN,ERA2010,A,Yes,0801,,
686,IEEE International Multioptic Conference,INMIC,ERA2010,C,No,08,,
687,On-Line Testing and Robust System Design,IOLTS,ERA2010,C,Yes,0803,,
688,IEEE International Parallel and Distributed Processing Symposium (was IPPS and SPDP),IPDPS,ERA2010,A,Yes,0805,,
689,IEEE International Performance Computing and Communications Conference,IPCCC,ERA2010,B,Yes,0805,,
690,IEEE International Requirements Engineering Conference,RE,ERA2010,A,Yes,0803,,
691,"IEEE International Symposium on a World of Wireless, Mobile and Multimedia Networks",WoWMoM,ERA2010,A,Yes,1006,,
692,IEEE International Symposium on Adaptive Dynamic Programming and Reinforcement Learning,IEEE ADPRL,ERA2010,C,No,0802,,
693,IEEE International Symposium on Artificial Life,IEEE Alife,ERA2010,A,Yes,0801,,
694,IEEE International Symposium on Biomedical Imaging,,ERA2010,A,No,0903,,
695,"IEEE International Symposium on Cluster, Cloud and Grid Computing",CCGRID,ERA2010,A,Yes,0805,,
696,International Symposium on Distributed Simulation and Real Time Applications,DS-RT,ERA2010,B,Yes,0805,0806,
697,IEEE International Symposium on Electronics and the Environment,,ERA2010,B,No,0910,0907,
698,IEEE International Symposium on High Assurance Systems Engineering,HASE,ERA2010,B,Yes,0803,,
699,IEEE International Symposium on Information Theory,ISIT,ERA2010,B,Yes,0804,,
700,IEEE International Symposium on Intelligent Control,ISIC,ERA2010,B,No,1005,,
701,IEEE International Symposium on Multimedia,ISM,ERA2010,C,No,0801,,
702,IEEE International Symposium on Network Computing and Applications,NCA,ERA2010,A,Yes,0805,,
703,IEEE International Symposium on Real-Time Distributed Computing,ISORC,ERA2010,C,Yes,0805,,
704,IEEE International Symposium on Parallel and Distributed Processing with Applications,ISPA,ERA2010,B,Yes,0805,,
705,IEEE International Symposium on Performance Analysis of Systems and Software,ISPASS,ERA2010,C,Yes,0803,,
706,IEEE International Symposium on Personal and Indoor Mobile Radio Conference,PIMRC,ERA2010,B,No,1006,,
707,IEEE International Symposium on Security in Networks and Distributed Systems,SSNDS,ERA2010,C,No,0803,,
708,IEEE International Symposium on Wearable Computers,ISWC,ERA2010,A,Yes,0806,,
709,IEEE International Symposium on Web Systems Evolution,WSE,ERA2010,C,No,0806,,
710,IEEE International Test Conference,ITC,ERA2010,B,Yes,1005,,
711,IEEE International Working Conference on Mining Software Repositories,MSR,ERA2010,C,Yes,0804,,
712,IEEE International Workshop on Cellular Nanoscale Networks and Applications,CNNA,ERA2010,C,No,0801,,
713,IEEE International Workshop on Databases for Next-Generation Researchers,SWOD,ERA2010,C,No,0804,,
714,IEEE International Workshop on Future Trends of Distributed Computing Systems,FTDCS,ERA2010,C,No,0805,,
715,IEEE International Workshop on Neural Networks for Signal Processing,NNSP,ERA2010,C,No,0801,,
716,IEEE International Workshop on Object-Oriented Real-Time Dependable Systems,WORDS,ERA2010,B,No,1005,,
717,IEEE International Workshop on Quality of Service,IWQoS,ERA2010,B,No,0805,,
718,IEEE International Working Conference on Source Code Analysis and Manipulation,SCAM,ERA2010,C,Yes,0803,,
719,IEEE International Workshop on the Value of Security through Collaboration,SECOVAL,ERA2010,C,No,1005,,
720,IEEE International Working Conference on Software Visualisation,VISSOFT,ERA2010,B,No,0801,,
722,IEEE Latin-American Conference on Communications,latincom,ERA2010,C,No,1005,,
723,IEEE Network Operations and Management Symposium,NOMS,ERA2010,B,Yes,1006,,
724,IEEE Pacific Visualization Symposium (was APVIS),PacificVis,ERA2010,B,Yes,0801,,
725,IEEE Real-Time and Embedded Technology and Applications Symposium,RTAS,ERA2010,A,Yes,1006,,
726,IEEE Software Engineering Workshop,SEW,ERA2010,C,No,0803,,
727,IEEE Swarm Intelligence Symposium,IEEE SIS,ERA2010,C,No,0801,,
728,IEEE Symposium on 3D User Interfaces,3DUI,ERA2010,B,No,0801,,
729,IEEE Symposium on Advanced Management of Information for Globalized Enterprises,AMIGE,ERA2010,C,No,0806,,
731,IEEE Symposium on Computational Intelligence and Data Mining,CIDM,ERA2010,C,No,0801,0804,
732,Conference on Games (was Computational Intelligence and Games CIG),COG,ERA2010,C,Yes,0801,,
733,IEEE Symposium on Computational Intelligence for Financial Engineering,IEEE CIFEr,ERA2010,C,No,0801,,
734,IEEE Symposium on Computational intelligence for Image Processing,IEEE CIIP,ERA2010,C,No,0801,,
735,IEEE Symposium on Computational intelligence for Multimedia Signal and Vision Processing,IEEE CIMSIVP,ERA2010,C,No,0801,,
736,IEEE Symposium on Computational Intelligence for Security and Defence Applications,IEEE CISDA,ERA2010,C,No,0801,,
737,IEEE Symposium on Computational Intelligence in Bioinformatics and Computational Biology,CIBCB,ERA2010,C,No,0801,,
738,IEEE Symposium on Computational Intelligence in Control and Automation,IEEE CICA,ERA2010,C,No,0801,,
739,IEEE Symposium on Computational Intelligence in Cyber Security,IEEE CICS,ERA2010,C,No,0801,0805,
740,IEEE Symposium on Computational Intelligence in Image and Signal Processing,CIISP,ERA2010,C,No,0801,,
741,IEEE Symposium on Computational Intelligence in Multi-Criteria Decision-Making,IEEE MCDM,ERA2010,C,No,0801,,
742,IEEE Symposium on Computational Intelligence in Scheduling,IEEE CI-Sched,ERA2010,C,No,0801,,
743,IEEE Symposium on Computer Arithmetic,ARITH,ERA2010,C,No,0803,,
744,IEEE Symposium on Computers and Communications,ISCC,ERA2010,B,Yes,08,,
745,IEEE Symposium on Foundations of Computer Science,FOCS,ERA2010,A,Yes,0802,,
746,IEEE Symposium on High-Performance Interconnects,HOTI,ERA2010,B,No,0805,,
747,IEEE Symposium on Intelligent Agents,IEEE IA,ERA2010,C,No,0801,,
748,IEEE Symposium on Logic in Computer Science,LICS,ERA2010,A,Yes,0802,,
749,IEEE International Symposium on Rapid System Prototyping (was IEEE Symposium on Rapid Prototyping),RSP,ERA2010,C,No,0803,,
750,IEEE Symposium on Security and Privacy,SP,ERA2010,A,Yes,0802,0803,
751,IEEE Symposium on Visual Analytics Science and Technology,IEEE VAST,ERA2010,C,No,0802,,
752,IEEE Symposium on Visual Languages and Human-Centric Computing (was VL),VL/HCC,ERA2010,A,Yes,0806,,
753,IEEE Symposium on VLSI Circuits,VLSIC,ERA2010,A,No,1005,,
754,IEEE Systems and Information Engineering Design Symposium,SIEDS,ERA2010,C,No,08,,
755,IEEE Systems Conference,SysCon,ERA2010,C,No,1005,,
756,IEEE Region 10 Conference,Tencon,ERA2010,C,No,1005,1006,
757,IEEE Vehicular Technology Conference,VTC,ERA2010,B,Yes,0902,,
758,IEEE Conference on Virtual Reality and 3D User Interfaces,VR,ERA2010,B,Yes,0801,,
759,IEEE Visualization,IEEE VIS,ERA2010,A,Yes,0801,,
760,IEEE Wireless Communications and Networking Conference,WCNC,ERA2010,B,No,1006,,
761,IEEE Working Conference on Reverse Engineering,WCRE,ERA2010,B,No,0803,,
762,IEEE Workshop on Advances in Techniques for Analysis of Remotely Sensed Data,WARDS,ERA2010,C,No,0802,,
763,IEEE Workshop on Applications of Computer Vision,WACV,ERA2010,A,Yes,0801,,
764,IEEE Workshop on Computational Intelligence for Visual Intelligence,IEEE CIVI,ERA2010,C,No,0801,,
765,IEEE Workshop on Computational Intelligence in Aerospace Applications,IEEE CIAA,ERA2010,C,No,0801,,
766,"IEEE Workshop on Computational Intelligence in Biometrics: Theory, Algorithms, and Applications",IEEE CIB,ERA2010,C,No,0801,,
767,IEEE Workshop on Computational Intelligence in Vehicles and Vehicular Systems,IEEE CIWS,ERA2010,C,No,0801,,
768,IEEE Workshop on Computational Intelligence in Virtual Environments,IEEE CIVE,ERA2010,C,No,0801,,
769,IEEE Workshop on Evolvable and Adaptive Hardware,IEEE WEAH,ERA2010,C,No,0801,,
770,IEEE Workshop on Evolving and Self-Developing Intelligent Systems,IEEE ESDIS,ERA2010,C,No,0801,,
771,IEEE Workshop on High Performance Switching and Routing,HPSR,ERA2010,C,No,1005,,
772,IEEE Workshop on Hot Topics in Web Systems and Technologies,HotWeb,ERA2010,B,No,0806,,
773,IEEE Workshop on Hybrid Intelligent Models and Applications,IEEE HIMA,ERA2010,C,No,0801,,
774,IEEE Workshop on Memetic Algorithms,IEEE WOMA,ERA2010,C,No,0801,,
776,IEEE Workshop on Organic Computing,IEEE OC,ERA2010,C,No,0801,,
777,IEEE Workshop on Robotic Intelligence in Informationally Structured Space,IEEE RiiSS,ERA2010,C,No,0801,,
778,IEEE Workshop on Speech Coding,SCW,ERA2010,C,No,0801,,
779,IEEE Workshop on Wireless Mesh Networks,WiMesh,ERA2010,C,No,1005,,
780,IEEE World Congress on Computational Intelligence,WCCI,ERA2010,A,No,09,,
781,IEEE WoWMoM Workshop on Hot Topics in Mesh Networking,HotMESH,ERA2010,C,No,1005,,
782,IEEE/ACIS International Conference on Computer and Information Science,ICIS,ERA2010,C,No,08,,
783,IEEE/ACM International Conference on Computer-Aided Design,ICCAD,ERA2010,A,Yes,0801,,
784,IEEE/ACM International Conference on Grid Computing,GRID,ERA2010,A,No,0805,,
785,IEEE/ACM International Symposium on Mixed and Augmented Reality,ISMAR,ERA2010,A,Yes,0801,,
786,IEEE/IFAC Computer Aided Control System Design,CACSD,ERA2010,B,No,1006,,
787,IEEE/IFIP International Conference on Dependable Systems and Networks,DSN,ERA2010,A,Yes,0803,,
788,IEEE/IFIP International Conference on Embedded and Ubiquitous Computing,EUC,ERA2010,C,No,0806,,
789,IEEE/IFIP International Conference on Information Technology for Balanced Automation Systems,BASYS,ERA2010,B,No,0902,,
790,"International Conference on Trust, Security and Privacy in Computing and Communications",TrustCom,ERA2010,A,Yes,0803,,
791,International Conference on Software Architecture (was previously WICSA),ICSA,ERA2010,A,Yes,0803,,
792,IEEE/RSJ International Conference on Intelligent Robots and Systems,IROS,ERA2010,A,Yes,0913,0910,
794,IEEE/WIC/ACM International Conference on Web Intelligence (previously joint with Intelligent Agent Technology WI-IAT),WI,ERA2010,C,Yes,0801,,
795,IEEE-RAS International Conference on Humanoid Robots,Humanoids,ERA2010,C,No,0902,,
796,IFAC Conference on System Structure and Control,SSSC,ERA2010,C,No,0803,,
797,"IFAC Symposium on Fault Detection, Supervision and Safety of Technical Processes",SAFEProcess,ERA2010,C,No,1005,,
798,IFIP Conference on Biologically Inspired Collaborative Computing,BICC,ERA2010,C,No,0801,,
799,IFIP Congress (Information Processing),Information Processing,ERA2010,C,No,08,,
800,IFIP International Conference on Broadband Communications,BC,ERA2010,C,No,1005,,
801,IFIP International Conference on Distributed Applications and Interoperable Systems,DAIS,ERA2010,B,Yes,0805,,
802,IFIP International Conference on Open Distributed Processing,ODP,ERA2010,B,No,0805,,
803,IFIP International Conference on Theoretical Computer Science,IFIP TCS,ERA2010,C,No,0802,,
804,IFIP Information Security & Privacy Conference,IFIP SEC,ERA2010,B,Yes,0804,0806,
805,"IFIP Joint International Conference on Formal Description Techniques and Protocol Specification, Testing, And Verification",FORTE,ERA2010,A,Yes,0803,,
806,IFIP International Conference on Networking,Networking,ERA2010,A,Yes,1006,,
807,IFIP TC13 Conference on Human-Computer Interaction,Interact,ERA2010,A,Yes,0806,1203,
808,IFIP Working Conference on Visual Database Systems,VDbS,ERA2010,C,Yes,0804,,
809,IFIP Working Conferences on Virtual Enterprises,PRO-VE,ERA2010,C,No,0806,,
810,IFIP International Conference on Network and Parallel Computing,NPC,ERA2010,C,No,0805,,
811,IFIP/ACM Working Conference on Component Deployment,CD,ERA2010,B,No,0803,,
812,IFIP/IEEE International Symposium on Integrated Management (even years sharing with NOMS),IM,ERA2010,A,Yes,1006,,
813,International Conference on Network and Service Management (amalgamation of DSOM and related workshops from 2010),CNSM,ERA2010,B,Yes,0805,,
814,IFSA World Congress,IFSA,ERA2010,B,Yes,0801,,
815,IGIP - international Society for Engineering Education Annual Meeting,,ERA2010,C,No,09,,
816,IMA International Conference on Cryptography and Coding,IMACC,ERA2010,B,Yes,0803,0804,
817,Image and Vision Computing Conference,IVCNZ,ERA2010,B,Yes,0801,,
818,Indoor Air,IA,ERA2010,A,No,1202,,
819,Inductive Logic Programming,ILP,ERA2010,B,No,0802,,
820,Industrial Simulation Conference,ISC,ERA2010,C,No,0806,,
821,Informatics Education Europe,IEE,ERA2010,C,No,0899,,
822,Information Integration and Web-based Applications and Services,IIWAS,ERA2010,C,Yes,0806,,
823,Information Processing in Sensor Networks,IPSN,ERA2010,A,Yes,1006,,
825,Information Security Practice and Experience Conference,ISPEC,ERA2010,B,Yes,0803,,
826,Information Security Symposium,CERIAS,ERA2010,C,No,0803,,
827,Information Security Conference,ISC,ERA2010,C,Yes,0806,,
828,Information Systems Education Conference,ISECON,ERA2010,B,No,0806,,
829,Information Systems Research Seminar in Scandinavia,IRIS,ERA2010,C,Yes,0806,,
830,Information Theory Workshop,ITW,ERA2010,B,Yes,0804,,
831,Information Visualisation Theory and Practice,InfVis,ERA2010,C,No,0801,,
832,Information Visualization Evaluation,IVE,ERA2010,C,No,0801,,
833,Information Visualization in Biomedical Informatics,IVBI,ERA2010,C,No,0801,,
834,Informing Science and Information Technology Education,InSITE,ERA2010,C,No,0899,,
835,Infrastructure and Environment (International Postgraduate Conference),IPC,ERA2010,B,No,1202,,
836,Innovative Applications in AI,IAAI,ERA2010,B,No,0801,,
837,International Conference on Innovations for Community Services (was Innovative Internet Computer Systems IICS until 2014),I4CS,ERA2010,C,Yes,0806,,
838,Institute for Small Business and Entrepreneurship Annual Conference,ISBE,ERA2010,C,No,0806,,
839,Int. Workshop on Formal Methods for Industrial Critical Systems,FMICS,ERA2010,C,No,0802,,
840,Int. Workshop on Multi-Media Data Base Management Systems,IW-MMDBMS,ERA2010,C,No,0804,,
841,Integrated Data Environments Australia Workshop,IDEAW,ERA2010,C,Yes,0804,,
842,Integrated Formal Methods,IFM,ERA2010,B,Yes,0802,,
843,Integration of Software Engineering and Agent Technology,ISEAT,ERA2010,B,No,0801,0803,
844,"Intelligence Tools, Data Mining, Visualization",IDV,ERA2010,C,No,0801,,
845,Intelligent Data Analysis,IDA,ERA2010,A,Yes,0804,,
847,Intelligent Systems in Molecular Biology,ISMB,ERA2010,A,Yes,0803,,
848,Intelligent Vehicles Symposium,IEEE IV,ERA2010,B,No,0902,,
849,Intelligent Virtual Agents,IVA,ERA2010,B,Yes,0801,,
850,Interaction,Interaction,ERA2010,C,No,0806,,
851,Interaction Design and Children (ACM),IDC,ERA2010,B,Yes,1203,,
852,Interactive Entertainment,IE,ERA2010,B,No,0899,,
853,Interior Design Educators Association (IDEA) Conference,IDEA,ERA2010,B,No,1201,,
854,Interiors Forum Scotland conference,IFS,ERA2010,B,No,1201,,
855,"Interiors Forum World, Politecnico di Milano",IFW,ERA2010,B,No,1201,,
856,International and Interdisciplinary Conference on Modelling and Using Context,CONTEXT,ERA2010,C,No,0802,,
857,International Association for the Study of Traditional Environments (US),IASTE,ERA2010,B,No,1201,,
858,International Association of Ergonomics Societies Congress,IEA,ERA2010,B,No,1203,,
859,International Association of Societies of Design Research,IASDR,ERA2010,B,No,1201,1203,
860,International Atlantic Web Intelligence Conference,AWIC,ERA2010,C,No,0801,,
861,International Baltic Conference on Databases and Information Systems,DB&IS,ERA2010,B,No,0804,,
862,International Business Information Management,IBIMA,ERA2010,B,No,0806,,
863,International Cognitive Robotics Conference,COGROBO,ERA2010,B,No,0801,,
864,International Colloquium on Automata Languages and Programming,ICALP,ERA2010,A,Yes,0802,,
865,"International Colloquium on Data Sciences, Knowledge Discovery and Business Intelligence",DSKDB,ERA2010,C,No,0801,,
866,International Colloquium on Structural Information and Communication Complexity,SIROCCO,ERA2010,B,No,0802,,
867,International Colloquium on Theoretical Aspects of Computing,ICTAC,ERA2010,B,Yes,0802,,
868,International Command and Control Research and Technology Symposium,ICCRTS,ERA2010,C,No,0905,1006,
869,International Computer Science Conference,ICSC,ERA2010,B,No,08,,
870,International Computer Science Symposium in Russia,CSR,ERA2010,C,Yes,0802,,
871,International Computer Software and Applications Conference,COMPSAC,ERA2010,B,Yes,0803,,
872,International Computing Education Research Workshop,ICER,ERA2010,B,Yes,0899,,
873,International Conference and Exhibition on High Performance Computing in the Asia-Pacific Region,HPC Asia,ERA2010,B,Yes,0805,,
874,"International Conference Computer Graphics, Imaging and Visualization",CGIV,ERA2010,C,No,0801,,
875,"International Conference for Bulk Materials Storage, Handling and Transportation",,ERA2010,A,No,0910,0913,0915
876,International Conference Formal Concept Analysis Conference,ICFCA,ERA2010,C,No,0801,,
877,"International Conference Imaging Science, Systems and Technology",CISST,ERA2010,C,No,0801,,
878,International Conference in Business Process Management,BPM,ERA2010,A,No,0806,,
879,"International Conference of Broadband Communication, Information Technology and Biomedical Applications",broadcom,ERA2010,C,No,1005,,
880,International Conference of Society for Group Decision and Negotiation,GDN,ERA2010,B,No,0806,,
881,International Conference of the International Association for Computer Methods and Advances in Geomechanics,IACMAG,ERA2010,A,No,0905,,
882,"International Conference Abstract State Machines, Alloy, B, TLA, VDM, and Z (Previously International Conference of B and Z Users, ZB, changed in 2008)",ABZ,ERA2010,C,No,0803,,
884,International Conference on 3G Mobile Communication Technologies,3G,ERA2010,C,No,0801,,
885,International Conference on Adaptive and Natural Computing Algorithms,ICANNGA,ERA2010,C,No,0801,,
886,International Conference on AD-HOC Networks and Wireless,ADHOC-NOW,ERA2010,B,Yes,1005,,
887,International Conference on Advanced Computing and Communications,AdCom,ERA2010,B,No,0805,,
888,International Conference on Advanced Data Mining and Applications,ADMA,ERA2010,B,Yes,0804,,
889,International Conference on Advanced Information Management,IMS,ERA2010,C,No,0806,,
890,International Conference on Advanced Information Networking and Applications (was ICOIN),AINA,ERA2010,B,No,0805,,
891,International Conference on Advanced Information Systems Engineering,CaiSE,ERA2010,A,Yes,0806,,
892,International Conference on Advanced Language Processing and Web Information Technology,ALPIT,ERA2010,C,No,0806,,
893,International Conference on Advanced Materials Processing,,ERA2010,B,No,0910,0913,
894,International Conference on Advances and Trends in Engineering Materials and Their Applications,,ERA2010,A,No,0910,0913,
895,International Conference on Advances in Computer-Human Interactions,ACHI,ERA2010,C,No,0806,,
896,"International Conference on Advances in Infrastructure for Electronic Business, Science, and Education on the Internet",SSGRR,ERA2010,C,No,0806,,
897,International Conference on Advances in Intelligent Systems: Theory and Applications,AISTA,ERA2010,B,No,0801,0806,
898,International Conference on Advances in Materials and Processing Technologies,,ERA2010,A,No,0910,0913,
899,International Conference on Advances in Mobile Computing and Multimedia,MOMM,ERA2010,B,Yes,0805,1203,
900,International Conference on Advances in Pattern Recognition and Digital Techniques,ICAPRDT,ERA2010,C,No,0801,,
901,International Conference on Affective Computing and Intelligent,ACII,ERA2010,C,Yes,0801,,
902,International Conference on Agents and Artificial Intelligence,ICAART,ERA2010,C,Yes,0801,,
903,International Conference On Agile Manufacturing,,ERA2010,A,No,0910,0913,0915
904,International Conference on Algebraic and Logic Programming,ALP,ERA2010,B,No,0802,,
905,International Conference on Algorithms and Architectures for Parallel Processing,ICA3PP,ERA2010,B,Yes,0805,,
906,International Conference on Algorithms and Complexity (was Italian Conference ),CIAC,ERA2010,C,No,0802,,
907,International Conference on Applied Cryptography and Network Security,ACNS,ERA2010,B,Yes,0803,,
908,"International Conference on Application-specific Systems, Architectures and Processors",ASAP,ERA2010,A,No,0805,,
909,International Conference on Artificial Intelligence,IC-AI,ERA2010,C,No,0801,,
910,International Conference on Artificial Intelligence and Law,ICAIL,ERA2010,C,No,0801,,
911,International Conference on Artificial Intelligence and Pattern Recognition,AIPR,ERA2010,C,No,0801,,
912,International Conference on Artificial Intelligence and Soft Computing,ICAISC,ERA2010,C,No,0801,,
913,International Conference on Artificial Intelligence and Statistics,AISTATS,ERA2010,B,Yes,0801,,
914,International Conference on Artificial Intelligence in Science and Technology,AISAT,ERA2010,C,No,0801,,
915,International Conference on Artificial Neural Networks,ICANN,ERA2010,B,Yes,0801,,
916,International Conference on Artificial Reality and Telexistence,ICAT,ERA2010,B,No,0801,,
917,"ArtsIT, Interactivity & Game Creation (was International Conference on Arts and Technology)",ArtsIT,ERA2010,C,Yes,0801,0806,
918,International Conference on Automated Deduction,CADE,ERA2010,A,Yes,0801,,
919,International Conference on Automated Planning and Scheduling,ICAPS,ERA2010,A,Yes,1005,,
920,"International Conference on Automation, Robotics and Control Systems",ARCS,ERA2010,C,No,0910,,
921,International Conference on Advanced and Trusted Computing (was International Conference on Autonomic and Trusted Computing),ATC,ERA2010,C,No,0803,,
922,"International Joint Conference on Autonomous Agents and Multiagent Systems (previously the International Conference on Multiagent Systems, ICMAS, changed in 2000)",AAMAS,ERA2010,A,Yes,0801,,
923,"International Conference on Availability, Reliability and Security",ARES,ERA2010,B,Yes,0803,,
924,International Conference on Biomedical and Pharmaceutical Engineering,,ERA2010,B,No,0903,,
925,"International Conference on Broadband Communications, Networks and Systems",Broadnets,ERA2010,B,Yes,1005,,
926,International Conference on Business Information Systems,BIS,ERA2010,B,No,0806,,
927,"International Conference on CAD/CAM, Robotics and Factories of the Future",RFF,ERA2010,C,No,0910,,
928,International Conference on Case-Based Reasoning,ICCBR,ERA2010,C,Yes,0801,,
929,International Conference on Chinese Computing,ICCC,ERA2010,C,No,0899,,
930,"International Conference on Civil, Structural and Environmental Engineering Computing",CIVIL-COMP,ERA2010,A,No,09,,
931,IEEE International Conference on Cloud Computing Technology and Science (International Conference on Cloud Computing pre 2010),CloudCom,ERA2010,C,No,0806,,
932,International Conference on Coastal Engineering,,ERA2010,A,No,0905,,
933,"International Conference on Collaborative Computing: Networks, Applications and Worksharing",CollaborateCom,ERA2010,C,Yes,0806,,
934,International Conference on Communication System Software and Middleware,COMSWARE,ERA2010,C,No,0803,,
935,International Conference on Communications in Computing,CIC,ERA2010,C,No,0805,,
936,International Conference on Compiler Construction,CC,ERA2010,A,Yes,0803,,
937,"International Conference on Compilers, Architecture, and Synthesis for Embedded Systems",CASES,ERA2010,A,Yes,1006,,
938,International Conference on Complex Systems,CxS,ERA2010,C,No,0905,,
939,"International Conference on Complex, Intelligent and Software Intensive Systems",CISIS,ERA2010,C,No,0805,,
940,International Conference on Composite Materials,,ERA2010,A,No,0910,0913,
941,International Conference on Computability and Complexity in Analysis,CCA,ERA2010,C,No,0802,,
942,International Conference on Computational Collective Intelligence,ICCCI,ERA2010,C,Yes,0801,,
943,International Conference on Computational Engineering Science,ICES,ERA2010,C,No,0802,,
944,International Conference on Computational Intelligence and Multimedia,ICCIMA,ERA2010,C,No,0801,,
945,International Conference on Computational Intelligence and Security,CIS,ERA2010,C,No,0803,,
946,International Conference on Computational Intelligence and Software Engineering,CISE,ERA2010,C,Yes,0801,0804,0803
947,"International Conference on Computational Intelligence for Modelling, Control and Automation",CIMCA,ERA2010,C,No,0801,,
948,"International Conference on Computational Intelligence, Robotics and Autonomous Systems",CIRAS,ERA2010,C,No,0801,,
949,International Conference on Computational Linguistics,COLING,ERA2010,A,Yes,0801,,
950,International Conference on Computational Molecular Biology,RECOMB,ERA2010,B,No,0802,,
951,International Conference on Computational Plasticity,COMPLAS,ERA2010,A,No,0905,0913,
952,International Conference on Computational Science,ICCS,ERA2010,A,Yes,0802,,
953,International Conference on Computational Science and its Applications,ICCSA,ERA2010,C,No,0802,,
954,International Conference on Computational Semiotics for Games and New Media,Cosign,ERA2010,C,No,0801,,
955,International Conference on Computer Analysis of Images and Patterns,CAIP,ERA2010,B,Yes,0801,,
957,SIGGRAPH Asia,SiggraphA,ERA2010,B,Yes,0801,,
958,"Joint Conference on Computer Vision, Imaging and Computer Graphics Theory and Applications (GRAPP and VISAPP combined from 2008)",VISIGRAPP,ERA2010,A,Yes,0801,,
959,"International Conference on Computer Graphics, Virtual Reality, Visualisation and Interaction in Africa",AFRIGRAPH,ERA2010,C,No,0801,,
960,International Conference on Computer Information Systems and Industrial Management Applications,CISIM,ERA2010,C,No,0806,,
961,"International Conference on Computer Safety, Reliability and Security",SAFECOMP,ERA2010,B,No,0803,,
962,International Conference on Computer Supported Cooperative Work in Design,CSCWD,ERA2010,B,Yes,0806,1203,
963,International Conference on Computer Theory and Applications,ICCTA,ERA2010,C,No,0801,,
964,International Conference on Computer Vision Systems,ICVS,ERA2010,C,No,0801,,
965,International Conference on Computers and their Applications,CATA,ERA2010,C,No,08,,
966,International Conference on Computers Helping People with Special Needs,ICCHP,ERA2010,C,No,0899,,
967,International Conference on Computers in Education,ICCE,ERA2010,B,Yes,0899,,
968,International Conference on Computers in Urban Planning and Urban Management,CUPUM,ERA2010,A,No,1205,,
969,International Conference on Computing and Combinatorics,COCOON,ERA2010,A,No,0802,,
970,International Conference on Computing and Informatics,ICOCI,ERA2010,C,No,0806,,
971,International Conference on Conceptual Modelling,ER,ERA2010,A,Yes,0804,,
972,International Conference on Conceptual Structures,ICCS,ERA2010,B,No,0802,,
973,International Conference on Concurrency Theory,CONCUR,ERA2010,A,Yes,0802,,
974,International Conference on Construction and Real Estate Management,ICCREM,ERA2010,B,No,1202,,
975,International Conference on Construction Engineering and Management,ICCEM,ERA2010,C,No,0905,,
976,International Conference on Construction in Developing Countries,ICCIDC,ERA2010,C,No,1202,,
977,"International Conference on Control, Automation, Robotics and Vision",ICARCV,ERA2010,A,Yes,0909,,
978,International Conference on Convergence and Hybrid Information Technology,ICHIT,ERA2010,C,No,0899,,
979,International Conference on Cooperative Information Systems,CoopIS,ERA2010,A,Yes,0806,,
980,International Conference on Coordination Models and Languages,Coordination,ERA2010,A,Yes,0803,,
981,International Conference on Creating Connecting and Collaborating through Computing,C5,ERA2010,C,No,0806,,
982,International Conference on Cryptology and Network Security,CANS,ERA2010,B,No,0803,,
983,International Conference on Cryptology in India,INDOCRYPT,ERA2010,B,No,0804,,
984,International Conference on Cybercrime Forensics Education and Training,CFET,ERA2010,C,No,0801,0803,
985,International Conference on Cyberworlds (was International Symposium on Cyberworlds),CW,ERA2010,B,Yes,0802,,
986,International Conference on Data Engineering,ICDE,ERA2010,A,Yes,0804,,
987,International Conference on Database and Expert Systems Applications,DEXA,ERA2010,B,Yes,0801,0804,0806
988,International Conference on Database Systems for Advanced Applications,DASFAA,ERA2010,C,Yes,0804,,
989,International Conference on Database Theory,ICDT,ERA2010,A,Yes,0804,,
990,International Conference on Declarative Programming and Knowledge Management (no information after 2013),INAP,ERA2010,C,No,0802,,
991,International Conference on Dependability of Computer Systems,DEPCoS,ERA2010,C,No,0803,,
992,"International Conference on Dependable, Autonomic and Secure Computing",DASC,ERA2010,C,No,0803,,
993,International Conference on Design Science Research in Information Systems and Technology,DESRIST,ERA2010,A,No,0806,,
994,International Conference on Design Theory and Methodology (ASME),DTM,ERA2010,A,No,1203,,
995,"International Conference on Digital Content, Multimedia Technology and its Applications",IDC,ERA2010,C,No,0806,,
996,International Conference on Digital Government Research,DGO,ERA2010,B,No,0806,,
997,International Conference on Digital Society,ICDS,ERA2010,C,No,0899,,
998,International Conference on Discrete Geometry for Computer Imagery,DGCI,ERA2010,C,No,0802,,
999,International Conference on Discrete Mathematics and Theoretical Computer Science,DMTCS,ERA2010,B,No,0802,,
1000,International Conference on Distributed Computing and Internet Technologies,ICDCIT,ERA2010,C,No,0805,,
1001,International Conference on Distributed Computing and Networking,ICDCN,ERA2010,B,Yes,0805,,
1002,International Conference on Distributed Computing Systems,ICDCS,ERA2010,A,Yes,0805,,
1003,International Conference on Distributed Frameworks for Multimedia Applications,DFMA,ERA2010,C,No,0805,,
1004,International Conference on Dublin Core and Metadata Applications,DC,ERA2010,C,No,0804,,
1005,International Conference on e-Business,ICEB,ERA2010,B,No,0806,,
1006,International Conference on Electronic Commerce,ICEC,ERA2010,C,No,0806,,
1007,International Conference on Electronic Commerce and Web Technology,ECWeb,ERA2010,B,No,0806,,
1008,International Conference on Electronic Voting,EVOTE,ERA2010,C,No,0804,,
1009,International Conference on Email and Anti-Spam,CEAS,ERA2010,B,No,0806,,
1010,International Conference on Embedded Software and Systems,ICESS,ERA2010,C,No,0905,,
1011,International Conference on Engineering Applications of Neural Networks,EANN,ERA2010,C,Yes,0801,,
1012,International Conference on Engineering Computational Technology,,ERA2010,B,No,0910,0905,0913
1013,"International Conference on Engineering Design (ICED), The Design Society",ICED,ERA2010,B,No,1203,,
1014,International Conference on Engineering Education,ICEE,ERA2010,C,No,0999,,
1015,International Conference on Enhancement and Promotion of Computational Methods in Engineering and Science,,ERA2010,A,No,0910,0913,0905
1016,International Conference on Enterprise Information Systems,ICEIS,ERA2010,C,No,0806,,
1017,International Conference on Enterprise Information Systems and Web Technologies,EISWT,ERA2010,C,No,0806,,
1018,International Conference on Enterprise Integration and Modelling Technology,ICEIMT,ERA2010,C,No,0806,,
1019,International Conference on Entertainment Computing,ICEC,ERA2010,C,No,0806,,
1020,International Conference on Environmental Systems,ICES,ERA2010,A,No,1202,,
1021,International conference on ER fluids and MR suspensions,,ERA2010,A,No,0913,0915,
1022,International Conference on Evaluation and Assessment in Software Engineering,EASE,ERA2010,A,Yes,0803,,
1023,International Conference on Evaluation of Novel Approaches to Software Engineering,ENASE,ERA2010,B,Yes,0803,,
1025,International Conference on Experimental Implementation of Quantum Computation,QuantCom,ERA2010,C,No,0802,,
1026,"International Conference on Agile Software Development (chnaged in 2010, was International Conference on extreme Programming and Flexible Processes in Software Engineering)",XP,ERA2010,B,No,0803,,
1027,International Conference on Fast Sea Transportation,,ERA2010,A,No,0911,0913,
1028,International Conference on Field and Service Robotics,FSR,ERA2010,A,No,0910,,
1029,"International Conference on Fluid Control, Measurements, and Visualization",,ERA2010,B,No,0913,0901,0915
1030,International Conference on Fluid Mechanics,,ERA2010,B,No,0913,0901,0915
1031,International Conference on Formal Engineering Methods,ICFEM,ERA2010,B,Yes,0803,,
1032,International Conference on Formal Methods for Open Object-Based Distributed Systems,FMOOD,ERA2010,C,No,0899,,
1033,International Conference on Formal Ontology in Information Systems,FOIS,ERA2010,A,Yes,0806,,
1034,International Conference on Foundation on Data Organization,FODO,ERA2010,A,No,0804,,
1035,International Conference on Frontiers of Handwriting Recognition,ICFHR,ERA2010,B,No,0801,,
1036,International Conference on Frontiers of Information Technology,FIT,ERA2010,C,No,08,,
1037,International Conference on Functional Programming,ICFP,ERA2010,A,Yes,0803,,
1038,International Conference on Fuzzy Systems and Knowledge Discovery,FSKD,ERA2010,C,No,0801,,
1039,International Conference on Generative Programming and Component Engineering,GPCE,ERA2010,B,No,0803,,
1040,International Conference on Genetic Algorithms,ICGA,ERA2010,B,No,0801,,
1041,International Conference on GeoComputation,GeoComp,ERA2010,C,No,0909,,
1042,International Conference on Graph Transformations,ICGT,ERA2010,B,Yes,0802,,
1043,International Conference on Grid and Cooperative Computing,GCC,ERA2010,C,No,0805,,
1044,"International Conference on Green, Pervasive and Cloud Computing (was Grid and Pervasive Computing)",GPC,ERA2010,C,No,0805,,
1045,International Conference on Grid Computing and Applications,GCA,ERA2010,C,No,0805,,
1046,"International Conference on Grid computing, high-performance and Distributed Applications",GADA,ERA2010,C,No,0805,,
1047,International Conference on Health Informatics,Healthinf,ERA2010,C,No,0806,,
1048,International Conference on High Performance Computing,HiPC,ERA2010,A,Yes,0805,,
1049,"International Conference on High Performance Computing, Networking and Communication Systems",HPCNCS,ERA2010,B,No,0805,1006,
1050,International Conference on High Performance Scientific Computing,HPSC,ERA2010,C,No,0805,,
1051,International Conference on High Performance Yacht Design,,ERA2010,A,No,0911,0913,
1052,International Conference on High-Performance Clustered Computing (International Conference on Linux Clusters),LCI,ERA2010,C,No,0805,,
1053,International Conference on Human Factors in Computing Systems,CHI,ERA2010,A,Yes,0806,1203,
1054,International Conference on Human-Computer Interaction with Mobile Devices and Services,MobileHCI,ERA2010,B,Yes,0806,,
1055,International Conference on Hybrid Artificial Intelligence Systems,HAIS,ERA2010,C,No,0801,,
1056,International Conference on Hybrid Intelligent Systems,HIS,ERA2010,C,No,0801,,
1057,International Conference on Hydroinformatics,,ERA2010,C,No,0905,0907,
1058,International Conference on Image Analysis and Processing,ICIAP,ERA2010,B,No,0801,,
1059,International Conference on Image and Graphics,ICIG,ERA2010,C,No,0801,,
1060,International Conference on Image and Signal Processing,ICISP,ERA2010,C,Yes,0801,,
1061,International Conference on Immersive Telecommunications,IMMERSCOM,ERA2010,C,No,0801,,
1062,International Conference on Implementation and Application of Automata,CIAA,ERA2010,B,Yes,0801,,
1063,"International Conference on Indoor Air Quality, Ventilation and Energy Conservation in Buildings",IAQVEC,ERA2010,A,No,1202,,
1064,International Conference on Industrial and Engineering Applications of Artificial Intelligence and Expert Systems,IEA/AIE,ERA2010,C,Yes,0801,,
1065,International Conference on Informatics Education and Research,AIS SIGED: IAIM,ERA2010,B,Yes,0806,,
1066,International Conference on Information and Communication Technologies and Development,ICTD,ERA2010,C,No,08,,
1067,International Conference on Information and Communication Technologies in Tourism,ENTER,ERA2010,C,No,0806,,
1068,International Conference on Information and Communications Security,ICICS,ERA2010,B,Yes,0803,,
1069,International Conference on Information and Communications Technology,ICICT,ERA2010,C,No,08,,
1070,International Conference on Information and Emerging Technologies,ICIET,ERA2010,C,No,08,,
1071,International Conference on Information and Knowledge Engineering,IKE,ERA2010,C,No,0801,,
1072,International Conference on Information Fusion,FUSION,ERA2010,C,No,0802,,
1073,International Conference on Information Processing and Management of Uncertainty,IPMU,ERA2010,C,Yes,0806,,
1074,International Conference on Information Resources Management,Conf-IRM,ERA2010,B,No,0806,,
1075,International Conference on Information Security and Assurance,ISA,ERA2010,C,No,0803,,
1076,International Conference on Information Security and Cryptography,SECRYPT,ERA2010,B,Yes,0804,,
1077,International Conference on Information Security and Cryptology,ICISC,ERA2010,B,No,0804,,
1078,International Conference on Information Systems,ICIS,ERA2010,A,Yes,0806,,
1079,International Conference on Information Systems Analysis and Synthesis,ISAS,ERA2010,C,No,0806,,
1080,International Conference on Information Systems Development,ISD,ERA2010,A,No,0806,,
1081,International Conference on Information Systems Security,ICISS,ERA2010,B,No,0803,,
1082,International Conference on Information Systems Technology and its Application,ISTA,ERA2010,B,No,0806,,
1083,International Conference on Information Technology and Applications,ICITA,ERA2010,C,No,08,,
1084,International Conference on Information Technology Interfaces,ITI,ERA2010,C,No,08,,
1085,International Conference on Information Technology: Coding and Computing,ITCC,ERA2010,C,No,0803,,
1086,International Conference on Information Theoretic Security,ICITS,ERA2010,C,No,0803,,
1087,International Conference on Information Visualisation,IV,ERA2010,B,Yes,0801,1203,
1088,"International Conference on Information, Communications and Signal Processing",ICICS,ERA2010,B,No,0806,,
1089,"International Conference on Innovation in Architecture, Engineering and Construction",AEC,ERA2010,C,No,0905,1201,
1090,International Conference on Integration of Artificial Intelligence and Operations Research Techniques in Constraint Programming for Combinatorial Optimization Problems,CPAIOR,ERA2010,B,Yes,0801,,
1091,"International Conference on Intelligent Agents, Web Technologies, and Internet Commerce",IAWTIC,ERA2010,B,No,0806,,
1092,International Conference on Intelligent and Advanced Systems,ICIAS,ERA2010,C,No,1005,,
1093,International Conference on Intelligent Data Engineering and Automated Learning,IDEAL,ERA2010,C,No,08,,
1094,International Conference on Intelligent Pervasive Computing,IPC,ERA2010,C,No,0805,,
1095,"International Conference on Intelligent Sensors, Sensor Networks and Information Processing",ISSNIP,ERA2010,B,No,0902,,
1096,International Conference on Intelligent Systems,ICIL,ERA2010,C,No,0801,,
1097,International Conference on Intelligent Systems and Knowledge Engineering,ISKE,ERA2010,B,No,0801,,
1098,International Conference on Intelligent Systems Designs and Applications,ISDA,ERA2010,C,No,0801,,
1099,International Conference on Intelligent Text Processing and Computational Linguistics,CICLING,ERA2010,B,Yes,0801,,
1100,International Conference on Intelligent Tutoring Systems,ITS,ERA2010,A,Yes,0801,,
1101,International Conference on Intelligent User Interfaces,IUI,ERA2010,A,Yes,0806,,
1102,"International Conference on Interaction Sciences: Information Technology, Culture and Human",ICIS,ERA2010,C,No,0806,,
1103,International Conference on International and Communication Technologies,ICICTE,ERA2010,C,No,08,,
1104,International Conference on Internet and Web Applications and Services,ICIW,ERA2010,C,No,0806,,
1105,International Conference on Internet Computing,IC,ERA2010,B,No,0806,,
1106,International Conference on Internet Computing in Science and Engineering,ICICSE,ERA2010,C,Yes,0805,,
1107,International Conference on Internet Monitoring and Protection,ICIMP,ERA2010,C,No,0803,,
1108,International Conference on Internet Technologies and Applications,ITA,ERA2010,B,No,0806,,
1109,International Conference on Knowledge Discovery and Data Mining,WKDD,ERA2010,C,No,0804,,
1110,International Conference on Knowledge Engineering and Knowledge Management,EKAW,ERA2010,B,Yes,0806,,
1111,International Conference on Knowledge Engineering and Ontology Development,KEOD,ERA2010,C,Yes,0801,,
1112,"International Conference on Knowledge Science, Engineering and Management",KSEM,ERA2010,B,Yes,0801,,
1113,International Conference on Knowledge-Based and Intelligent Information and Engineering Systems,KES,ERA2010,B,No,0806,,
1114,International Conference on Knowledge-based Intelligent Electronic Systems,KIES,ERA2010,C,No,0801,,
1115,International Conference on Language and Automata Theory and Applications,LATA,ERA2010,C,No,0802,,
1116,International Conference on Leading Edge Manufacturing in 21st Century,,ERA2010,A,No,0910,0913,
1117,International Conference on Legal Knowledge and Information Systems,JURIX,ERA2010,C,No,0806,,
1118,International Conference on Liquid Atomization and Spray Systems,,ERA2010,A,No,0902,0913,
1119,International Conference on Logic Programming,ICLP,ERA2010,A,Yes,0802,,
1120,International Conference on Logic Programming and Non-monotonic Reasoning,LPNMR,ERA2010,A,Yes,0802,,
1121,International Conference on Machine Learning,ICML,ERA2010,A,Yes,0801,,
1122,International Conference on Machine Learning and Applications,ICMLA,ERA2010,C,No,0801,,
1123,International Conference on Machine Learning and Cybernetics,ICMLC,ERA2010,C,No,0801,,
1124,International Conference on Machine Vision,ICMV,ERA2010,C,Yes,0801,,
1125,International Conference on Management of Data,COMAD,ERA2010,B,Yes,0806,,
1126,International Conference on Management of Technology,IAMOT,ERA2010,C,No,10,,
1127,International Conference on Massively Parallel Computing Systems,MPCS,ERA2010,B,No,0805,,
1128,"International Conference on Mechanics of structures, Materials and System",,ERA2010,B,No,0910,0905,
1129,International Conference on Medical Information  Visualisation,MediVis,ERA2010,C,No,0801,,
1130,International Conference on Metal Forming,,ERA2010,A,No,0910,0913,
1131,International Conference on Mobile and Ubiquitous Systems: Networks and Services,Mobiquitous,ERA2010,A,Yes,0805,,
1132,International Conference on Mobile Business,ICMB,ERA2010,C,No,0805,,
1133,International Conference on Mobile Data Management,MDM,ERA2010,C,Yes,0804,,
1134,"International Conference on Mobile Ubiquitous Computing, Systems, Services and Technologies",UBICOMM,ERA2010,C,Yes,0805,,
1135,International Conference on Modal Analysis,,ERA2010,A,No,0905,0913,
1136,International Conference on Model Transformation,ICMT,ERA2010,B,No,0803,,
1137,"International Conference on Modeling, Simulation and Visualization Methods",MSV,ERA2010,C,No,10,,
1138,International Conference on Modelling and Diagnostics For Advanced Engine Systems,,ERA2010,A,No,0902,0913,
1140,International Conference on Modelling Decisions for Artificial Intelligence,MDAI,ERA2010,B,No,0801,,
1141,"IASTED International Conference on Modelling, Simulation and Optimisation",ICMSO,ERA2010,C,Yes,0801,,
1143,International Conference on Multimedia Modelling,MMM,ERA2010,C,Yes,0806,,
1144,International Conference on Multimodal Interaction (was International Conference on Multimodal Interfaces),ICMI,ERA2010,B,Yes,0806,,
1145,International Conference on Natural Computation,ICNC,ERA2010,C,No,0801,,
1146,International Conference on network and System Security,NSS,ERA2010,B,Yes,0803,,
1147,International Conference on Network Protocols,ICNP,ERA2010,A,Yes,1006,,
1148,International Conference on Networked Computing,INC,ERA2010,C,No,0805,,
1149,International Conference on Networking and Mobile Computing,ICCNMC,ERA2010,C,No,1005,,
1150,"International Conference on Networking, Sensing and Control",ICNSC,ERA2010,C,No,0902,,
1151,International Conference on Networks and Communications,NetCoM,ERA2010,C,No,1005,,
1152,International Conference on Neural Information Processing,ICONIP,ERA2010,A,Yes,0801,,
1153,"International Conference on Neural, Parallel and Scientific Computations",NPSC,ERA2010,C,No,0801,,
1154,International Conference on New Forming Technology,,ERA2010,A,No,0910,0913,
1155,International Conference on New Trends of Information and Service Science,NISS,ERA2010,C,No,0806,,
1156,International Conference on Next Generation Web Services Practices,NWESP,ERA2010,C,No,0806,,
1157,International Conference on Next Generation Wired/Wireless Advanced Networking,NEW2AN,ERA2010,C,No,1005,,
1158,International Conference on Numerical Methods in Industrial Forming Processes,,ERA2010,A,No,0910,0913,
1159,"International Conference on Ocean, Offshore and Arctic Engineering",,ERA2010,A,No,0911,0913,0907
1160,International Conference on Optimization: Techniques And Applications,ICOTA,ERA2010,C,No,0802,,
1161,International Conference on Pairing-based Cryptography,Pairing,ERA2010,C,No,0804,,
1162,"International Conference on Parallel and Distributed Computing, Applications and Technologies",PDCAT,ERA2010,B,Yes,0805,,
1163,International Conference on Parallel and Distributed Processing Techniques and Applications,PDPTA,ERA2010,B,No,0805,,
1164,International Conference on Parallel and Distributed Systems,ICPADS,ERA2010,B,No,0805,,
1165,International Conference on Parallel Architecture and Compilation Techniques,PACT,ERA2010,A,Yes,0805,,
1167,International Conference on Parallel Processing,ICPP,ERA2010,A,Yes,0805,,
1168,International Conference on Parallel Processing and Applied Mathematics,PPAM,ERA2010,C,No,0805,,
1169,International Conference on Pattern Recognition,ICPR,ERA2010,B,No,0801,,
1170,International Conference on Persuasive Technology,Persuasive,ERA2010,B,Yes,0806,,
1171,International Conference on Pervasive Computing (Joined with UbiComp from 2013),PERVASIVE,ERA2010,A,No,0805,1203,
1172,International Conference on Pervasive Computing and Applications,ICPCA,ERA2010,C,No,0805,,
1173,International Conference on Pervasive Services,ICPS,ERA2010,C,No,0805,,
1174,International Conference on Pressure Surges,,ERA2010,A,No,0905,,
1175,International Conference on Principles and Practice of Constraint Programming,CP,ERA2010,A,Yes,0803,,
1176,International Conference on Principles and Practice of Declarative Programming,PPDP,ERA2010,B,Yes,0803,,
1177,International Conference on Principles of Distributed Systems,OPODIS,ERA2010,B,No,0805,,
1179,"International Conference on Probability, Statistics and Operational Research",PSOR,ERA2010,C,No,0802,,
1180,International Conference on Product Research,,ERA2010,B,No,0910,0913,0915
1181,"IEEE International Conference on Program Comprehension (previously IWPC, changed in 2006)",ICPC,ERA2010,C,Yes,0803,,
1182,International Conference on Provable Security,ProvSec,ERA2010,B,Yes,0803,,
1183,International Conference on Qualitative Research in IT & IT in Qualitative Research,QualIT,ERA2010,B,No,0806,,
1184,"International Conference on Heterogeneous Networking for Quality, Reliability, Security and Robustness (was International Conference on Quality of Service in Heterogeneous Wired/Wireless Networks)",Qshine,ERA2010,B,Yes,1006,,
1185,"Software Quality, Reliability, and Security (was International Conference on Quality Software, QSIC, that merged with SERE 2015)",QRS,ERA2010,B,Yes,0803,,
1186,International Conference on Embedded and Real Time Computing Systems and Applications,RTCSA,ERA2010,B,Yes,1006,,
1187,International Conference on Recent Advances in Information Technology and Applications,RAITA,ERA2010,C,No,08,,
1188,International Conference on Recent Advances in Natural Language Processing,RANLP,ERA2010,C,No,0801,,
1189,International Conference on Relational and AlgebraicMethods in Computer Science (was International Conference on Relational Methods in Computer Science RelMiCS),RAMiCS,ERA2010,C,No,0802,,
1190,"International Conference on Relations, Orders and Graphs: Interaction with Computer Science",ROGICS,ERA2010,C,No,0802,,
1191,International Conference on Reliable Software Technologies,Ada-Europe,ERA2010,A,Yes,0803,,
1192,International Conference on Research Challenges in Information Science,RCIS,ERA2010,B,Yes,0806,,
1193,International Conference on Risks and Security of Internet and Systems,CRiSIS,ERA2010,C,No,0803,,
1194,"International Conference on Robotics, Vision, Signal Processing and Power Applications (was ROVPIA)",RoVISP,ERA2010,C,No,0910,,
1195,International Joint Conference on Rough Sets (2014 International Conference on Rough Sets and Current Trends in Computing joined with 3 others),IJCRS (was RSCTC),ERA2010,C,Yes,0801,,
1196,RuleML: International Web Rule Symposium (pre 2007 was 'International Conference on Rules and Rule Markup Languages for the Semantic Web'),RuleML,ERA2010,C,Yes,0806,,
1197,International Conference on Scientific and Statistical Data Base Management,SSDBM,ERA2010,A,Yes,0804,,
1198,International Conference on Security and Privacy for Communication Networks,SecureComm,ERA2010,A,Yes,0803,,
1199,International Conference on Security in Pervasive Computing,ICSPC,ERA2010,A,No,0806,,
1200,International Conference on Security of Information and Networks,SIN,ERA2010,C,No,0803,,
1201,International Conference on Semantic and Digital Media Technologies,SAMT,ERA2010,C,No,0806,,
1202,International Conference on Semantics Knowledge and Grid,SKG,ERA2010,C,No,0806,,
1203,International Conference on Sequences and their Applications,SETA,ERA2010,B,No,0802,,
1204,International Conference on Service Oriented Computing,ICSOC,ERA2010,A,Yes,0805,,
1205,International Conference on Shock and Impact Loads on Structures,,ERA2010,B,No,0905,,
1206,International Conference on Software and Data Technologies,ICSoft,ERA2010,B,Yes,0803,,
1207,International Conference on Software Composition,SC,ERA2010,B,No,0803,,
1208,International Conference on Software Development,SWDC,ERA2010,B,No,0803,,
1209,International Conference on Software Engineering,ICSE,ERA2010,A,Yes,0803,,
1210,International Conference on Software Engineering Advances,ICSEA,ERA2010,C,No,0803,,
1211,International Conference on Software Engineering and Formal Methods,SEFM,ERA2010,B,Yes,0803,,
1212,International Conference on Software Engineering and Knowledge Engineering,SEKE,ERA2010,B,Yes,0801,0803,
1213,International Conference on Software Engineering Theory and Practice,SETP,ERA2010,C,No,0803,,
1214,"International Conference on Software Engineering, Artificial Intelligence, Networking and Parallel/Distributed Computing",SNPD,ERA2010,C,No,08,,
1215,International Conference on Software Language Engineering,SLE,ERA2010,B,Yes,0803,,
1216,"International Conference on Intelligent Software Methodologies, Tools, and Techniques (was International Conference on Software Methods and Tools)",SoMeT,ERA2010,B,Yes,0803,,
1217,International Conference on Software and System Processes (was ICSP prior to 2011),ICSSP,ERA2010,A,Yes,0803,,
1218,Joint Conference of the International Workshop on Software Measurement and the International Conference on Software Process and Product Measurement (IWSM and Mensura combined from 2007),IWSM Mensura,ERA2010,C,No,0804,,
1219,International Conference on Software Quality Management,SQM,ERA2010,C,No,0803,,
1220,International Conference on Software Reuse,ICSR,ERA2010,A,Yes,0803,,
1221,"International Conference on Software Testing, Verification and Validation",ICST,ERA2010,C,Yes,0803,,
1222,International Conference on Soil Mechanics and Geotechnical Engineering,ICSMGE,ERA2010,A,No,0905,,
1223,International Conference on Spoken Language Processing,ICSLP,ERA2010,C,No,0801,,
1224,International Conference on Steel Rolling,,ERA2010,A,No,0910,0913,
1225,International Conference on Structural Health Monitoring of Intelligent Infrastructure,,ERA2010,A,No,0905,,
1226,International Conference on Surface Finishing Technology and Surface Engineering,ICSFT2008,ERA2010,A,No,0910,0913,0915
1227,International Conference on Sustainability in Energy and Buildings,SEB,ERA2010,A,No,1201,1202,
1228,International Conference on Sustainable Construction Materials and Technologies,SCMT,ERA2010,B,No,1202,,
1229,International Conference on Systems Engineering,ICSEng,ERA2010,C,No,0803,,
1230,"International Conference on Systems Research, Informatics and Cybernetics",ICSRIC,ERA2010,C,No,0806,,
1231,International Conference on Systems Thinking in Management,STM,ERA2010,C,No,0806,,
1232,International Conference on Technology and Business Management,ICTBM,ERA2010,C,No,0806,,
1233,International Conference on Technology of Plasticity,,ERA2010,A,No,0910,0913,
1234,International Conference on Telecom Technology and Applications,ICTTA,ERA2010,C,No,1005,,
1235,International Conference on Temporal Logic,ICTL,ERA2010,A,No,0802,,
1236,International Conference on Tests and Proofs,TAP,ERA2010,B,Yes,0803,,
1237,International Conference on the Application and Theory of Petri Nets and Concurrency,Petri Nets,ERA2010,B,No,0802,,
1238,International Conference on the Foundations of Digital Games,FDG,ERA2010,C,No,0801,,
1239,International Conference on the Principles of Knowledge Representation and Reasoning,KR,ERA2010,A,Yes,0801,0802,
1240,International Conference on the Simulation and Synthesis of Living Systems,ALIFE,ERA2010,A,Yes,0801,,
1241,International Conference on the Statistical Analysis of Textual Data,JADT,ERA2010,C,No,0804,,
1242,International Conference on the Theory and Application of Cryptographic Techniques,EuroCrypt,ERA2010,A,Yes,0804,,
1243,International Conference on the Theory and Application of Cryptology and Information Security,ASIACRYPT,ERA2010,A,Yes,0804,,
1244,"International Conference on Model Driven Engineering Languages and Systems (Previously UML, changed in 2005)",MODELS,ERA2010,B,Yes,0806,,
1245,"Conference on Interactive Theorem Proving (previously TPHOLs, changed in 2009)",ITP,ERA2010,A,Yes,0802,,
1246,International Conference on Theorem Proving with Analytic Tableaux and Related Methods,TABLEAUX,ERA2010,A,Yes,0802,,
1247,International Conference on Theoretical and Mathematical Foundations of Computer Science,TMFCS,ERA2010,C,No,0802,,
1248,International Conference on Theoretical and Methodological Issues in machine Translation,TMI,ERA2010,B,No,0801,,
1249,International Conference on Theory and Applications of Computational Science,TACS,ERA2010,C,No,0802,,
1250,International Conference on Theory and Applications of Satisfiability Testing,SAT,ERA2010,A,Yes,0802,,
1251,International Conference on Tools with Artificial Intelligence,ICTAI,ERA2010,B,Yes,0801,,
1252,International Conference on Trust Management,iTrust,ERA2010,C,No,0803,,
1253,"International Conference on Trust, Privacy and Security in Digital Business",TrustBus,ERA2010,B,Yes,0803,,
1254,International Conference on Ubiquitous Intelligence and Computing,UIC,ERA2010,B,Yes,0801,,
1255,International Conference on Unconventional Computation and Natural Computation (was International Conference on Unconventional Computation),UC,ERA2010,C,No,0802,,
1256,International conference on unsaturated soils,Unsat,ERA2010,A,No,0905,,
1257,International Conference on Urban Drainage,,ERA2010,A,No,0905,0907,
1259,"International Conference on User Modelling, Adaptation, and Personalization (was AH and UM)",UMAP,ERA2010,B,Yes,0806,,
1260,"International Meeting on High Performance Computing for Computational Science (previously International Meeting Vector and Parallel Processing, changed in 2002)",VECPAR,ERA2010,B,No,0805,,
1261,International Conference on Very Large Databases,VLDB,ERA2010,A,Yes,0804,,
1262,International Conference on Virtual Execution Environments,VEE,ERA2010,A,Yes,0803,,
1263,International Conference on Virtual Storytelling (merged into ICIDS in 2008),ICVS,ERA2010,C,No,0899,,
1264,International Conference on Virtual Systems and MultiMedia,VSMM,ERA2010,B,Yes,0806,1203,
1265,International Conference on Vision Theory and Applications (Joined with GRAPP from 2008),VISAPP,ERA2010,C,No,0801,,
1266,International Conference on Visual Information Systems,VISUAL,ERA2010,C,No,0801,0806,
1267,International Conference on VLSI Design,VLSID,ERA2010,C,No,1005,,
1268,International Conference on Water Sensitive Urban Design,,ERA2010,B,No,0905,0907,
1269,International Conference on Web Engineering,ICWE,ERA2010,C,Yes,0806,,
1270,International Conference on Web Information Systems and Technologies,WEBIST,ERA2010,C,Yes,0806,,
1271,International Conference on Web Information Systems Engineering,WISE,ERA2010,A,Yes,0805,,
1272,International Conference on Web-Age Information Management,WAIM,ERA2010,C,No,0806,,
1273,International Conference on Web-based Modelling and Simulation,WebSim,ERA2010,C,No,0801,0805,
1274,International Conference on Wind Engineering,,ERA2010,A,No,0905,,
1275,International Conference on Wired / Wireless Internet Communications,WWIC,ERA2010,B,No,1005,,
1276,"International Conference on Wireless Communications, Networking and Mobile Computing",WiCOM,ERA2010,C,No,1005,,
1277,International Conference on Worldwide Computing and Its Applications,WWCA,ERA2010,C,No,0899,,
1278,International Conference Software and Systems Engineering and their Applications,ICSSEA,ERA2010,C,No,0803,,
1279,International Conference on Practice and Theory in Public Key Cryptography,PKC,ERA2010,B,Yes,0803,,
1280,"International Conferences in Central Europe on Computer Graphics, Visualization and Computer Vision",WSCG,ERA2010,B,No,0801,,
1281,International Conferences on Advances in Steel Structures,,ERA2010,A,No,0905,,
1282,International Conferences on Progress of Machining Technology,,ERA2010,A,No,0910,0913,
1283,International Congress Aeronautical Sciences,,ERA2010,B,No,0901,0913,
1284,International Congress of Chinese Mathematicians,ICCM,ERA2010,C,No,0802,,
1285,International Congress of Construction History,ICCH,ERA2010,B,No,1201,,
1286,International Congress of Mathematicians,ICM,ERA2010,C,No,0802,,
1287,International Congress of Theoretical and Applied Mechanics,,ERA2010,A,No,0913,,
1288,International Congress on Computational and Applied Mathematics,ICCAM,ERA2010,C,No,0802,,
1289,International Congress on Fracture,,ERA2010,A,No,0913,0901,
1290,International Congress on Industrial and Applied Mathematics,,ERA2010,B,No,0910,0913,
1291,International Congress on Modelling and Simulation,MODSIM,ERA2010,C,No,0801,,
1292,International Construction Management and Economics Conference,SIBRAGEC,ERA2010,B,No,1202,,
1293,International Corrosion Congress,,ERA2010,A,No,0913,,
1294,"International Council for Research and Innovation in Building and Construction (CIB) Meetings, Workshops, Symposia, Conferences",CIB,ERA2010,A,No,1202,,
1295,International Crashworthiness Conference,,ERA2010,B,No,0902,0903,0913
1296,International CSI Computer Conference,CSICC,ERA2010,C,No,0802,,
1297,International Database Engineering and Applications Symposium,IDEAS,ERA2010,B,Yes,0804,,
1298,International Fatigue Congress,,ERA2010,A,No,0901,0913,0910
1299,International Ferroalloy Congress,,ERA2010,A,No,0914,,
1300,International Forum on Applied Wearable Computing,IFAWC,ERA2010,C,No,0806,,
1301,International French Speaking Conference on Logic and Constraint Programming,JFPLC,ERA2010,C,No,0802,,
1302,International Frontiers of Algorithmics Workshop,FAW,ERA2010,B,No,0802,,
1303,International FLINS Conference on Robotics and Artificial Intelligence (was International Fuzzy Logic and Intelligent technologies in Nuclear Science Conference),FLINS,ERA2010,B,Yes,0801,,
1304,International Geostatistics Congress,,ERA2010,A,No,0914,,
1305,International Group for Lean Construction Conference,IGLC,ERA2010,A,No,1202,,
1306,International Heavy Haul Association Conference,,ERA2010,A,No,0913,0905,0915
1307,International Heavy Haul Conference,,ERA2010,A,No,0913,0905,0915
1308,International ICSC Congress on Intelligent Systems and Applications,IICISA,ERA2010,C,No,0801,,
1309,International IEEE Security in Storage Workshop,SISW,ERA2010,C,No,0803,,
1310,International IEEE Workshop on Software Evolvability,SE,ERA2010,C,No,0803,,
1311,International Conference on Information Technology in Regional Areas,ITiRA,ERA2010,C,No,0899,0806,
1312,International Joint Conference CAAP/FASE on Theory and Practice of Software Development,TAPSOFT,ERA2010,C,No,0803,,
1313,International Joint Conference on Artificial Intelligence,IJCAI,ERA2010,A,Yes,0801,,
1314,International Joint Conference on Automated Reasoning,IJCAR,ERA2010,A,Yes,0801,,
1315,International Joint Conference on e-Business and Telecommunications,ICETE,ERA2010,C,No,0806,,
1316,"International Joint Conference on Knowledge Discovery, Knowledge Engineering and Knowledge Management",IC3K,ERA2010,C,Yes,08,10,
1317,International Joint Conference on Natural Language Processing,IJCNLP,ERA2010,B,No,0801,,
1318,International Joint Conference on Qualitative and Quantitative Practical Reasoning,ESQARU,ERA2010,A,No,0801,,
1319,International Joint Workshop on Computational Creativity,IJWCC,ERA2010,B,No,1203,,
1320,International KES Conference on Agents and Multiagent systems - Technologies and Applications,KES AMSTA,ERA2010,C,No,0801,,
1321,International Machine Vision and Image Processing Conference,IMVIP,ERA2010,C,No,0801,,
1322,International Manufacturing Leaders Forum,,ERA2010,C,No,0910,0913,0915
1323,International Maritime Conference,,ERA2010,B,No,0911,,
1324,DNA Computing and Molecular Programming,DNA,ERA2010,B,No,0801,,
1325,International Mineral Processing Congress,,ERA2010,A,No,0914,,
1326,International Multi-Conference on Engineering and Technological Innovation,IMETI,ERA2010,C,No,09,,
1327,International Natural Language Generation Conference,INLG,ERA2010,B,Yes,0801,,
1328,International Network for Tropical Architecture conferences,INTA,ERA2010,C,No,1201,,
1329,International Network Optimization Conference,INOC,ERA2010,C,No,0802,,
1330,International Parallel Computing Workshop,PCW,ERA2010,C,No,0805,,
1331,International Picture Coding Symposium,PCS,ERA2010,C,No,1005,,
1332,International Pipeline Conference,,ERA2010,A,No,0913,0914,
1333,International Planning History Society,IPHS,ERA2010,B,No,1205,,
1334,International Postgraduate Research Conference (Research Institute for the Built and Human Environment (BuHu)),BuHu IPGRC,ERA2010,C,No,1202,,
1335,International Python Conference,IPythC,ERA2010,C,No,0803,,
1336,International Research Council on the Biomechanics of Impact,,ERA2010,A,No,0902,0903,0913
1337,International Research Week Conference,IPGRC,ERA2010,C,No,1202,,
1338,International Semantic Web Conference,ISWC,ERA2010,B,Yes,0804,,
1339,International Society of Rock Mechanics Series of Symposia and Conferences,ISRM,ERA2010,A,No,0905,0914,
1340,ISC High Performance (was International Supercomputing Conference),ISC,ERA2010,C,Yes,0805,,
1341,International Symposium Component-Based Software Engineering,CBSE,ERA2010,A,Yes,0803,,
1342,International Symposium of Automation and Robotics in Construction,,ERA2010,A,No,0905,0910,
1343,International Symposium on 3D Data Processing Visualization and Transmission,3DPVT,ERA2010,C,No,0801,,
1344,International Symposium on Active Control of Sound and Vibration,,ERA2010,A,No,0913,,
1345,International Symposium on Advanced DB Technologies and Integration,ADTI,ERA2010,B,No,0804,,
1346,International Symposium on Advanced Technology for Plasticity,,ERA2010,A,No,0910,0913,
1347,International Symposium on Advances in Abrasive Technology,,ERA2010,A,No,0910,0913,
1348,International Symposium on Algorithmic Game Theory,SAGT,ERA2010,B,No,0802,,
1349,International Symposium on Algorithms and Computation,ISAAC,ERA2010,A,Yes,0802,,
1350,International Symposium on Applications and the Internet,SAINT,ERA2010,C,No,0899,,
1351,"International Symposium on Applied Algebra, Algebraic Algorithms and Error-Correcting Codes",AAAAECC,ERA2010,B,No,0802,,
1352,International Symposium on Applied Computational Intelligence and Informatics,SACI,ERA2010,C,No,0801,,
1353,International Symposium on Applied Machine Intelligence and Informatics,SAMI,ERA2010,C,No,0801,,
1354,International Symposium on Artificial Intelligence and Mathematics,ISAIM,ERA2010,B,Yes,0801,0802,
1355,International Symposium on Artificial Life and Robotics,AROB,ERA2010,C,No,0801,,
1356,"International Symposium on Audio, Video, Image Processing and Intelligent Applications",ISAVIIA,ERA2010,C,No,0801,,
1357,International Symposium on Automated Technology for Verification and Analysis,ATVA,ERA2010,A,Yes,0803,,
1358,International Symposium on Automation and Robotics in Construction,ISARC,ERA2010,C,No,0910,,
1359,International Symposium on Autonomous Decentralized Systems,ISADS,ERA2010,C,No,0805,,
1360,International Symposium on Cavitation,,ERA2010,B,No,0915,0911,
1361,International Symposium on Circuits and Systems,CIRSYS,ERA2010,C,No,1006,,
1362,International Symposium on Code Generation and Optimization,CGO,ERA2010,A,No,0803,,
1363,International Symposium on Collaborative Technologies and Systems,CTS,ERA2010,C,No,0805,,
1364,International Symposium on Combinatorial Optimisation,ISCO,ERA2010,C,No,0802,,
1365,International Symposium on Combustion,,ERA2010,A,No,0913,,
1366,International Symposium on Communications and Information Technologies,ISCIT,ERA2010,B,No,1005,,
1367,International Symposium on Computational Geomechanics,,ERA2010,A,No,0905,,
1368,International Symposium on Computational Life Science,CompLife,ERA2010,B,No,0801,,
1369,International Symposium on Computer and Information Sciences,ISCIS,ERA2010,C,No,0806,,
1370,International Symposium on Computer Architecture and High Performance Computing,SBAC-PAD,ERA2010,B,Yes,0805,,
1371,International Symposium on Computer Design,COMPDES,ERA2010,C,No,1005,,
1372,International Symposium on Cooperative Database Systems for Advanced Applications,CODAS,ERA2010,C,No,0804,,
1373,"International Symposium on Data, privacy and E-Commerce",ISDPE,ERA2010,C,No,0803,,
1374,International Symposium on Distributed Computing (was WDAG),DISC,ERA2010,A,Yes,0805,,
1375,International Symposium on Empirical Software Engineering,ISESE,ERA2010,B,No,0803,,
1376,International Symposium on Empirical Software Engineering and Measurement,ESEM,ERA2010,A,Yes,0803,,
1377,"International Symposium on Environmental Vibrations: Prediction, Monitoring, Mitigation and Evaluation",,ERA2010,B,No,0905,,
1378,International Symposium on Experimental Algorithms,SEA,ERA2010,B,No,0802,,
1379,International Symposium on Fault-Tolerant Computing,FTCS,ERA2010,C,No,0905,,
1380,International Symposium on Foundations of Intelligent Systems,ISMIS,ERA2010,C,No,0801,,
1381,International Symposium on frontiers in offshore geotechnics,,ERA2010,B,No,0905,,
1382,International Symposium on Functional and Logic Programming,FLOPS,ERA2010,A,No,0802,,
1383,International Symposium on Fundamentals of Computation Theory,FCT,ERA2010,A,Yes,0802,,
1384,International Symposium on Future Software Technology,ISFST,ERA2010,C,No,0803,,
1385,International Symposium on Grids and Clouds (was International Symposium on Grid Computing),ISGC,ERA2010,C,No,0805,,
1386,International Symposium on High Performance Computer Architecture,HPCA,ERA2010,A,Yes,0803,,
1387,International Symposium on Information and Communication Technologies,ISICT,ERA2010,C,No,08,,
1388,International Symposium on Information Assurance and Security,IAS,ERA2010,C,No,0804,,
1389,International Symposium on Information Processing,ISIP,ERA2010,C,No,0806,,
1390,International Symposium on Information Theory and Its Applications,ISITA,ERA2010,B,Yes,0804,,
1391,International Symposium on Innovations in Intelligent Systems and Applications,INISTA,ERA2010,C,No,0801,,
1392,International Symposium on Intelligent and Interactive Multimedia: Systems and Services,KES IIMSS,ERA2010,C,No,0806,,
1393,"International Symposium on Intelligent Multimedia, Video and Speech Processing",ISIMP,ERA2010,C,No,1006,,
1394,International Symposium on Intelligent Systems and Informatics,SISY,ERA2010,C,No,0806,,
1395,International Symposium on Latin American Theoretical Informatics,LATIN,ERA2010,B,Yes,0802,,
1396,"International Symposium on Leveraging Applications of Formal Methods, Verification and Validation",ISoLA,ERA2010,C,No,0802,,
1397,International Symposium on Logic-based Program Synthesis and Transformation,LOPSTR,ERA2010,B,Yes,0802,,
1398,International Symposium on Mathematical Foundations of Computer Science,MFCS,ERA2010,A,Yes,0802,,
1399,International Symposium on Mathematical Morphology,ISMM,ERA2010,B,No,0801,,
1400,International Symposium on Memory Management,ISMM,ERA2010,A,Yes,0803,,
1401,"International Symposium on Modelling and Optimization in Mobile, Ad Hoc, and Wireless Networks",WiOpt,ERA2010,B,Yes,1006,,
1402,International Symposium on Neural Networks,ISNN,ERA2010,C,Yes,0801,,
1403,International Symposium on Next Generation Data Base Systems and Applications,NGDB,ERA2010,C,No,0804,,
1404,International Symposium on Object Technologies for Advanced Software,ISOTAS,ERA2010,C,No,0803,,
1405,International Symposium on Parallel and Distributed Computing,ISPDC,ERA2010,C,No,0805,,
1406,"International Symposium on Parallel Architectures, Algorithms and Networks",I-SPAN,ERA2010,B,No,0805,,
1407,International Symposium on Plasticity and Its Current Applications,,ERA2010,A,No,0910,0913,
1408,"The International Symposium on Research in Attacks, Intrusions and Defenses (was International Symposium on Recent Advances in Intrusion Detection)",RAID,ERA2010,B,Yes,0804,,
1409,International Symposium on Robotics,ISR,ERA2010,A,No,0910,,
1410,International Symposium on Robotics Research,ISRR,ERA2010,A,Yes,0910,,
1411,International Symposium on Software Reliability Engineering,ISSRE,ERA2010,A,Yes,0803,,
1412,International Symposium on Software Testing and Analysis,ISSTA,ERA2010,A,Yes,0803,,
1413,International Symposium on Spatial Data Handling,SDH,ERA2010,C,No,0804,1205,
1414,International Symposium on Spatial Data Infrastructures,ISSDI,ERA2010,C,No,0909,,
1415,International Symposium on Spatial Data Quality,ISSDQ,ERA2010,C,No,0909,,
1416,International Symposium on Spatial and Temporal Databases,SSTD,ERA2010,A,Yes,0909,,
1418,International Symposium on String Processing and Information Retrieval,SPIRE,ERA2010,B,Yes,0804,,
1419,International Symposium on Structural Engineering,,ERA2010,B,No,0905,,
1420,International Symposium on Symbolic and Algebraic Computation,ISSAC,ERA2010,A,Yes,0802,,
1421,International Symposium on Symbolic and Numeric Algorithms for Scientific Computing,SYNASC,ERA2010,C,No,0802,,
1422,"International Conference on Hardware/Software Codesign and System Synthesis (previously ISSN, changed in 2003)",CODES+ISSS,ERA2010,C,Yes,0806,,
1423,International Symposium on Technology and Society,ISTAS,ERA2010,C,No,0899,,
1424,International Symposium on Temporal Representation and Reasoning,TIME,ERA2010,A,Yes,0802,,
1425,International Symposium on the Mathematical Theory of Networks and Systems,MTNS,ERA2010,C,No,0805,,
1426,International Symposium on Theoretical Aspects of Computer Science,STACS,ERA2010,B,Yes,0802,,
1427,International Symposium on Theoretical Aspects of Software Engineering,TASE,ERA2010,C,No,0803,,
1428,International Symposium on Vehicle System Dynamics,,ERA2010,A,No,0913,,
1429,International Symposium on Visual Computing,ISVC,ERA2010,C,No,0801,,
1430,International Symposium on Voronoi diagrams in Science and Engineering,ISVD,ERA2010,C,No,0802,,
1431,International Symposium on Wireless Personal Multimedia Communications,WPMC,ERA2010,C,No,1005,,
1432,International Symposium on Open Collaboration (was International Symposiums on Wikis),OPENSYM,ERA2010,B,Yes,0803,,
1433,International Towing Tank Conference,,ERA2010,A,No,0911,,
1434,International Tribology Conference in Australia,,ERA2010,A,No,0910,0913,
1435,International Urban Design Conference,IUDC,ERA2010,C,No,1205,,
1436,International Visualization in Transportation Symposium,TRB,ERA2010,C,No,0801,,
1437,International Web Conference,IWC,ERA2010,C,No,0806,,
1438,International Wireless Internet Conference,WiCon,ERA2010,C,No,1005,,
1439,International Wordnet Conference (Global Wordnet Conference),GWC,ERA2010,C,No,0804,,
1440,International Work-Conference on Artificial and Natural Neural Networks,IWANN,ERA2010,B,No,0801,,
1441,International Workshop in Software Measurement (Joined with Mensura from 2007),IWSM,ERA2010,C,No,0804,,
1442,Privacy Enhancing Technologies Symposium (was International Workshop of Privacy Enhancing Technologies),PETS,ERA2010,B,Yes,0803,,
1443,International Workshop of the Initiative for the Evaluation of XML Retrieval,INEX,ERA2010,C,No,0803,,
1444,International Workshop on Abstract State Machines,ASM(W),ERA2010,C,No,0802,,
1445,International Workshop on Advanced Architectures and Algorithms for Internet Delivery and Applications,AAA-IDEA,ERA2010,C,No,0806,,
1446,International Workshop on Agents and Data Mining Interaction,ADMI,ERA2010,B,No,0801,,
1447,International Symposium on Algorithms and Experiments for  Wireless Networks,Algosensors,ERA2010,C,Yes,1005,,
1448,International Conference and Workshops on Algorithms and Computation,WALCOM,ERA2010,C,Yes,0802,,
1449,"International Workshop on Aliasing, Confinement and Ownership",IWACO,ERA2010,C,No,0803,,
1450,International Workshop on Ant Colony,ANTS,ERA2010,B,No,0801,,
1451,International Workshop on Approximation Algorithms for Combinatorial Optimization Problems and International Conference on Randomization and Computation,APPROX/RANDOM,ERA2010,A,Yes,0802,,
1452,International Workshop on Boolean Functions: Cryptography and Applications,BFCA,ERA2010,C,No,0804,,
1453,International Workshop on Business Process Design,BPD,ERA2010,C,No,0806,,
1454,International Workshop on Business Process Intelligence,BPI,ERA2010,C,No,0806,,
1455,"International Workshop on Business Process Modelling, Development, and Support",BPMDS,ERA2010,C,No,0806,,
1456,International Workshop on C# and .NET Technologies,C#,ERA2010,C,No,0803,,
1457,International Workshop on Coding and Cryptography,WCC,ERA2010,B,No,0804,,
1458,International Workshop on Combinations of Intelligent Methods and Applications,CIMA,ERA2010,C,No,0801,,
1459,International Workshop on Combinatorial Algorithm,IWOCA,ERA2010,B,Yes,0802,,
1460,International Workshop on Combinatorial Image Analysis: Theory and Applications,IWCIA,ERA2010,C,No,0802,,
1461,International Workshop on Comparative Evaluation in Requirements Engineering,CERE,ERA2010,C,No,0803,,
1462,International Workshop on Computer-Aided Software Eng,IWCASE,ERA2010,B,No,0803,,
1463,International Workshop on Critical Information Infrastructures Security,CRITIS,ERA2010,C,No,0803,,
1464,International Workshop on Data Warehousing and OLAP,DOLAP,ERA2010,B,Yes,0804,,
1465,International Workshop on Developments in Computational Models,DCM,ERA2010,C,No,0802,,
1466,International Workshop on Digital Watermarking,IWDW,ERA2010,C,No,0802,0804,
1467,International Workshop on Distributed Object Management,IWDOM,ERA2010,C,No,0803,,
1468,International Workshop on Domain Driven Data Mining,DDDM,ERA2010,C,No,0804,,
1469,International Workshop on Economics-Driven Software Engineering Research,EDSER,ERA2010,C,No,0803,,
1470,International Workshop on Efficient Algorithms,WEA,ERA2010,B,No,0802,,
1471,International Workshop on Enterprise and Organizational Modelling and Simulation,EOMAS,ERA2010,C,No,0806,,
1472,IEEE international conference on ehealth networking applications and services (was International Workshop on Enterprise Networking and Computing in Health Care Industry; changed 2006),HealthCom,ERA2010,C,Yes,0806,,
1473,International Workshop on Entertainment Computing,WEC,ERA2010,C,No,0806,,
1474,International Workshop on Evolution and Change in Data Management,ECDM,ERA2010,C,No,0804,,
1475,International Workshop on Fast Software Encryption,FSE,ERA2010,B,Yes,0804,,
1476,International Workshop on Formal Methods for interactive Systems,FMIS,ERA2010,C,No,0806,,
1477,International Workshop on Formal Methods for Parallel Programming: Theory and Applications,FMPPTA,ERA2010,C,No,0802,,
1478,International Workshop on Foundations for Secure/Survivable Systems and Networks,FSSSSN,ERA2010,C,No,1005,,
1479,International Workshop on Foundations of Models and Languages for Data and Objects,FMLDO,ERA2010,C,No,0804,,
1480,International Workshop on Foundations of Object-Oriented Languages,FOOL,ERA2010,C,No,0803,,
1481,International Workshop on Functional and Constraint Logic Programming,WFLP,ERA2010,C,No,0802,,
1482,International Workshop on Genetic and Evolutionary Fuzzy Systems,GEFS,ERA2010,C,No,0801,,
1483,International Workshop on Global Optimization,GO,ERA2010,C,No,0802,,
1484,International Workshop on Graph-Theoretic Concepts in Computer Science,WG,ERA2010,A,Yes,0802,,
1485,International Workshop on Group-Oriented Cryptographic Protocols,GOCP,ERA2010,C,No,0804,,
1486,International workshop on High-Level Parallel Programming and Applications,HLPP,ERA2010,C,No,0805,,
1487,International Workshop on High-Level Parallel Programming Models and Supportive Environments,HIPS,ERA2010,C,No,0805,,
1488,ACM International Conference on Interactive Surfaces and Spaces (was International Workshop on Horizontal Interactive Human-Computer Systems: Tabletop),ISS,ERA2010,B,Yes,0806,,
1489,International Workshop on Hot topics in Peer-to-Peer Systems,HotP2P,ERA2010,C,No,0805,,
1490,"International Workshop on Human Aspects in Ambient Intelligence: Agent Technology, Human-Oriented Knowledge and Applications",HAI,ERA2010,C,No,0801,,
1491,International Workshop on Image Analysis and Information Fusion,IAIF,ERA2010,C,No,0801,,
1492,"International Workshop on Incorporating COTS Software into Software Systems, Tools and Techniques",IWICSS,ERA2010,C,No,0804,,
1493,Information Hiding and Multimedia Security Workshop,IH&MMSec,ERA2010,C,No,0804,,
1494,International Workshop on Information Security Applications,WISA,ERA2010,C,No,0803,,
1495,International Workshop on Intelligent Agents,IWIA,ERA2010,C,No,0801,,
1496,International Workshop on Interactive Entertainment,IDET,ERA2010,C,No,0806,,
1497,International Workshop on Issues in the Theory of Security,WITS,ERA2010,C,No,0803,,
1498,International Workshop on Knowledge Discovery from Data Streams,IWKDDS,ERA2010,C,No,0801,,
1499,International Workshop on Logic and Complexity in Computer Science,LCCS,ERA2010,C,No,0802,,
1500,International Workshop on Metamodelling - Utilization in Software Engineering,MUSE,ERA2010,C,No,0803,,
1501,International Workshop on Middleware for Grid Computing,MGC,ERA2010,C,No,0805,,
1502,International Workshop on Mobile Commerce and Services,WMCS,ERA2010,C,No,0806,,
1503,International Workshop on Modelling and Visualization of XML and Semantic Web Data,MOVIX,ERA2010,C,No,0804,,
1504,International Workshop on Modelling in Software Engineering,MISE,ERA2010,C,No,0803,,
1505,"International Workshop on Modelling, Simulation, Verification and Validation of Enterprise Information Systems",MSVVEIS,ERA2010,C,No,0806,,
1506,International Workshop on MultiAgent Based Simulation,MABS,ERA2010,C,No,0801,,
1507,"International Workshop on Multimedia Data Storage, Retrieval, Integration and Applications",MDSRIA,ERA2010,C,No,0806,,
1508,International Workshop on Multimedia Signal Processing,MMSP,ERA2010,B,Yes,1006,,
1509,"International Workshop on Nonmonotonic Reasoning, Action and Change",NRAC,ERA2010,C,No,0801,,
1510,International Symposium on Parameterized and Exact Computation (was IWPEC pre 2004),IPEC,ERA2010,B,No,0802,,
1511,International Workshop on Paraphrasing,IWP,ERA2010,B,No,0801,,
1512,International Workshop on Parsing Technologies,IWPT,ERA2010,C,Yes,0803,,
1513,International Workshop on Pattern Recognition in Information Systems,PRIS,ERA2010,C,No,0806,,
1514,International Workshop on Post-Quantum Cryptography,PQCrypto,ERA2010,C,No,0804,,
1515,International Workshop on Precipitation in Urban Areas,,ERA2010,A,No,0905,,
1517,International Workshop on Quality of Information Systems,QOIS,ERA2010,C,No,0806,,
1518,International Workshop on Randomization and Computation,RANDOM,ERA2010,A,Yes,0802,,
1519,International Workshop on Realising Evidence-based Software Engineering,REBSE,ERA2010,C,No,0803,,
1520,International Workshop on Requirements Engineering Visualization,REV,ERA2010,B,No,0802,,
1521,International Workshop on Requirements Engineering: Foundation for Software Quality,REFSQ,ERA2010,B,Yes,0803,,
1522,International Workshop on Research Issues in Data Engineering,RIDE,ERA2010,B,No,0804,,
1523,International Workshop on Satellite and Space Communications,IWSSC,ERA2010,C,No,1005,,
1524,International Workshop on Schema Languages for XML,X-Schemas,ERA2010,C,No,0803,,
1525,International Workshop on Security,IWSEC,ERA2010,B,No,0803,,
1526,International Workshop on Security in Information Systems,WOSIS,ERA2010,C,No,0803,,
1527,International Workshop on Security Protocols,IWSP,ERA2010,C,No,0803,,
1528,International Workshop on Soft Computing Applications,SOFA,ERA2010,C,No,0801,,
1529,International Workshop on Software and Compilers for Embedded Systems,SCOPES,ERA2010,A,Yes,1005,,
1530,International Workshop on Software Engineering for High Performance Computing Applications,SE-HPC,ERA2010,C,No,0805,,
1531,International Workshop on Software Process Simulation and Modelling (now ICSP),PROSim,ERA2010,B,No,0803,,
1532,International Workshop on Software Product Management,IWSPM,ERA2010,C,No,0803,,
1533,International Workshop on Software Quality,WoSQ,ERA2010,C,No,0804,,
1534,International Workshop on Software Technology for Augmented Reality Systems,IWSTAR,ERA2010,C,No,0806,,
1535,International Workshop on Temporal Databases,TDB,ERA2010,C,No,0804,,
1536,International Workshop on the Algorithmic Foundations of Robotics,WAFR,ERA2010,C,No,0802,,
1537,International Workshop on the Sate of the Art in Cryptology and New Challenges Ahead,Quo Vadis Cryptology,ERA2010,C,No,0804,,
1538,International Workshop on the Web and Databases,WebDB,ERA2010,C,No,0806,,
1539,International Symposium on Ubiquitous Virtual Reality,ISUVR,ERA2010,C,No,0801,,
1540,International Workshop on Visualization for Cyber Security,VizSec,ERA2010,C,No,0803,,
1541,International Workshop on Web and Wireless Geographical Information Systems,W2GIS,ERA2010,C,No,0909,,
1542,International Workshop on Web Content Caching and Distribution,WCW,ERA2010,B,No,0806,,
1543,International Workshop on Web Information Systems Modelling,WISM,ERA2010,C,No,0806,,
1544,International Workshop on Wireless and Mobile Networks,WiMoNe,ERA2010,C,No,1005,,
1545,International Workshop Programming Multi-Agent Systems (merged into EMAS in 2013),PROMAS,ERA2010,B,No,0804,,
1546,International Workshops on Enabling Technologies: Infrastructures for Collaborative Enterprises,WETICE,ERA2010,B,Yes,0801,,
1547,International Workshops on First-Order Theorem Proving,FTP,ERA2010,B,No,0802,,
1548,International World Wide Web Conference,WWW,ERA2010,A,Yes,0805,0806,
1549,International XML Database Symposium,Xsym,ERA2010,C,No,0804,,
1550,Internationale Tagung Wirtschaftsinformatik,DITW,ERA2010,C,No,0806,,
1551,Internet Measurement Conference,IMC,ERA2010,A,No,0806,,
1552,Internet Research,AOIR,ERA2010,C,No,0806,,
1553,Internet Society Conference,INET,ERA2010,C,No,0806,,
1554,Interoperating Geographic Information Systems,INTEROP,ERA2010,C,No,0806,,
1555,INTUITION International Conference,INTUITION,ERA2010,C,No,0801,,
1556,ISCA International Conference on Computer Applications in Industry and Engineering,CAINE,ERA2010,C,No,08,,
1557,ISCA Tutorial and Research Workshop Automatic Speech Recognition,ASR,ERA2010,C,No,0801,,
1558,Italian Conference on Theoretical Computer Science,ICTCS,ERA2010,C,Yes,0802,,
1559,Italian Symposium on Advanced Database Systems,SEBD,ERA2010,C,Yes,0804,,
1560,IUTAM Symposia series,,ERA2010,A,No,0913,0901,
1561,IWA World Water Congress,,ERA2010,A,No,0905,0907,
1562,Japan Conference on Computational Geometry and Graphs,JCCGG,ERA2010,C,Yes,0802,,
1563,Japan Conference on Discrete and Computational Geometry,JCDCG,ERA2010,C,Yes,0802,,
1564,Japan-China Joint Workshop on Frontier of Computer Science and Technology,FCST,ERA2010,C,Yes,08,,
1565,Japanese-Hungarian Symposium on Discrete Mathematics and Its Applications,JH,ERA2010,C,Yes,0802,,
1566,Japan-Korea Joint Workshop on Algorithms and Computations,WAAC,ERA2010,C,Yes,0802,,
1567,Joint Australia and New Zealand Biennial Conference on Digital Image and Vision Computing,DIVC,ERA2010,C,Yes,0801,,
1568,Joint Conference on Information Sciences,JCIS,ERA2010,C,No,0806,,
1569,Joint Conference on New Methods in Language Processing and Computational Natural Language Learning,NeMLaP,ERA2010,C,No,0801,,
1570,Joint European Conference and Exhibition on Geographical Information Systems,JECGI,ERA2010,C,No,0909,,
1571,Joint European Networking Conference,JENC,ERA2010,C,No,1005,,
1572,Joint International Conference on CyberGames and Interactive Entertainment,CGIE,ERA2010,C,No,0806,,
1573,"Joint iTrust and PST Conferences on Privacy, Trust Management and Security",IFIP TM,ERA2010,C,Yes,0803,,
1574,Joint Modular Languages Conference,JMLC,ERA2010,B,No,0803,,
1575,Joint Working Conference on Secure Information Networks: Communications and Multimedia Security,CMS,ERA2010,C,No,0803,,
1576,Joint workshop on Multimodal Interaction and Related Machine Learning Algorithms (now ICMI-MLMI),MLMI,ERA2010,B,No,0801,,
1577,Journal of Computing Science in Colleges (Conference proceedings),CCSC,ERA2010,C,Yes,0899,,
1578,JSME/ASME International Conference on Materials and Processing,,ERA2010,A,No,0910,0913,
1579,KES International Symposium on Intelligent Decision Technologies,KES IDT,ERA2010,C,No,0801,,
1580,"Knowledge Acquisition, Modelling and Management Workshop (No longer Exists)",KAW,ERA2010,C,No,0806,,
1581,Knowledge and Data Engineering Exchange Workshop,KDEX,ERA2010,C,No,0804,,
1582,Knowledge capture,K-CAP,ERA2010,A,Yes,0804,,
1583,Knowledge Discovery and Data Mining in Biological Databases Meeting,KDDMBD,ERA2010,C,No,0804,,
1584,Knowledge Domain Visualisation,KDViz,ERA2010,C,No,0801,,
1585,Knowledge Representation Meets Databases,KRDB,ERA2010,C,No,0804,,
1586,Knowledge Visualization and Visual Thinking,KV,ERA2010,C,No,0801,,
1587,Kyoto International Conference on Computational Geometry and Graph Theory,KyotoCGGT,ERA2010,C,No,0802,,
1588,"Language Descriptions, Tools and Applications",LDTA,ERA2010,B,No,0803,,
1589,Latin American Conference on Informatics,CLEI,ERA2010,C,Yes,0806,,
1590,Latin American Conference on Pattern Languages of Programming,SugarLoafPLoP,ERA2010,C,Yes,0803,,
1591,Latin American Web Congress,LA-WEB,ERA2010,C,Yes,0806,,
1592,"Latin-American Algorithms, Graphs and Optimization Symposium",LAGOS,ERA2010,C,Yes,0802,,
1593,Law via the Internet,LI,ERA2010,C,No,0899,,
1594,Lexical Semantics and Knowledge Representation,SIGLEX,ERA2010,C,No,0804,,
1595,Logic and Engineering of Natural Language Semantics,LENLS,ERA2010,B,No,0801,,
1596,Logic Programming and Automated Reasoning,LPAR,ERA2010,A,Yes,0802,,
1597,Logical Foundations of Computer Science,LFCS,ERA2010,B,No,0802,,
1598,"Logics in Artificial Intelligence, European Conference",JELIA,ERA2010,A,Yes,0802,,
1599,Machine Translation Summit,MT SUMMIT,ERA2010,B,Yes,0801,,
1600,Machine Vision Applications,MVA,ERA2010,C,No,0801,,
1601,MACIS: International Conference of Mathematical Aspects of Computer and Information Sciences,MACIS,ERA2010,C,No,0802,,
1602,Management of Innovation and Technology International Conference,ICMIT,ERA2010,C,No,10,,
1603,Massively Parallel Processing Using Optional Interconnections,MPPOI,ERA2010,B,No,0805,,
1604,Mathematical Methods in Computer Science,MMICS,ERA2010,C,No,0802,,
1605,Mathematics of Program Construction,MPC,ERA2010,B,Yes,0802,,
1606,Mechatronics and Machine Vision in Practice,M2VIP,ERA2010,B,No,0910,,
1607,Medical Image Computing and Computer-Assisted Intervention,MICCAI,ERA2010,A,Yes,0801,0903,
1608,Medicine Meets Virtual Reality,MMVR,ERA2010,B,No,0801,0903,
1609,Meeting of the International Environmental Modelling and Software Society,,ERA2010,B,No,0907,0905,
1610,Methods Effectives en Geometrie Algebrique,MEGA,ERA2010,B,Yes,0802,,
1611,Mexican International Conference on Current Trends in Computer Science (was Mexican International Conference on Computer Science),ENC,ERA2010,C,No,08,,
1612,"Mid-West Conference on Combinatorics, Cryptography, and Computing",MIGHTY,ERA2010,C,Yes,0802,,
1613,"Mini-EURO Conference, Managing Uncertainty in Decision Support Models",,ERA2010,A,No,09,,
1614,Mining for Enhanced Web Search,MEWS,ERA2010,C,No,0806,,
1615,Mobile and Ubiquitous Multimedia (ACM),MUM,ERA2010,B,Yes,1203,,
1616,Mobile Media,MMC,ERA2010,B,No,1203,,
1617,Mobility in Databases and Distributed Systems,MDDS,ERA2010,C,No,0804,,
1618,Modelling and Optimization: Theory and Applications,MOPTA,ERA2010,C,No,0802,,
1619,Modelling and Simulation,,ERA2010,A,No,0905,0907,
1620,Modern Asian Architecture Network conferences,mAAN,ERA2010,C,No,1201,,
1621,MSRI Combinatorial Game Theory Research Workshop,GameTheory,ERA2010,C,No,0802,,
1622,"Multimedia Content Access: Algorithms and Systems (was Multimedia Content Analysis, Management and Retrieval)",MCA:AS,ERA2010,C,No,0806,,
1623,Multi-national Joint Ventures for Construction Works Conference,,ERA2010,C,No,1202,,
1624,NACE International - Corrosion,,ERA2010,A,No,0913,,
1625,NAISO Congress on Autonomous Intelligent Systems,NAISO,ERA2010,C,No,0801,,
1626,NASA LaRC Formal Methods Workshop,LARC,ERA2010,C,Yes,0802,,
1627,National Advisory Committee on Computing Qualifications,NACCQ,ERA2010,C,Yes,0899,,
1628,National Conference Communications,NCC,ERA2010,C,Yes,1006,,
1629,National Conference of the American Association for Artificial Intelligence,AAAI,ERA2010,A,Yes,0801,,
1630,National Conference on Computer and Information Systems,NCCIS,ERA2010,C,Yes,0806,,
1631,National Conference on Hydraulics in Water Engineering,,ERA2010,B,No,0907,0905,
1632,National Database Conference (China),NDB,ERA2010,C,Yes,0804,,
1634,National Information Systems Security Conference (was National Computer Security Conference),NISSC,ERA2010,C,Yes,0803,,
1635,National Science Foundation symposium on Next Generation Data Mining and Cyber Enabled Discovery for Innovation (was.NSF workshop on Next Generation Data Mining),NGDM,ERA2010,C,Yes,0804,,
1636,NATO Conference on software engineering,NATOSE,ERA2010,C,Yes,0803,,
1637,Natural Language Processing and Knowledge Engineering,IEEE NLP-KE,ERA2010,C,No,0801,,
1638,Network and Operating System Support for Digital Audio and Video,NOSSDAV,ERA2010,A,Yes,0806,,
1639,Network for Comfort and Energy Use in Buildings Windsor Conference,Windsor,ERA2010,A,No,1202,,
1640,Networked Group Communication,NGC,ERA2010,C,No,1005,,
1641,New Heritage: Beyond Verisimilitude. Conference on Cultural Heritage and New Media. Proceedings of the New Heritage Conference,,ERA2010,,No,1201,,
1642,New Security Paradigms Workshop,NSPW,ERA2010,C,No,0804,,
1643,New Zealand Game Developers Conference,NZGDC,ERA2010,C,No,0806,,
1644,Nordic Conference on Pattern Languages of Programs,VikingPLoP,ERA2010,C,Yes,0803,,
1645,Nordic Construction Economics and Organisation Conference,,ERA2010,C,No,1202,,
1646,Nordic Design Research Conference,NORDES,ERA2010,B,No,1203,,
1647,Nordic Workshop on Secure IT Systems,NordSec,ERA2010,C,Yes,0803,,
1648,North American Association for Computational Linguistics,NAACL,ERA2010,A,Yes,0801,,
1649,North American Conference on Logic Programming,NACLP,ERA2010,C,Yes,0803,,
1650,North American Fuzzy Information Processing Society Conference,NAFIPS,ERA2010,C,Yes,0801,,
1651,Norwegian Computer Human Interaction,NORDCHI,ERA2010,C,Yes,0806,,
1652,Numerical Models in Geomechanics,NUMOG,ERA2010,A,No,0905,,
1653,"International Symposium on New Ideas, New Paradigms, and Reflections on Programming and Software",Onward,ERA2010,C,No,0803,,
1654,Optimal Discrete Structures and Algorithms,ODSA,ERA2010,C,No,0802,,
1655,Optimization: Techniques And Applications,OTA,ERA2010,C,No,0802,,
1656,Organisations and Society in Information Systems Workshop,OASIS,ERA2010,C,No,0806,,
1657,Pacific Asia Conference on Information Systems,PACIS,ERA2010,A,No,0806,,
1658,"Pacific Asia Conference on Language, Information and Computation",PACLIC,ERA2010,B,Yes,0801,,
1659,Pacific Asian Conference on Expert Systems,PACES,ERA2010,B,No,0801,,
1660,Pacific Conference on Computer Graphics and Applications,PG,ERA2010,A,Yes,0801,,
1661,Pacific Rim International Conference on Artificial Intelligence,PRICAI,ERA2010,B,Yes,0801,,
1662,Pacific Rim International Symposium on Dependable Computing,PRDC,ERA2010,B,Yes,0805,,
1663,International Conference on Principles of Practice in Multi-Agent Systems (prior to 2009 was Pacific Rim International Workshop on Multi-Agents),PRIMA,ERA2010,B,Yes,0801,,
1664,Pacific Rim Knowledge Acquisition Workshop,PKAW,ERA2010,B,Yes,0802,,
1665,Pacific Rim Real Estate Conference,PPRES,ERA2010,A,No,1202,,
1666,Pacific Symposium on Biocomputing,PSB,ERA2010,C,No,0803,,
1667,Pacific-Asia Conference on Knowledge Discovery and Data Mining,PAKDD,ERA2010,A,Yes,0804,,
1668,Pacific-Asia Workshop on Electronic Commerce,PAWEC,ERA2010,C,No,0806,,
1669,Pacific-Rim Conference on Multimedia,PCM,ERA2010,C,No,0801,,
1670,Pacific-Rim Symposium on Image and Video Technology,PSIVT,ERA2010,B,Yes,0801,,
1671,Pan Pacific Conference on Information Systems,PPCIS,ERA2010,C,No,0806,,
1672,Pan-Sydney Area Workshop on Visual Information Processing,VIP,ERA2010,C,No,0801,,
1673,Parallel and Distributed Information Systems,PDIS,ERA2010,C,No,0805,,
1674,Parallel Computing,PARCO,ERA2010,C,No,0805,,
1675,Parallel Computing with FPGAs,ParaFPGA,ERA2010,C,No,0905,,
1676,Parallel Problem Solving from Nature,PPSN,ERA2010,A,Yes,0801,,
1677,Participatory Design Conference,PDC,ERA2010,B,No,0806,1203,
1678,Passive and Active Measurement Conference,PAM,ERA2010,B,No,0806,,
1679,Passive and Low Energy Architecture (PLEA) Annual International Conference,PLEA,ERA2010,A,No,1201,,
1680,Pattern Languages of Programs,PLOP,ERA2010,B,No,0803,,
1681,Portland International Center for Management of Engineering and Technology Conference,PICMET,ERA2010,A,No,1202,,
1682,Portuguese Conference on Artificial Intelligence,EPIA,ERA2010,B,Yes,0801,,
1683,Postgraduate Researchers of the Built and Natural Environment Conference,PRoBE,ERA2010,C,No,1202,,
1684,Powders and Grains,,ERA2010,A,No,0913,,
1685,Practical Application of Intelligent Agents and Multi-Agent Technology Conference,PAAM,ERA2010,C,No,0801,,
1686,Practical Aspects of Declarative Languages,PADL,ERA2010,B,Yes,0803,,
1687,Practical Aspects of PROLOG/Constraint Technology,PAP/PACT,ERA2010,C,No,0802,,
1688,Practice and Theory of Automated Timetabling,PATAT,ERA2010,B,No,0802,,
1689,Practices of Linking Aspect Technology and Evolution,PLATE,ERA2010,C,No,0803,,
1690,Prague Stringology Conference,PSC,ERA2010,C,No,0803,,
1691,Principles and Practice of Parallel Programming,PPoPP,ERA2010,A,Yes,0805,,
1692,International Conference on Managed Programming Languages and Runtimes (was ManLang and previously Principles and Practice of Programming in Java: PPPJ),MPLR,ERA2010,C,Yes,0803,,
1693,Privacy in Statistical Databases,PSD,ERA2010,C,No,0804,,
1694,Proceedings MIT Conferences on Computational Solid and Fluid Mechanics,,ERA2010,A,No,0905,,
1695,"Processing Declarative Knowledge, International Workshop",PDK,ERA2010,C,No,0803,,
1696,Product Focused Software Process Improvement,PROFES,ERA2010,B,Yes,0803,,
1697,Program Visualization Workshop,PVW,ERA2010,C,No,0801,,
1698,Programming Language Techniques for XML,PLAN-X,ERA2010,C,No,0803,,
1699,Project Management conference,PMOZ,ERA2010,B,No,1202,,
1700,Quantity Surveying International Convention,QSIC,ERA2010,C,No,1202,,
1701,Real Time Systems Symposium,RTSS,ERA2010,A,Yes,1006,,
1702,"Reflection, AOP and Meta-Data for Software Evolution",RAM-SE,ERA2010,C,No,0803,,
1703,Relationships and Associations in Object-Oriented Languages,RAOOL,ERA2010,C,No,0803,,
1704,Research in Engineering Education Symposium,REES,ERA2010,A,No,09,,
1705,Richard Tapia Celebration of Diversity in Computing Conference,Tapia,ERA2010,C,No,08,,
1706,RICS conference,COBRA,ERA2010,A,No,1202,,
1707,RINA International Conference on Military Support Ships,,ERA2010,C,No,0911,,
1708,Robot Soccer World Cup,RoboCup,ERA2010,B,Yes,0801,,
1709,Robotics: Science and Systems,RSS,ERA2010,A,No,0910,,
1710,Cryptographers Track at RSA Conference,CT-RSA,ERA2010,B,Yes,0804,,
1711,"SAE Powertrains, Fuels, and Lubricants Meeting",,ERA2010,B,No,0902,0913,
1712,SAE World Congress,,ERA2010,B,No,0902,0913,
1713,Scandinavian Conference on Artificial Intelligence,SCAI,ERA2010,B,Yes,0801,,
1714,Scandinavian Workshop on Algorithm Theory,SWAT,ERA2010,B,Yes,0802,,
1715,Scottish Functional Programming Workshop,SFP,ERA2010,C,Yes,0802,,
1716,SEA - Conference on Sustainable Building South-East Asia (CIB Co-Sponsored),SBSEA,ERA2010,C,No,1202,,
1717,"Search: Workshop on Search, Sorting and Coding",Search,ERA2010,C,No,0802,,
1718,SEFI - Annual Conference of European Society for Engineering Education,,ERA2010,B,No,09,,
1720,Semantic Web Visualisation,VSW,ERA2010,C,No,0801,,
1721,Sensor Networks,Sensor Networks,ERA2010,C,No,1006,,
1722,Service Oriented Computing: Consequences for Engineering Requirements,SOCCER,ERA2010,C,No,0803,,
1723,SGAI International Conference on Artificial Intelligence,SGAI,ERA2010,C,No,0801,,
1724,SIAM Conference on Discrete Mathematics,DM,ERA2010,C,No,0802,,
1725,SIAM Conference on Geometric Design,GeoD,ERA2010,C,No,0802,,
1726,SIAM Conference on Optimization,OP,ERA2010,C,No,0802,,
1727,SIAM International Conference on Data Mining,SDM,ERA2010,A,Yes,0804,,
1728,"SIAM Workshop on Algorithms for Listing, Counting, and Enumeration",ALICE,ERA2010,C,No,0802,,
1729,Annual Meeting of the Special Interest Group on Discourse and Dialog,SIGdial,ERA2010,C,Yes,0899,,
1730,SIGGRAPH/EUROGRAPHICS Conference On Graphics Hardware,HWWS,ERA2010,C,No,0905,,
1731,SIGIR workshop: Stylistic Analysis of Text For Information Access,Style,ERA2010,C,No,0806,,
1732,SIGOPT - International Conference on Optimization,ICO,ERA2010,C,No,0802,,
1733,Simulation Technology and Training Conference,SimTecT,ERA2010,C,No,0801,,
1734,Singapore International Conference on Intelligent Systems,SPICIS,ERA2010,B,No,0801,,
1735,Sixth International Conference on Hydroinformatics 2004,,ERA2010,A,No,0907,0905,
1736,SKLOIS Conference on Information Security and Cryptology,Inscrypt,ERA2010,B,No,0804,,
1737,Smart Card Research and Advanced Application Conference,CARDIS,ERA2010,B,Yes,1005,,
1738,"Society of Architectural Historians, Australia and New Zealand (SAHANZ) Annual Conference",SAHANZ,ERA2010,A,No,1201,1205,
1739,"Soft Computing in Computer Graphics, Imaging, and Vision",SCCGIV,ERA2010,C,No,0801,,
1740,Software Education Conference,SRIG-ET,ERA2010,C,No,0899,,
1742,Software Performance Enhancement for Encryption and Decryption,SPEED,ERA2010,C,No,0804,,
1743,Software Quality Conference,SQC,ERA2010,C,No,0803,,
1744,Software Technology and Engineering Practice Conference,STEP,ERA2010,B,No,0803,,
1745,South African Construction Health and Safety conference,SABERC,ERA2010,C,No,1202,,
1746,South African International Graph Theory Conference,SAIGTC,ERA2010,C,No,0802,,
1747,"Southeastern International Conference on Combinatorics, Graph Theory, and Computing",,ERA2010,C,No,0802,,
1748,Southern Conference on Computing,SCC,ERA2010,C,Yes,0802,,
1749,Southwestern Conference on Pattern Languages of Programs,ChiliPLoP,ERA2010,C,Yes,0803,,
1750,Spanish Meeting on Computational Geometry,EGC,ERA2010,C,Yes,0802,,
1751,Spatial Information Research Centre Colloquium,SIRC,ERA2010,C,No,0909,,
1752,Spatial Information Science and Technology Conference,SIST,ERA2010,C,No,0909,,
1753,Special-purpose Hardware for Attacking Cryptographic Systems,SHARCS,ERA2010,C,No,0804,,
1754,SPIE Conference on Performance and Control of Network Systems,PCNS,ERA2010,C,No,1006,,
1755,SPIE Conference on Visual Data Exploration and Analysis,VDEA,ERA2010,C,No,0804,,
1756,SPIE International Conference on Multimedia Storage and Archiving Systems,MSAS,ERA2010,C,No,0804,,
1757,IEEE International Conference on Visual Communications and Image Processing (was SPIE ... pre 2011),VCIP,ERA2010,B,Yes,0801,,
1758,SPIE Smart Structures and Materials and Non-destructive Evaluation and Health Monitoring,,ERA2010,A,No,0905,0913,
1759,Spring Conference on Computer Graphics,SCCG,ERA2010,C,No,0801,,
1760,Stapp Car Crash Conference,,ERA2010,A,No,0902,0903,0913
1761,State of Australian Cities (SOAC) Conference,SOAC,ERA2010,A,No,1201,1202,1205
1762,State of the Art of Stream Ciphers,SASC,ERA2010,C,No,0804,,
1763,Static Analysis Symposium,SAS,ERA2010,A,Yes,0802,,
1764,Stochastic Local Search Algorithms,SLS,ERA2010,C,No,0802,,
1765,Storage and Retrieval for Media Databases (was Storage and Retrieval for Image and Video Databases),SRMD,ERA2010,C,No,0804,,
1766,Structural and Syntactical Pattern Recognition,SSPR,ERA2010,A,Yes,0802,,
1767,Structural Engineering and Construction Conference,APSEC-EASEC,ERA2010,B,No,0905,,
1768,Summer Computer Simulation Conference,SCSC,ERA2010,B,Yes,0801,,
1769,Summer School on Modelling and Verification of Parallel Processes,MOVEP,ERA2010,C,No,0805,,
1770,Symposia on VLSI Technology and Circuits,VLSI,ERA2010,A,No,1005,,
1771,Symposium Model Analysis and Simulation of Computer and Telecommunications Systems,MASCOTS,ERA2010,A,Yes,1006,,
1772,Symposium of Asian Association for Algorithms and Computation,AAAC,ERA2010,C,No,0802,,
1773,Symposium on ‘Building Simulation in the Southwest of England’,IBPSA,ERA2010,A,No,1202,,
1774,"Symposium on Abstraction, Reformulation and Approximation",SARA,ERA2010,B,No,0802,,
1775,"ACM Symposium on Access Control Models and Technologies (previously ACM Workshop on Role-Based Access Control, RBAC, changed in 2000)",SACMAT,ERA2010,C,No,0802,,
1776,Symposium on Advanced Structural Steels and New Rolling Technologies,,ERA2010,B,No,0910,0915,
1777,Symposium on Advances in DB and Information Systems,ADBIS,ERA2010,B,Yes,0804,0806,
1778,Symposium on Assessment of Quality S/W Dev Tools,AQSDT,ERA2010,C,No,0803,,
1779,Symposium on Cellular Automata,JAC,ERA2010,C,No,0802,,
1780,"Symposium On Combinatorics, Algorithms, Probabilistic and Experimental Methodologies",ESCAPE,ERA2010,C,No,0802,,
1781,Symposium on Computational Geometry for Mechanics and Applications,SOCGMA,ERA2010,C,No,0802,,
1782,"Symposium on Design, Analysis, and Simulation of Distributed Systems",DASD,ERA2010,C,No,0805,,
1783,Symposium on Discrete Mathematics,EDM,ERA2010,C,No,0802,,
1784,Symposium on Geometry Processing,SGP,ERA2010,B,No,0802,,
1785,Symposium on High Performance Chips,HOT CHIPS,ERA2010,A,No,1005,,
1786,Symposium on Information Technology and Information Systems,ITIS,ERA2010,C,No,0806,,
1787,Symposium on Information Theory in the Benelux,,ERA2010,C,Yes,0804,,
1788,Symposium on Logical Formalizations of Commonsense Reasoning,COMMONSENSE,ERA2010,B,No,0801,,
1789,"Symposium on Networked Systems, Design and Implementation",NSDI,ERA2010,B,No,0805,,
1790,Symposium on Parallelism in Algorithms and Architectures,SPAA,ERA2010,A,Yes,0805,,
1791,Symposium on Programs as Data Objects,PADO,ERA2010,C,No,0802,,
1792,Symposium on Reliable Distributed Systems,SRDS,ERA2010,A,Yes,0805,,
1793,Symposium on Requirements Engineering for Information Security,SREIS,ERA2010,C,No,0806,,
1794,"Symposium on Stabilization, Safety, and Security of Distributed Systems",SSS,ERA2010,C,No,0805,,
1795,"Symposium on Stochastic Algorithms, Foundations and Applications",SAGA,ERA2010,C,No,0802,,
1796,Systems Engineering / Test and Evaluation Conference,SETE,ERA2010,C,No,0803,,
1797,TAI: Algorithmic Information Theory: Kolmogorov Complexity,TAI,ERA2010,C,No,0802,,
1798,"Tangible, Embedded, and Embodied Interaction",TEI,ERA2010,A,Yes,0806,,
1799,Techniques and Problems in Graph Theory,TPGT,ERA2010,C,No,0802,,
1800,Technology for Interactive Digital Storytelling (merged into ICIDS in 2008),TIDSE,ERA2010,C,No,0899,,
1801,Technology of Object-Oriented Languages and Systems,TOOLS,ERA2010,B,No,0803,,
1802,Testbeds and Research Infrastructures for the Development of Networks and Communities,TridentCom,ERA2010,B,Yes,0805,,
1803,The Claude Shannon Workshop on Coding and Cryptography,,ERA2010,C,No,0804,,
1804,The Conference on visualization of information,SEE,ERA2010,C,No,0801,,
1805,The IASTED International Conference on Applied Simulation and Modelling (International Association of Science and Technology for Development),,ERA2010,C,No,09,,
1806,"The International Conference on Mobile Technology, Applications and Systems",MOBILITY,ERA2010,C,No,1005,,
1807,The International Conference on Semantic Web and Web Services,SWWS,ERA2010,C,No,0805,,
1808,The International Workshop on Algorithms and Graphs,IWAAG,ERA2010,C,No,0802,,
1809,The Modelling and Simulation Society of Australia and New Zealand Meeting,ANZMODS,ERA2010,C,Yes,0802,,
1810,The Northern Formal Methods Workshops,NFM,ERA2010,C,Yes,0802,,
1811,The organizational semiotics Conference,ORGSEM,ERA2010,B,No,0806,,
1812,The Theory and Application of Diagrams,DIAGRAMS,ERA2010,B,Yes,0801,,
1813,The World Conference on Titanium,,ERA2010,A,No,0914,,
1814,Theoretical Aspects of Rationality and Knowledge,TARK,ERA2010,A,Yes,0802,,
1815,Theory of Cryptography Conference,TCC,ERA2010,A,Yes,0804,,
1816,Thermo and Fluid Dynamic Processes in Diesel Engines,,ERA2010,B,No,0902,0913,
1817,TMS Annual Meeting and Exhibition,,ERA2010,B,No,0914,,
1818,Tools and Algorithms for Construction and Analysis of Systems,TACAS,ERA2010,A,Yes,0803,,
1819,Topological and Geometric Graph Theory,TGGT,ERA2010,C,No,0802,,
1820,Traitement Automatique des Langues Naturelles,TALN,ERA2010,C,Yes,0802,,
1821,Transportation Research Board (USA) Annual Meeting,TRB,ERA2010,A,No,1205,,
1822,Trustworthy Interfaces for Passwords and Personal Information workshop,TIPPI,ERA2010,C,No,0804,,
1823,Turbulence and Shear Flow Phenomena,,ERA2010,A,No,0901,0913,
1825,ACM International Joint Conference on Pervasive and Ubiquitous Computing (PERVASIVE and UbiComp combined from 2013),UbiComp,ERA2010,A,No,0805,,
1826,UK Academy of Information Systems Conference,UKAIS,ERA2010,C,Yes,0806,,
1827,UK e-Science All Hands Meeting,UK e-Science,ERA2010,C,Yes,0805,,
1828,UK Ireland Planning Research Conference,PRC,ERA2010,B,No,1205,,
1829,UK Wind Engineering Society Conference on Wind Engineering,,ERA2010,C,No,0905,,
1830,Unconventional Models of Computation,UMC,ERA2010,B,No,0802,,
1832,United Kingdom Systems Society,UKSS,ERA2010,B,Yes,0806,,
1833,United Kingdom Virtual Reality Special Interest Group Conference UK-VRSIG,VR-SIG,ERA2010,C,Yes,0806,,
1834,"Machines, Computations and Universality (was Universal Machines and Computations)",MCU,ERA2010,B,Yes,0802,,
1835,Urban History Planning History (Australasia),UHPH,ERA2010,B,No,1201,1205,
1836,US Office of Naval Research Symposium on Naval Hydrodynamics,,ERA2010,C,No,0911,,
1837,Usable Security and Privacy,USEC,ERA2010,C,No,0803,,
1838,Usenix Annual Technical Conference,USENIX,ERA2010,A,No,08,,
1839,Conference on File and Storage Technologies,FAST,ERA2010,A,No,0804,,
1840,Usenix Network and Distributed System Security Symposium,NDSS,ERA2010,A,Yes,0803,0805,
1841,Usenix Security Symposium,USENIX-Security,ERA2010,A,Yes,0803,,
1842,Usenix Symposium on Operating Systems Design and Implementation,OSDI,ERA2010,A,Yes,0803,,
1843,USENIX Windows NT Symposium,UWNTS,ERA2010,C,No,0803,,
1844,USENIX Workshop on Electronic Commerce,USENIX EC,ERA2010,C,No,08,,
1845,USENIX Workshop on Hot Topics in Operating Systems,HotOS,ERA2010,A,Yes,0803,,
1846,USENIX/ACCURATE Electronic Voting Technology Workshop,EVT,ERA2010,C,No,0804,,
1847,"Verification, Model Checking and Abstract Interpretation",VMCAI,ERA2010,B,No,0803,,
1849,Vision Interface,VI,ERA2010,C,No,0801,,
1850,VisMasters Design Modelling and Visualization Conference,DMVC,ERA2010,C,No,0801,,
1851,Visual Analytics,EuroVA,ERA2010,C,No,0801,,
1853,Visual Information Communication and Interaction,VINCI,ERA2010,C,No,0801,,
1854,Visual Languages and Formal Methods,VLFM,ERA2010,C,No,0803,,
1855,Visualisation in Built and Rural Environments,BuiltViz,ERA2010,C,No,0801,,
1856,Visualization In Science and Education,GRC,ERA2010,C,No,0801,,
1857,Visualization in Software Engineering,SEViz,ERA2010,C,No,0801,,
1858,Visualization in Software Product Lines Workshop,VisPLE,ERA2010,C,No,0801,,
1859,Water Down Under 2008 (incorporating the 31st Hydrology and Water Resources Symposium and the 4th International Conference on Water Resources and Environment Research),,ERA2010,A,No,0907,0905,
1860,Web Visualization,WebViz,ERA2010,C,No,0801,,
1861,Western Australian Workshop on Information Systems Research,WAWISR,ERA2010,C,Yes,0806,,
1862,Western Canadian Conference on Computing Education,WCCCE,ERA2010,C,Yes,0899,,
1863,Western Decision Sciences Institute Conference,WDSI,ERA2010,C,Yes,0806,,
1864,Western European Workshop on Research in Cryptology,WeWoRC,ERA2010,C,Yes,0804,,
1865,Winter Simulation Conference,WSC,ERA2010,B,Yes,0801,,
1867,Workshop in Information Security Theory and Practices,WISTP,ERA2010,C,No,0803,,
1868,Workshop on Ad Hoc and Ubiquitous computing,AUC,ERA2010,C,No,0805,,
1869,Workshop on Algorithm Engineering,WAE,ERA2010,B,No,0802,,
1870,Workshop on Algorithm Engineering and Experiments,ALENEX,ERA2010,A,Yes,0802,,
1871,"Workshop on Algorithmic Approaches for Transportation Modelling, Optimization, and Systems",ATMOS,ERA2010,C,No,0802,,
1872,Workshop on Algorithmic Aspects of Advanced Programming Languages,WAAAPL,ERA2010,C,No,0802,,
1873,Workshop on Algorithms And Models For The Web Graph,WAW,ERA2010,C,No,0802,,
1874,Workshop on Algorithms in Bioinformatics,WABI,ERA2010,B,Yes,0802,,
1875,"Workshop on Algorithms, Combinatorics, and Geometry",ACG,ERA2010,C,No,0802,,
1876,Workshop on Analytic Algorithmics and Combinatorics,ANALCO,ERA2010,B,No,0802,,
1877,Workshop on Application Specific Processors,WASP,ERA2010,C,No,0905,,
1878,Workshop on Applications of Graph Theory in Wireless Ad hoc Networks and Sensor Networks,Graph-hoc,ERA2010,C,No,0802,,
1879,Workshop on Approximation and Online Algorithms,WAOA,ERA2010,B,Yes,0802,,
1880,Workshop on Approximation and Randomization Algorithms in Communication Networks,ARACNE,ERA2010,C,No,0802,,
1881,Workshop on Aspect Oriented Requirements Engineering and Architecture Design,Early Aspects,ERA2010,C,No,0803,,
1882,Workshop on Aspect-Oriented Modelling,AOM,ERA2010,C,No,0803,,
1883,"Workshop on Aspects, Components, and Patterns for Infrastructure Software",ACP4IS,ERA2010,C,No,0803,,
1884,Workshop on Assurance Cases for Security,DSN,ERA2010,C,No,0803,,
1885,"Workshop on Australasian Information Security, Data Mining and Web Intelligence, and Software Internationalisation",AISW,ERA2010,C,Yes,0804,,
1886,Workshop on Combinatorial and Algorithmic Aspects of Networking,CAAN,ERA2010,B,No,0802,,
1887,Workshop on Component-Oriented Programming,WCOP,ERA2010,C,No,0803,,
1888,Workshop on Computational and Conformal Geometry,CCG,ERA2010,C,No,0802,,
1889,Workshop on Computational Geometry and Applications,CGA,ERA2010,C,No,0802,,
1890,Workshop on Computational Graph Theory and Combinatorics,WCGTC,ERA2010,C,No,0802,,
1891,Workshop on Computational Optimization,WCO,ERA2010,C,No,0802,,
1892,Workshop on Computer Architecture Education,WCAE,ERA2010,C,No,0805,,
1893,Workshop on Constraint Satisfaction for Planning and Scheduling,COPLAS,ERA2010,B,No,0802,,
1894,Workshop on Cryptographic Hardware and Embedded Systems,CHES,ERA2010,C,Yes,0803,,
1895,Workshop on Cryptography for Ad hoc Networks,WCAN,ERA2010,C,No,0804,,
1896,Workshop on Data Engineering for Wireless and Mobile Access,MobiDE,ERA2010,C,No,0804,,
1897,Workshop on Database Technology for Virtual Enterprises,DTVE,ERA2010,C,No,0804,,
1898,Workshop on Declarative Programming in the Context of OO Languages,DP-COOL,ERA2010,C,No,0803,,
1899,Workshop on Distributed Data and Structures,WDAS,ERA2010,C,No,0802,0804,
1900,Workshop on Domain Specific Modelling,DSM,ERA2010,C,No,0803,,
1901,"Workshop on Duplicating, Deconstructing, and Debunking",WDDD,ERA2010,C,No,0803,,
1902,Workshop on Economics of Peer-to-Peer Systems,P2P Econ,ERA2010,C,No,0899,,
1903,Workshop on Elliptic Curve Cryptography,ECC,ERA2010,C,No,0804,,
1904,Workshop on Fault Diagnosis and Tolerance in Cryptography,FDTC,ERA2010,C,No,0804,,
1905,Workshop on Formal Techniques for Java-like Programs,FTfJP,ERA2010,C,No,0803,,
1908,Workshop On Java For High-Performance Computing,JHPC,ERA2010,C,No,0803,,
1909,Workshop on Job Scheduling Strategies for Parallel Processing,JSSPP,ERA2010,B,Yes,0805,,
1910,Workshop on Localized Algorithms and Protocols for Wireless Sensor Networks,LOCALGOS,ERA2010,C,No,0802,,
1911,Workshop on Logic and Learning,L&L,ERA2010,C,No,0802,,
1912,"Workshop on Logic, Language, Information and Computation",WoLLIC,ERA2010,B,Yes,0802,,
1913,Workshop on Massive Data Algorithmics,Massive,ERA2010,C,No,0802,,
1914,Workshop on Mobile Computing Systems and Applications,HOTMOBILE,ERA2010,C,No,0805,,
1915,Workshop on Multiparadigm Programming with OO Languages,MPOOL,ERA2010,C,No,0803,,
1916,Workshop on Nature Inspired Distributed Computing,NISDIC,ERA2010,C,No,0805,,
1917,Workshop on Network-Related Data Management,NRDM,ERA2010,C,No,0804,,
1918,Workshop on New Technologies for Personalized Information Access,PIA,ERA2010,C,No,0804,,
1919,Workshop on Object-Oriented Database Systems,OODBS,ERA2010,C,No,0803,,
1920,Workshop on Object-Oriented Development,WOOD,ERA2010,C,No,0803,,
1921,Workshop on On-Line Algorithms,OLA,ERA2010,C,No,0802,,
1922,Workshop on Parallel and Distributed Debugging ACM/ONR,PADD,ERA2010,C,No,0803,,
1923,Workshop on Parameterized Complexity,WPC,ERA2010,C,No,0802,,
1924,Workshop on Physics and Computation,PC,ERA2010,C,No,0802,,
1925,Workshop on Power Aware Computing and Systems,HotPower,ERA2010,B,No,0803,,
1926,Workshop on Probabilistic Graph Theory,PGT,ERA2010,C,No,0802,,
1927,Workshop on Programming Languages and Operating Systems,PLOS,ERA2010,B,Yes,0803,,
1928,Workshop on Quantum Information Processing,QIP,ERA2010,C,No,0802,,
1929,Workshop on Real-Time Databases,RTDB,ERA2010,C,No,0804,,
1930,Workshop on Research Issues in Data Mining and Knowledge Discovery,DMKD,ERA2010,C,No,0804,,
1931,Workshop on Robust Shape Operations,WRSO,ERA2010,C,No,0804,,
1932,International Conference on Runtime Verification (was workshop pre 2010),RV,ERA2010,C,Yes,0803,,
1933,"Workshop on Scientific Knowledge, Information, and Computing",SIDEKIC,ERA2010,C,No,0899,,
1934,Workshop on Security and Privacy in e-Commerce,SPEC,ERA2010,C,No,0806,,
1935,Workshop on Service Oriented Computing,SOCASE,ERA2010,C,No,0805,,
1936,Workshop on the Arithmetic of Finite Fields,WAIFI,ERA2010,C,No,0802,,
1937,Workshop on Theoretical and Algorithmic Aspects of Sensor and Ad-hoc Networks,WTASA,ERA2010,C,No,1006,,
1938,Workshop on Uncertainty in Geometric Computations,GEOM Uncertainty,ERA2010,C,No,0802,,
1939,Workshop on Web Usage Analysis,WebKDD,ERA2010,C,No,0806,,
1940,World Computer Congress,WCC,ERA2010,C,No,08,,
1941,World Conference on the WWW and Internet,WebNet,ERA2010,C,No,0806,,
1942,World Conference on Transport Research,WCTR,ERA2010,A,No,1205,,
1943,"World Congress in Computer Science, Computer Engineering, and Applied Computing",WORLDCOMP,ERA2010,C,No,08,,
1944,World Congress on Computational Mechanics,WCCM,ERA2010,A,No,0905,,
1945,"World Congress on Cost Engineering, Project Management and Quantity Surveying, AACE American Association of Cost Engineers",ICEC,ERA2010,B,No,1202,,
1946,World Congress on Engineering Asset Management,WCEAM-IMS,ERA2010,C,No,09,,
1947,World Congress on Expert Systems,WCES,ERA2010,B,No,0801,,
1948,World Congress on Medical and Health Informatics,MEDINFO,ERA2010,B,No,0806,,
1949,World Congress on Neural Networks,WCNN,ERA2010,B,No,0801,,
1950,World of Construction Project Management Conference,WCPM,ERA2010,B,No,1202,,
1951,World Sustainable Building Conference,SB,ERA2010,C,No,1201,1202,
1952,"WSEAS International Conference on Robotics, Control and Manufacturing Technology",ROCOM,ERA2010,C,No,0902,,
2061,IEEE Congress on Evolutionary Computation,CEC,ERA2010,A,Yes,0801,,
2074,IEEE International Conference on Computer Communications,INFOCOM,ERA2010,A,Yes,0805,,
