Title,Acronym,DblpSeries,has CORE2023 Rank,Field,field_of_research_1,field_of_research_2,field_of_research_3
International Conference on Advanced Communications and Computation,INFOCOMP,N/A,Unranked,"Information and Computing Sciences, , ",Information and Computing Sciences,,
"International Conference on Ambient Systems, Networks and Technologies",ANT,ant,Unranked,"Distributed computing and systems software, , ",Distributed computing and systems software,,
AAAI Conference on Human Computation and Crowdsourcing,HCOMP,hcomp,B,"Human-centred computing, Data management and data science, ",Human-centred computing,Data management and data science,
"ACIS Conference on Software Engineering Research, Management and Applications",SERA,sera,C,"Software engineering, , ",Software engineering,,
"ACM Conference on Applications, Technologies, Architectures, and Protocols for Computer Communication",SIGCOMM,sigcomm,A*,"Distributed computing and systems software, , ",Distributed computing and systems software,,
ACM Conference on Computer and Communications Security,CCS,ccs,A*,"Cybersecurity and privacy, , ",Cybersecurity and privacy,,
ACM Conference on Computer Supported Cooperative Work,CSCW,cscw,A,"Human-centred computing, , ",Human-centred computing,,
ACM Conference on Economics and Computation,EC,sigecom,A*,"Artificial intelligence, Theory of computation, ",Artificial intelligence,Theory of computation,
ACM Conference on Embedded Networked Sensor Systems,SENSYS,sensys,A*,"Distributed computing and systems software, , ",Distributed computing and systems software,,
ACM Conference on Object Oriented Programming Systems Languages and Applications,OOPSLA,oopsla,A,"Software engineering, , ",Software engineering,,
ACM Conference on Security and Privacy in Wireless and Mobile Networks,ACM_WiSec,wisec,B,"Cybersecurity and privacy, , ",Cybersecurity and privacy,,
ACM Information Technology Education,SIGITE,sigite,National: USA,"Human-centred computing, , ",Human-centred computing,,
ACM Int'l Symposium on Field Programmable Gate Arrays,FPGA,fpga,TBR,"CSE - Computer Systems Engineering, , ",CSE - Computer Systems Engineering,,
"ACM International Conference on Advances in Computer Entertainment (merged with DIMEA, Digital Interactive Media in Entertainment and Arts, in 2009)",ACE,N/A,C,"Graphics, augmented reality and games, Human-centred computing, ","Graphics, augmented reality and games",Human-centred computing,
ACM International Conference on Advances in Geographic Information Systems,SIGSPATIAL,gis,A,"Applied computing, Machine learning, Data management and data science",Applied computing,Machine learning,Data management and data science
ACM International Conference on Emerging Networking Experiments and Technologies,CoNEXT,conext,A,"Distributed computing and systems software, , ",Distributed computing and systems software,,
ACM International Conference on Information and Knowledge Management,CIKM,cikm,A,"Data management and data science, Artificial intelligence, ",Data management and data science,Artificial intelligence,
ACM International Conference on Interactive Surfaces and Spaces (was International Workshop on Horizontal Interactive Human-Computer Systems: Tabletop),ISS,tabletop,Journal Published,"Human-centred computing, , ",Human-centred computing,,
ACM International Conference on Knowledge Discovery and Data Mining,KDD,kdd,A*,"Data management and data science, Machine learning, ",Data management and data science,Machine learning,
ACM International Conference on Mobile Computing and Networking,MOBICOM,mobicom,A*,"Distributed computing and systems software, , ",Distributed computing and systems software,,
ACM International Conference on Recommender Systems,RecSys,recsys,A,"Data management and data science, , ",Data management and data science,,
ACM International Conference on Research and Development in Information Retrieval,SIGIR,sigir,A*,"Data management and data science, , ",Data management and data science,,
ACM International Conference on Supercomputing,ICS,ics,A,"CSE - Computer Systems Engineering, Distributed computing and systems software, ",CSE - Computer Systems Engineering,Distributed computing and systems software,
"ACM International Conference on the Foundations of Software Engineering (was ESEC/FSE, changed 2024; duplicate previously listed as ESEC, removed from DB)",FSE,sigsoft,A*,"Software engineering, , ",Software engineering,,
ACM International Conference on Web Search and Data Mining,WSDM,wsdm,A,"Data management and data science, Machine learning, ",Data management and data science,Machine learning,
ACM International Joint Conference on Pervasive and Ubiquitous Computing (PERVASIVE and UbiComp combined from 2013),UbiComp,huc,journal published,"Human-centred computing, , ",Human-centred computing,,
ACM International Symposium on Computer Architecture,ISCA,isca,A*,"CSE - Computer Systems Engineering, Distributed computing and systems software, Software engineering",CSE - Computer Systems Engineering,Distributed computing and systems software,Software engineering
ACM International Symposium on High Performance Distributed Computing,HPDC,hpdc,A,"Distributed computing and systems software, CSE - Computer Systems Engineering, ",Distributed computing and systems software,CSE - Computer Systems Engineering,
ACM International Wireless Communications and Mobile Computing Conference,IWCMC,iwcmc,B,"Distributed computing and systems software, , ",Distributed computing and systems software,,
ACM Multimedia,ACMMM,mm,A*,"Computer vision and multimedia computation, , ",Computer vision and multimedia computation,,
ACM SIG International Conference on Computer Graphics and Interactive Techniques,SIGGRAPH,siggraph,A*,"Graphics, augmented reality and games, Computer vision and multimedia computation, Human-centred computing","Graphics, augmented reality and games",Computer vision and multimedia computation,Human-centred computing
ACM SIGGRAPH/Eurographics Symposium on Computer Animation,SCA,sca,B,"Graphics, augmented reality and games, Computer vision and multimedia computation, ","Graphics, augmented reality and games",Computer vision and multimedia computation,
"ACM SIGMOBILE International Conference on Mobile Systems, Applications and Services",Mobisys,mobisys,A,"Distributed computing and systems software, , ",Distributed computing and systems software,,
ACM SIGMOD-SIGACT-SIGART Conference on Principles of Database Systems,PODS,pods,A*,"Data management and data science, , ",Data management and data science,,
ACM SIGOPS Symposium on Operating Systems Principles,SOSP,sosp,A*,"Distributed computing and systems software, , ",Distributed computing and systems software,,
"ACM SIGPLAN Conference on Languages, Compilers and Tools for Embedded Systems",LCTES,lctrts,B,"Distributed computing and systems software, , ",Distributed computing and systems software,,
ACM SIGPLAN Workshop on Partial Evaluation and Program Manipulation,PEPM,pepm,C,"Software engineering, , ",Software engineering,,
ACM SIGSIM Conference on Principles of Advanced Discrete Simulation (was Parallel and Distributed Simulation),PADS,pads,B,"Distributed computing and systems software, , ",Distributed computing and systems software,,
ACM SIGUCCS Conference on User Services,SIGUCCS,siguccs,National: USA,"Applied computing, , ",Applied computing,,
ACM Special Interest Group on Computer Science Education Conference,SIGCSE,sigcse,A,"Human-centred computing, , ",Human-centred computing,,
ACM Special Interest Group on Management of Data Conference,SIGMOD,sigmod,A*,"Data management and data science, , ",Data management and data science,,
ACM Special Interest Group on Supporting Group Work (was SIGGRoup),Group,group,B,"Human-centred computing, , ",Human-centred computing,,
"ACM Symposium on Access Control Models and Technologies (previously ACM Workshop on Role-Based Access Control, RBAC, changed in 2000)",SACMAT,sacmat,C,"Cybersecurity and privacy, , ",Cybersecurity and privacy,,
ACM Symposium on Applied Computing,SAC,sac,Multiconference,"Applied computing, , ",Applied computing,,
ACM Symposium on Document Engineering,DocEng,doceng,B,"Data management and data science, , ",Data management and data science,,
ACM Symposium on Mobile Ad Hoc Networking and Computing,MOBIHOC,mobihoc,A,"Distributed computing and systems software, , ",Distributed computing and systems software,,
ACM Symposium on Principles of Distributed Computing,PODC,podc,A*,"Distributed computing and systems software, , ",Distributed computing and systems software,,
ACM Symposium on Solid and Physical Modelling,SPM,N/A,C,"Graphics, augmented reality and games, Computer vision and multimedia computation, ","Graphics, augmented reality and games",Computer vision and multimedia computation,
ACM Symposium on Theory of Computing,STOC,stoc,A*,"Theory of computation, , ",Theory of computation,,
ACM Symposium on User Interface Software and Technology,UIST,uist,A*,"Human-centred computing, , ",Human-centred computing,,
ACM Virtual Reality Software and Technology,VRST,vrst,A,"Graphics, augmented reality and games, , ","Graphics, augmented reality and games",,
ACM Workshop on Hot Topics in Networks,HOTNETS,hotnets,National: USA,"Distributed computing and systems software, , ",Distributed computing and systems software,,
ACM-SIGACT Symposium on Principles of Programming Languages,POPL,popl,A*,"Software engineering, , ",Software engineering,,
ACM-SIGPLAN Conference on Programming Language Design and Implementation,PLDI,pldi,A*,"Software engineering, , ",Software engineering,,
ACM-SIGRAPH Interactive 3D Graphics and Games,I3DG,si3d,B,"Graphics, augmented reality and games, Human-centred computing, ","Graphics, augmented reality and games",Human-centred computing,
ACM/IEEE International Conference on Human-Robot Interaction,HRI,hri,A,"Human-centred computing, Artificial intelligence, ",Human-centred computing,Artificial intelligence,
"ACM/IEEE International Conference on Modelling, Analysis and Simulation of Wireless and Mobile Systems",MSWIM,mswim,A,"Distributed computing and systems software, , ",Distributed computing and systems software,,
ACM/IEEE Symposium on Edge Computing,SEC,ieeesec,unranked,"Distributed computing and systems software, , ",Distributed computing and systems software,,
ACM/IFIP/USENIX International Middleware Conference,Middleware,middleware,A,"Distributed computing and systems software, , ",Distributed computing and systems software,,
ACM/SIAM Symposium on Discrete Algorithms,SODA,soda,A*,"Theory of computation, , ",Theory of computation,,
ACM/SPEC International Conference on Performance Engineering,ICPE,wosp,B,"Software engineering, Distributed computing and systems software, ",Software engineering,Distributed computing and systems software,
ACS/IEEE International Conference on Computer Systems and Applications,AICCSA,aiccsa,C,"Information and Computing Sciences, , ",Information and Computing Sciences,,
Advanced Concepts for Intelligent Vision Systems,ACIVS,acivs,B,"Computer vision and multimedia computation, , ",Computer vision and multimedia computation,,
Advanced Visual Interfaces,AVI,avi,B,"Human-centred computing, , ",Human-centred computing,,
Advances in Cryptology,CRYPTO,crypto,A*,"Cybersecurity and privacy, , ",Cybersecurity and privacy,,
Advances in Modal Logic,AiML,aiml,B,"Theory of computation, , ",Theory of computation,,
Advances in Neural Information Processing Systems (was NIPS),NeurIPS,nips,A*,"Machine learning, , ",Machine learning,,
Algorithmic Learning Theory,ALT,alt,B,"Machine learning, , ",Machine learning,,
Algorithms and Data Structures Symposium (was Workshop on Algorithms and Data Structures),WADS,wads,B,"Theory of computation, , ",Theory of computation,,
American Medical Informatics Annual Fall Symposium,AMIA,amia,National: USA,"Applied computing, , ",Applied computing,,
Annual Computer Security Applications Conference,ACSAC,acsac,A,"Cybersecurity and privacy, , ",Cybersecurity and privacy,,
Annual Conference on Computer Science Logic,CSL,csl,B,"Theory of computation, , ",Theory of computation,,
Annual Conference on Innovation and Technology in Computer Science Education,ITiCSE,iticse,B,"Human-centred computing, , ",Human-centred computing,,
"Annual Conference on Privacy, Security and Trust",PST,pst,C,"Cybersecurity and privacy, , ",Cybersecurity and privacy,,
Annual International Workshop on Presence,ISPR,N/A,C,"Graphics, augmented reality and games, Human-centred computing, ","Graphics, augmented reality and games",Human-centred computing,
Annual Meeting of the Cognitive Science Society,CogSci,cogsci,B,"Artificial intelligence, , ",Artificial intelligence,,
Annual Meeting of the Special Interest Group on Discourse and Dialog,SIGdial,sigdial,B,"Artificial intelligence, , ",Artificial intelligence,,
Applications of Information Visualization,IV-App,N/A,C,"Human-centred computing, , ",Human-centred computing,,
Applications of Natural Language to Data Bases,NLDB,nldb,C,"Artificial intelligence, Data management and data science, ",Artificial intelligence,Data management and data science,
Applied Computing Conference,ACC,N/A,C,"Applied computing, , ",Applied computing,,
Architectural Support for Programming Languages and Operating Systems,ASPLOS,asplos,A*,"Software engineering, Distributed computing and systems software, ",Software engineering,Distributed computing and systems software,
Artificial Intelligence Applications and Innovations,AIAI,aiai,C,"Applied computing, Artificial intelligence, ",Applied computing,Artificial intelligence,
"ArtsIT, Interactivity & Game Creation (was International Conference on Arts and Technology)",ArtsIT,artsit,C,"Graphics, augmented reality and games, Human-centred computing, ","Graphics, augmented reality and games",Human-centred computing,
Asia and South Pacific Design Automation Conference,ASPDAC,aspdac,C,"Distributed computing and systems software, , ",Distributed computing and systems software,,
"Asia Conference on Information, Computer and Communications Security",AsiaCCS,asiaccs,A,"Cybersecurity and privacy, , ",Cybersecurity and privacy,,
Asia Pacific Conference on Communications,APCC,apcc,C,"Distributed computing and systems software, , ",Distributed computing and systems software,,
Asia Pacific Symposium on Intelligent and Evolutionary Systems (was Australia-Japan Joint Workshop on Intelligent and Evolutionary Systems),IES,N/A,C,"Artificial intelligence, , ",Artificial intelligence,,
Asia-Pacific Bioinformatics Conference,APBC,apbc,B,"Applied computing, , ",Applied computing,,
Asia-Pacific Conference on Conceptual Modelling,APCCM,N/A,Australasian C,"Data management and data science, , ",Data management and data science,,
Asia-Pacific Network Operations and Management Symposium,APNOMS,apnoms,C,"Distributed computing and systems software, , ",Distributed computing and systems software,,
Asia-Pacific Services Computing Conference,APSCC,N/A,C,"Distributed computing and systems software, , ",Distributed computing and systems software,,
Asia-Pacific Software Engineering Conference,APSEC,apsec,C,"Software engineering, , ",Software engineering,,
Asian Conference on Computer Vision,ACCV,accv,B,"Computer vision and multimedia computation, , ",Computer vision and multimedia computation,,
Asian Conference on Intelligent Information and Database Systems,ACIIDS,aciids,B,"Data management and data science, Artificial intelligence, ",Data management and data science,Artificial intelligence,
Asian Conference on Machine Learning,ACML,acml,Unranked,"Machine learning, , ",Machine learning,,
ASIAN Symposium on Programming Languages and Systems,APLAS,aplas,B,"Software engineering, , ",Software engineering,,
"Asilomar Conference on Signals, Systems and Computing",ACSSC,acssc,National: USA,"Distributed computing and systems software, , ",Distributed computing and systems software,,
Association for Computational Linguistics,ACL,acl,A*,"Artificial intelligence, , ",Artificial intelligence,,
Association for Computer-Aided Architectural Design Research in Asia (CAADRIA) annual conference,CAADRIA,N/A,C,"Applied computing, , ",Applied computing,,
Australasian Conference on Combinatorial Mathematics and Combinatorial Computing,ACCMCC,N/A,Australasian C,"Theory of computation, , ",Theory of computation,,
Australasian Conference on Information Security and Privacy,ACISP,acisp,Australasian B,"Cybersecurity and privacy, , ",Cybersecurity and privacy,,
Australasian Conference on Robotics and Automation,ACRA,N/A,Australasian C,"Artificial intelligence, Computer vision and multimedia computation, ",Artificial intelligence,Computer vision and multimedia computation,
Australasian Database Conference,ADC,adc,Australasian B,"Data management and data science, , ",Data management and data science,,
Australasian Document Computing Symposium,ADCS,adcs,Australasian B,"Data management and data science, , ",Data management and data science,,
Australasian Information Security Conference,AISC,auisc,Australasian C,"Cybersecurity and privacy, , ",Cybersecurity and privacy,,
Australasian Joint Conference on Artificial Intelligence,AI,ausai,Australasian B,"Artificial intelligence, Machine learning, Computer vision and multimedia computation",Artificial intelligence,Machine learning,Computer vision and multimedia computation
Australasian Language Technology Workshop,ALTA,acl-alta,Australasian C,"Artificial intelligence, , ",Artificial intelligence,,
Australasian Speech Science and Technology,SST,N/A,Australasian C,"Artificial intelligence, , ",Artificial intelligence,,
Australasian Symposium on Parallel and Distributed Computing (was AusGrid),AusPDC,N/A,Australasian C,"Distributed computing and systems software, , ",Distributed computing and systems software,,
Australian Computer Human Interaction Conference,OZCHI,ozchi,Australasian B,"Human-centred computing, , ",Human-centred computing,,
Australian Data Mining Conference,AusDM,ausdm,Australasian C,"Data management and data science, Machine learning, ",Data management and data science,Machine learning,
Australian Institute of Computer Ethics Conference,AICE,N/A,Australasian C,"Human-centred computing, , ",Human-centred computing,,
Automated Software Engineering Conference,ASE,kbse,A*,"Software engineering, , ",Software engineering,,
Automation of Software Test,AST,ast,C,"Software engineering, , ",Software engineering,,
Body Sensor Networks,BSN,bsn,C,"Applied computing, , ",Applied computing,,
British Computer Society Conference on Human-Computer Interaction,HCI,N/A,National,"Human-centred computing, , ",Human-centred computing,,
British Machine Vision Conference,BMVC,bmvc,A,"Computer vision and multimedia computation, , ",Computer vision and multimedia computation,,
CHI PLAY: The Annual Symposium on Computer-Human Interaction in Play,CHI PLAY,chiplay,Journal Published,"Human-centred computing, Graphics, augmented reality and games, ",Human-centred computing,"Graphics, augmented reality and games",
Cologne-Twente Workshop on Graphs and Combinatorial Optimization,CTW,N/A,C,"Theory of computation, , ",Theory of computation,,
Combinatorial Pattern Matching,CPM,cpm,B,"Computer vision and multimedia computation, , ",Computer vision and multimedia computation,,
Computability in Europe: Logic and Theory of Algorithms,CiE,cie,C,"Theory of computation, , ",Theory of computation,,
Computational Intelligence in Security for Information Systems,CISIS,cisis-spain,National: Spain,"Cybersecurity and privacy, , ",Cybersecurity and privacy,,
Computer Aided Verification,CAV,cav,A*,"Software engineering, Theory of computation, ",Software engineering,Theory of computation,
Computer Algebra in Scientific Computing,CASC,casc,B,"Theory of computation, , ",Theory of computation,,
"Computer Animation, Information Visualisation, and Digital Effects",CAivDE,N/A,C,"Graphics, augmented reality and games, Computer vision and multimedia computation, ","Graphics, augmented reality and games",Computer vision and multimedia computation,
Computer Graphics International,CGI,cgi,C,"Graphics, augmented reality and games, Computer vision and multimedia computation, ","Graphics, augmented reality and games",Computer vision and multimedia computation,
Computer Sciences and Information Technologies,CSIT,N/A,National,"Artificial intelligence, Software engineering, Data management and data science",Artificial intelligence,Software engineering,Data management and data science
Conference for the International Simulation and Gaming Association,ISAGA,isaga,C,"Graphics, augmented reality and games, Human-centred computing, ","Graphics, augmented reality and games",Human-centred computing,
Conference in Uncertainty in Artificial Intelligence,UAI,uai,A,"Artificial intelligence, , ",Artificial intelligence,,
Conference of the Association for Machine Translation in the Americas,AMTA,amta,National/Regional,"Artificial intelligence, , ",Artificial intelligence,,
Conference of the Association of Asian-Pacific Operational Research Societies,APORS,N/A,C,"Artificial intelligence, , ",Artificial intelligence,,
Conference of the European Association for Machine Translation,EAMT,eamt,C,"Artificial intelligence, , ",Artificial intelligence,,
Conference of the European Society for Fuzzy Logic and Technologies,EUSFLAT,eusflat,C,"Artificial intelligence, Theory of computation, Applied computing",Artificial intelligence,Theory of computation,Applied computing
Conference on Agile Software Development,XP,xpu,B,"Software engineering, , ",Software engineering,,
Conference on Algebra and Coalgebra in Computer Science,CALCO,calco,B,"Theory of computation, , ",Theory of computation,,
Conference on Algorithmic Aspects in Information and Management,AAIM,aaim,C,"Theory of computation, , ",Theory of computation,,
Conference on Combinatorial Optimization and Applications,COCOA,cocoa,C,"Artificial intelligence, , ",Artificial intelligence,,
Conference on Computational Natural Language Learning,CoNLL,conll,B,"Artificial intelligence, Machine learning, ",Artificial intelligence,Machine learning,
CONFERENCE ON COMPUTER SCIENCE AND INTELLIGENCE SYSTEMS,FedCSIS,fedcsis,Multi-conference,"Artificial intelligence, Software engineering, Applied computing",Artificial intelligence,Software engineering,Applied computing
Conference on File and Storage Technologies,FAST,fast,A,"Data management and data science, , ",Data management and data science,,
Conference on Fun with Algorithms,FUN,fun,National: Italy,"Theory of computation, Data management and data science, ",Theory of computation,Data management and data science,
Conference on Games (was Computational Intelligence and Games CIG),COG,cig,C,"Graphics, augmented reality and games, Human-centred computing, ","Graphics, augmented reality and games",Human-centred computing,
Conference on Information Sciences and Systems,CISS,ciss,National: USA,"Distributed computing and systems software, , ",Distributed computing and systems software,,
"Conference on Innovation in Clouds, Internet and Networks",ICIN,icin,National: France,"Distributed computing and systems software, , ",Distributed computing and systems software,,
Conference on Innovative Data Systems Research,CIDR,cidr,A,"Data management and data science, , ",Data management and data science,,
Conference on Integer Programming and Combinatorial Optimization,IPCO,ipco,A,"Theory of computation, , ",Theory of computation,,
Conference on Intelligent Computer Mathematics,CICM,mkm,C,"Theory of computation, Software engineering, Artificial intelligence",Theory of computation,Software engineering,Artificial intelligence
"Conference on Interactive Theorem Proving (previously TPHOLs, changed in 2009)",ITP,itp,A,"Theory of computation, , ",Theory of computation,,
Conference on Learning Theory,COLT,colt,A*,"Machine learning, Artificial intelligence, ",Machine learning,Artificial intelligence,
Conference on Robot Learning,CoRL,corl,Unranked,"Artificial intelligence, Machine learning, Computer vision and multimedia computation",Artificial intelligence,Machine learning,Computer vision and multimedia computation
Conference on Security and Cryptography for Networks,SCN,scn,National: Italy,"Cybersecurity and privacy, , ",Cybersecurity and privacy,,
"Conference on Software Engineering Education and Training (previously Conference is Software Engineering Education, CSEE, changed in 1997)",CSEET,csee,C,"Human-centred computing, , ",Human-centred computing,,
Conference on Software in Telecommunications and Computer Networks,SOFTCOM,softcom,National: Croatia,"Distributed computing and systems software, , ",Distributed computing and systems software,,
Conference on Theory and Applications of Models of Computation,TAMC,tamc,C,"Theory of computation, , ",Theory of computation,,
Conference on Visualization and Data Analysis,VDA,vda,National: USA,"Human-centred computing, , ",Human-centred computing,,
"Cooperative Design, Visualization, and Engineering",CDVE,cdve,C,"Human-centred computing, , ",Human-centred computing,,
Cryptographers Track at RSA Conference,CT-RSA,ctrsa,B,"Cybersecurity and privacy, , ",Cybersecurity and privacy,,
Current Trends in Theory and Practice of Computer Science,SOFSEM,sofsem,B,"Information and Computing Sciences, , ",Information and Computing Sciences,,
Data Compression Conference,DCC,dcc,B,"Data management and data science, , ",Data management and data science,,
Data Warehousing and Knowledge Discovery,DaWaK,dawak,B,"Data management and data science, Machine learning, ",Data management and data science,Machine learning,
"Datenbanksysteme für Business, Technologie und Web",BTW,btw,National:Germany,"Data management and data science, , ",Data management and data science,,
Design Automation Conf,DAC,dac,TBR,"CSE - Computer Systems Engineering, , ",CSE - Computer Systems Engineering,,
"Design, Automation and Test in Europe Conference",DATE,date,B,"CSE - Computer Systems Engineering, Software engineering, ",CSE - Computer Systems Engineering,Software engineering,
Designing Interactive Systems,DIS,ACMdis,A,"Human-centred computing, , ",Human-centred computing,,
Developments in eSystems Engineering,DeSE,dese,C,"Information and Computing Sciences, , ",Information and Computing Sciences,,
Developments in Language Theory,DLT,dlt,C,"Theory of computation, , ",Theory of computation,,
Digital Audio Effects Conference,DAFX,dafx,C,"Computer vision and multimedia computation, , ",Computer vision and multimedia computation,,
Digital Games Research Conference,DIGRA,digra,C,"Graphics, augmented reality and games, Human-centred computing, ","Graphics, augmented reality and games",Human-centred computing,
Digital Image Computing Techniques and Applications,DICTA,dicta,Australasian C,"Computer vision and multimedia computation, , ",Computer vision and multimedia computation,,
Discovery Science,DS,dis,B,"Machine learning, Artificial intelligence, Applied computing",Machine learning,Artificial intelligence,Applied computing
DNA Computing and Molecular Programming,DNA,dna,B,"Applied computing, , ",Applied computing,,
Dynamic Languages Symposium,DLS,dls,C,"Software engineering, , ",Software engineering,,
Educational Data Mining,EDM,edm,B,"Applied computing, , ",Applied computing,,
"EMAS (merger of DALT, AOSE and PROMAS)",EMAS,emas,B,"Artificial intelligence, , ",Artificial intelligence,,
Empirical Methods in Natural Language Processing,EMNLP,emnlp,A*,"Artificial intelligence, , ",Artificial intelligence,,
Engineering Interactive Computing Systems,EICS,eics,Journal Published,"Human-centred computing, Software engineering, ",Human-centred computing,Software engineering,
ETHICOMP Conference,ETHICOMP,N/A,C,"Human-centred computing, , ",Human-centred computing,,
EURO AMERICAN CONFERENCE ON TELEMATICS AND INFORMATION SYSTEMS,EATIS,eatis,C,"Distributed computing and systems software, Human-centred computing, ",Distributed computing and systems software,Human-centred computing,
Euro XR International Conference (was Euro VR),Euro XR,eurovr,C,"Graphics, augmented reality and games, Human-centred computing, ","Graphics, augmented reality and games",Human-centred computing,
"EuroConference on Combinatorics, Graph Theory and Applications",EUroComb,N/A,C,"Theory of computation, , ",Theory of computation,,
Eurographics Symposium on Parallel Graphics and Visualization,EGPGV,egpgv,C,"Graphics, augmented reality and games, Computer vision and multimedia computation, ","Graphics, augmented reality and games",Computer vision and multimedia computation,
Eurographics/IEEE Symposium on Visualization,EuroVis,vissym,B,"Graphics, augmented reality and games, Human-centred computing, ","Graphics, augmented reality and games",Human-centred computing,
Euromicro Conference on Real-Time Systems,ECRTS,ecrts,B,"Distributed computing and systems software, , ",Distributed computing and systems software,,
Euromicro Conference on Software Engineering and Advanced Applications,SEAA,euromicro,B,"Software engineering, Applied computing, ",Software engineering,Applied computing,
"Euromicro International Conference on Parallel, Distributed and Network Based Processing",PDP,pdp,C,"Distributed computing and systems software, , ",Distributed computing and systems software,,
European Association for Computational Linguistics,EACL,eacl,A,"Artificial intelligence, , ",Artificial intelligence,,
European Chapter on Combinatorial Optimization,ECCO,N/A,C,"Theory of computation, , ",Theory of computation,,
European Conference on Artificial Intelligence,ECAI,ecai,A,"Artificial intelligence, Computer vision and multimedia computation, Machine learning",Artificial intelligence,Computer vision and multimedia computation,Machine learning
European Conference on Computational Biology,ECCB,N/A,C,"Applied computing, , ",Applied computing,,
European Conference on Computer Supported Cooperative Work,ECSCW,ecscw,B,"Human-centred computing, , ",Human-centred computing,,
European Conference on Computer Vision,ECCV,eccv,A*,"Computer vision and multimedia computation, , ",Computer vision and multimedia computation,,
European Conference on Digital Government (was European Conference on e-Government ECEG),ECDG,N/A,C,"Applied computing, , ",Applied computing,,
European Conference on Evolutionary Computation in Combinatorial Optimisation,EvoCOP,evoW/evocop2019.html,B,"Artificial intelligence, , ",Artificial intelligence,,
European Conference on Genetic Programming,EUROGP,eurogp,B,"Artificial intelligence, , ",Artificial intelligence,,
European Conference on Information Retrieval,ECIR,ecir,A,"Data management and data science, , ",Data management and data science,,
European Conference on Machine Learning and Principles and Practice of Knowledge Discovery in Database (PKDD and ECML combined from 2008),ECML PKDD,pkdd,A,"Machine learning, Data management and data science, ",Machine learning,Data management and data science,
European Conference on Modelling Foundations and Applications,ECMFA,ecmdafa,B,"Software engineering, , ",Software engineering,,
European Conference on Multi-Agent Systems,EUMAS,eumas,C,"Artificial intelligence, , ",Artificial intelligence,,
European Conference on Object-Oriented Programming,ECOOP,ecoop,A,"Software engineering, , ",Software engineering,,
European Conference on Operations Research,EURO,N/A,C,"Artificial intelligence, , ",Artificial intelligence,,
European Conference on Pattern Languages of Programs,EuroPLop,europlop,National: Germany,"Software engineering, , ",Software engineering,,
European Conference on Software Architecture,ECSA,ecsa,A,"Software engineering, , ",Software engineering,,
European Conference on Symbolic and Quantitative Approaches to Reasoning with Uncertainty,ECSQARU,ecsqaru,C,"Artificial intelligence, , ",Artificial intelligence,,
European Conference on Technology Enhanced Learning,EC-TEL,ectel,B,"Applied computing, Human-centred computing, ",Applied computing,Human-centred computing,
European Dependable Computing Conference,EDCC,edcc,Unranked,"Cybersecurity and privacy, Software engineering, Distributed computing and systems software",Cybersecurity and privacy,Software engineering,Distributed computing and systems software
European MPI Users' Group Conference,EuroMPI,pvm,C,"Distributed computing and systems software, , ",Distributed computing and systems software,,
European SPI,EuroSPI,eurospi,B,"Software engineering, , ",Software engineering,,
European Symposium on Algorithms,ESA,esa,A,"Theory of computation, , ",Theory of computation,,
European Symposium on Artificial Neural Networks,ESANN,esann,B,"Machine learning, , ",Machine learning,,
European Symposium on Programming,ESOP,esop,A,"Software engineering, , ",Software engineering,,
European Symposium On Research In Computer Security,ESORICS,esorics,A,"Cybersecurity and privacy, , ",Cybersecurity and privacy,,
European Workshop on Computational Geometry,EuroCG,N/A,C,"Theory of computation, , ",Theory of computation,,
European-Japanese Conference on Information Modelling and Knowledge Bases,EJC,ejc,C,"Data management and data science, , ",Data management and data science,,
Eurosys Conference,EuroSys,eurosys,A,"Distributed computing and systems software, , ",Distributed computing and systems software,,
Exploring Modelling Methods in Systems Analysis and Design,EMMSAD,emmsad,C,"Software engineering, , ",Software engineering,,
Extended Semantic Web Conference (was European Semantic Web Conference),ESWC,esws,B,"Data management and data science, , ",Data management and data science,,
Extending Database Technology,EDBT,edbt,A,"Data management and data science, , ",Data management and data science,,
Eye Tracking Research and Applications,ETRA,etra,B,"Human-centred computing, Graphics, augmented reality and games, Computer vision and multimedia computation",Human-centred computing,"Graphics, augmented reality and games",Computer vision and multimedia computation
Field Programmable Logic and Applications,FPL,fpl,TBR,"CSE - Computer Systems Engineering, , ",CSE - Computer Systems Engineering,,
Financial Cryptography and Data Security Conference,FC,fc,A,"Cybersecurity and privacy, , ",Cybersecurity and privacy,,
Flexible Query-Answering Systems,FQAS,fqas,C,"Data management and data science, , ",Data management and data science,,
Florida Artificial Intelligence Research Society Conference,FlAIRS,N/A,National: USA,"Artificial intelligence, , ",Artificial intelligence,,
Formal Methods in Computer-Aided Design,FMCAD,fmcad,B,"Software engineering, , ",Software engineering,,
Forum on Specification and Design Languages,FDL,fdl,C,"Software engineering, , ",Software engineering,,
Foundations of Genetic Algorithms,FOGA,foga,A,"Artificial intelligence, , ",Artificial intelligence,,
Foundations of Software Science and Computational Structures,FOSSACS,fossacs,A,"Theory of computation, Software engineering, ",Theory of computation,Software engineering,
Foundations of Software Technology and Theoretical Computer Science,FST&TCS,fsttcs,National: India,"Theory of computation, , ",Theory of computation,,
Frontiers in Education,FIE,fie,C,"Human-centred computing, , ",Human-centred computing,,
Fundamental Approaches to Software Engineering,FASE,fase,B,"Software engineering, , ",Software engineering,,
Genetic and Evolutionary Computations,GECCO,gecco,A,"Artificial intelligence, , ",Artificial intelligence,,
Geometry Modeling and Processing,GMP,N/A,C,"Theory of computation, Graphics, augmented reality and games, ",Theory of computation,"Graphics, augmented reality and games",
"GI International Conference on Detection of Intrusions and Malware, and Vulnerability Assessment",DIMVA,dimva,C,"Cybersecurity and privacy, , ",Cybersecurity and privacy,,
Graph Drawing,GD,gd,A,"Theory of computation, , ",Theory of computation,,
Graphics Interface,GI,graphicsinterface,B,"Graphics, augmented reality and games, Human-centred computing, ","Graphics, augmented reality and games",Human-centred computing,
Haskell Workshop,HASKELL,haskell,C,"Software engineering, , ",Software engineering,,
HCist - International Conference on Health and Social Care Information Systems and Technologies,HCist,N/A,Unranked,"Applied computing, , ",Applied computing,,
Health Informatics Conference,HIC,N/A,Australasian C,"Applied computing, , ",Applied computing,,
Heterogeneity in Computing Workshop,HCW,N/A,C,"Distributed computing and systems software, , ",Distributed computing and systems software,,
Human System Interaction,HSI,hsi,C,"Human-centred computing, , ",Human-centred computing,,
Human-Agent Interaction,HAI,hai,B,"Human-centred computing, , ",Human-centred computing,,
IADIS International Conference Applied Computing,IADIS AC,N/A,C,"Applied computing, , ",Applied computing,,
IberoAmerican Congress on Pattern Recognition,CIARP,ciarp,C,"Computer vision and multimedia computation, Machine learning, ",Computer vision and multimedia computation,Machine learning,
"ICT in Education, Research, and Industrial Applications",ICTERI,icteri,National: Ukraine,"Applied computing, Data management and data science, ",Applied computing,Data management and data science,
IEEE Automatic Speech Recognition and Understanding Workshop,ASRU,asru,C,"Artificial intelligence, , ",Artificial intelligence,,
IEEE Bioinformatics and Bioengineering,BIBE,bibe,C,"Applied computing, , ",Applied computing,,
IEEE Computer Security Foundations Symposium (was CSFW),CSF,csfw,A,"Cybersecurity and privacy, , ",Cybersecurity and privacy,,
IEEE Conference of the Open Innovations Association FRUCT,FRUCT,fruct,Regional,"Distributed computing and systems software, Theory of computation, ",Distributed computing and systems software,Theory of computation,
IEEE Conference on Cognitive and Computational Aspects of Situation Management,CogSIMA,cogsima,National:USA,"Distributed computing and systems software, , ",Distributed computing and systems software,,
IEEE Conference on Computational Complexity,CCC,coco,A,"Theory of computation, , ",Theory of computation,,
IEEE Conference on Computer Vision and Pattern Recognition,CVPR,cvpr,A*,"Computer vision and multimedia computation, , ",Computer vision and multimedia computation,,
IEEE Conference on Local Computer Networks,LCN,lcn,B,"Distributed computing and systems software, , ",Distributed computing and systems software,,
IEEE Conference on Mass Storage Systems and Technologies,MSST,mss,National: USA,"Distributed computing and systems software, , ",Distributed computing and systems software,,
"IEEE Conference on Systems, Man and Cybernetics",SMC,smc,B,"Human-centred computing, , ",Human-centred computing,,
IEEE Conference on Virtual Reality and 3D User Interfaces,VR,vr,A*,"Graphics, augmented reality and games, Human-centred computing, ","Graphics, augmented reality and games",Human-centred computing,
IEEE Congress on Evolutionary Computation,CEC,cec,B,"Artificial intelligence, , ",Artificial intelligence,,
IEEE Congress on Services,SERVICES,services,B,"Distributed computing and systems software, , ",Distributed computing and systems software,,
IEEE Consumer Communications and Networking Conference,IEEE CCNC,ccnc,B,"Distributed computing and systems software, , ",Distributed computing and systems software,,
IEEE European Symposium on Security and Privacy,EuroS&P,eurosp,A,"Cybersecurity and privacy, , ",Cybersecurity and privacy,,
IEEE European Test Symposium,ETS,ets,TBR,"CSE - Computer Systems Engineering, , ",CSE - Computer Systems Engineering,,
IEEE Global Telecommunications Conference,GLOBECOM,globecom,B,"Distributed computing and systems software, , ",Distributed computing and systems software,,
IEEE Industrial Electronics Society,IECON,iecon,TBR,"CSE - Computer Systems Engineering, , ",CSE - Computer Systems Engineering,,
IEEE Industry Applications Society Annual Conference,IAS,iasam,National: USA,"Applied computing, , ",Applied computing,,
"IEEE International Conference on Acoustics, Speech and Signal Processing",ICASSP,icassp,B,"Computer vision and multimedia computation, , ",Computer vision and multimedia computation,,
IEEE International Conference on Advanced Learning Technologies,ICALT,icalt,B,"Applied computing, Human-centred computing, ",Applied computing,Human-centred computing,
IEEE International Conference on Advanced Video and Signal Based Surveillance,AVSS,avss,B,"Computer vision and multimedia computation, , ",Computer vision and multimedia computation,,
IEEE International Conference on Automatic Face and Gesture Recognition,FG,fgr,B,"Computer vision and multimedia computation, , ",Computer vision and multimedia computation,,
IEEE International Conference on Automation Science and Engineering,CASE,case,TBR,"CSE - Computer Systems Engineering, , ",CSE - Computer Systems Engineering,,
IEEE International Conference on Big Data,BigData,bigdataconf,B,"Data management and data science, Machine learning, Artificial intelligence",Data management and data science,Machine learning,Artificial intelligence
IEEE International Conference on Blockchain and Cryptocurrency,ICBC,icbc2,C,"Distributed computing and systems software, Cybersecurity and privacy, Software engineering",Distributed computing and systems software,Cybersecurity and privacy,Software engineering
IEEE International Conference on Cloud Computing,CLOUD,IEEEcloud,B,"Distributed computing and systems software, , ",Distributed computing and systems software,,
IEEE International Conference on Cloud Computing in Emerging Markets,CCEM,N/A,National:India,"Distributed computing and systems software, Artificial intelligence, Data management and data science",Distributed computing and systems software,Artificial intelligence,Data management and data science
IEEE International Conference on Cloud Computing Technology and Science (International Conference on Cloud Computing pre 2010),CloudCom,cloudcom,C,"Distributed computing and systems software, , ",Distributed computing and systems software,,
IEEE International Conference on Cluster Computing,CLUSTER,cluster,B,"Distributed computing and systems software, , ",Distributed computing and systems software,,
IEEE International Conference on Cognitive Informatics,ICCI,IEEEicci,C,"Artificial intelligence, Machine learning, ",Artificial intelligence,Machine learning,
IEEE International Conference on Computer and Information Technology,CIT,cit,C,"Information and Computing Sciences, , ",Information and Computing Sciences,,
IEEE International Conference on Computer Communications,INFOCOM,infocom,A*,"Distributed computing and systems software, , ",Distributed computing and systems software,,
IEEE International Conference on Computer Design,ICCD,iccd,TBR,"CSE - Computer Systems Engineering, , ",CSE - Computer Systems Engineering,,
IEEE International Conference on Computer Vision,ICCV,iccv,A*,"Computer vision and multimedia computation, , ",Computer vision and multimedia computation,,
IEEE International Conference on Cybernetics and Intelligent Systems,CIS,N/A,C,"Artificial intelligence, , ",Artificial intelligence,,
IEEE International Conference on Data Mining,ICDM,icdm,A*,"Data management and data science, Machine learning, ",Data management and data science,Machine learning,
IEEE International Conference on Data Science and Advanced Analytics,DSAA,dsaa,B,"Data management and data science, Machine learning, ",Data management and data science,Machine learning,
IEEE International Conference on Data Science and Engineering,ICDSE,N/A,National:India,"Data management and data science, Machine learning, ",Data management and data science,Machine learning,
IEEE International Conference on Distributed Computing in Sensor Systems,DCOSS,dcoss,B,"Distributed computing and systems software, , ",Distributed computing and systems software,,
IEEE International Conference on Document Analysis and Recognition,ICDAR,icdar,A,"Data management and data science, , ",Data management and data science,,
IEEE International Conference on e-Science and Grid Computing,e-Science,eScience,B,"Distributed computing and systems software, Applied computing, Software engineering",Distributed computing and systems software,Applied computing,Software engineering
IEEE international conference on ehealth networking applications and services (was International Workshop on Enterprise Networking and Computing in Health Care Industry; changed 2006),HealthCom,healthcom,C,"Applied computing, , ",Applied computing,,
IEEE International Conference on Emerging Technologies and Factory Automation,ETFA,etfa,TBR,"CSE - Computer Systems Engineering, , ",CSE - Computer Systems Engineering,,
IEEE International Conference on Engineering of Complex Computer Systems,ICECCS,iceccs,B,"Software engineering, Distributed computing and systems software, ",Software engineering,Distributed computing and systems software,
IEEE International Conference on Fog and Edge Computing,ICFEC,icfec,C,"Distributed computing and systems software, Applied computing, ",Distributed computing and systems software,Applied computing,
IEEE International Conference on Fuzzy Systems,FUZZ-IEEE,fuzzIEEE,B,"Artificial intelligence, , ",Artificial intelligence,,
IEEE International Conference on Global Software Engineering,ICGSE,icgse,C,"Software engineering, , ",Software engineering,,
IEEE International Conference on High Performance Computing and Communications,HPCC,hpcc,C,"Distributed computing and systems software, , ",Distributed computing and systems software,,
IEEE International Conference on Image Processing,ICIP,icip,B,"Computer vision and multimedia computation, , ",Computer vision and multimedia computation,,
IEEE International Conference on Industrial Informatics,INDIN,indin,TBR,"CSE - Computer Systems Engineering, , ",CSE - Computer Systems Engineering,,
IEEE International Conference on Information Reuse and Integration,IRI,iri,National: USA,"Data management and data science, Artificial intelligence, ",Data management and data science,Artificial intelligence,
IEEE International Conference on Intelligence and Security Informatics,ISI,isi,C,"Cybersecurity and privacy, , ",Cybersecurity and privacy,,
IEEE International Conference on Intelligent Computer Communication and Processing,ICCP,iccp2,National: Romania,"Artificial intelligence, , ",Artificial intelligence,,
IEEE International Conference on Intelligent Systems,IEEE IS,is,C,"Artificial intelligence, , ",Artificial intelligence,,
IEEE International Conference on Mobile Ad-hoc and Sensor Systems,MASS,mass,B,"Distributed computing and systems software, , ",Distributed computing and systems software,,
IEEE International Conference on Multimedia and Expo,ICME,icmcs,A,"Computer vision and multimedia computation, , ",Computer vision and multimedia computation,,
IEEE International Conference on Pervasive Computing and Communications,PERCOM,percom,A*,"Human-centred computing, Distributed computing and systems software, ",Human-centred computing,Distributed computing and systems software,
"IEEE International Conference on Program Comprehension (previously IWPC, changed in 2006)",ICPC,iwpc,A,"Software engineering, , ",Software engineering,,
IEEE International Conference on Quantum Computing and Engineering,QCE,qce,TBR,"CSE - Computer Systems Engineering, , ",CSE - Computer Systems Engineering,,
IEEE International Conference on Robotics and Automation,ICRA,icra,A*,"Artificial intelligence, CSE - Computer Systems Engineering, ",Artificial intelligence,CSE - Computer Systems Engineering,
"IEEE International Conference on Sensing, Communication and Networking",SECON,secon,B,"Distributed computing and systems software, , ",Distributed computing and systems software,,
"IEEE International Conference on Software Analysis, Evolution and Reengineering",SANER,saner,A,"Software engineering, , ",Software engineering,,
"IEEE International Conference on Software Maintenance and Evolution (prior to 2014 was ICSM, IEEE International Conference on Software Maintenance)",ICSME,icsm,A,"Software engineering, , ",Software engineering,,
IEEE International Conference on Software Services Engineering (previously IEEE International Conference on Services Computing SCC),IEEE SSE,IEEEscc,B,"Distributed computing and systems software, , ",Distributed computing and systems software,,
IEEE International Conference on Visual Communications and Image Processing (was SPIE ... pre 2011),VCIP,vcip,C,"Computer vision and multimedia computation, , ",Computer vision and multimedia computation,,
IEEE International Conference on Web Services,ICWS,icws,A,"Distributed computing and systems software, , ",Distributed computing and systems software,,
"IEEE International Conference on Wireless and Mobile Computing, Networking and Communications",WiMob,wimob,B,"Distributed computing and systems software, , ",Distributed computing and systems software,,
IEEE International Enterprise Distributed Object Computing Conference,EDOC,edoc,B,"Distributed computing and systems software, , ",Distributed computing and systems software,,
IEEE International Geoscience and Remote Sensing Symposium,IGARSS,igarss,C,"Applied computing, , ",Applied computing,,
IEEE International Joint Conference on Neural Networks,IJCNN,ijcnn,B,"Machine learning, , ",Machine learning,,
IEEE International Parallel and Distributed Processing Symposium (was IPPS and SPDP),IPDPS,ipps,A,"Distributed computing and systems software, CSE - Computer Systems Engineering, ",Distributed computing and systems software,CSE - Computer Systems Engineering,
IEEE International Performance Computing and Communications Conference,IPCCC,ipccc,C,"Distributed computing and systems software, , ",Distributed computing and systems software,,
IEEE International Requirements Engineering Conference,RE,re,A,"Software engineering, , ",Software engineering,,
IEEE International Scientific Conference on Informatics,Informatics,N/A,National:Slovakia,"Theory of computation, Software engineering, ",Theory of computation,Software engineering,
"IEEE International Symposium on a World of Wireless, Mobile and Multimedia Networks",WoWMoM,wowmom,B,"Distributed computing and systems software, , ",Distributed computing and systems software,,
IEEE International Symposium on Adaptive Dynamic Programming and Reinforcement Learning,IEEE ADPRL,N/A,C,"Machine learning, , ",Machine learning,,
IEEE International Symposium on Artificial Life,IEEE Alife,N/A,C,"Artificial intelligence, , ",Artificial intelligence,,
IEEE International Symposium on Circuits and Systems,ISCAS,iscas,TBR,"CSE - Computer Systems Engineering, , ",CSE - Computer Systems Engineering,,
"IEEE International Symposium on Cluster, Cloud and Grid Computing",CCGRID,ccgrid,B,"Distributed computing and systems software, , ",Distributed computing and systems software,,
IEEE International Symposium on Information Theory,ISIT,isit,B,"Information and Computing Sciences, , ",Information and Computing Sciences,,
IEEE International Symposium on Multimedia,ISM,ism,C,"Computer vision and multimedia computation, , ",Computer vision and multimedia computation,,
IEEE International Symposium on Network Computing and Applications,NCA,nca,B,"Distributed computing and systems software, , ",Distributed computing and systems software,,
IEEE International Symposium on Parallel and Distributed Processing with Applications,ISPA,ispa,C,"Distributed computing and systems software, , ",Distributed computing and systems software,,
IEEE International Symposium on Performance Analysis of Systems and Software,ISPASS,ispass,B,"Software engineering, , ",Software engineering,,
IEEE International Symposium on Personal and Indoor Mobile Radio Conference,PIMRC,pimrc,B,"Distributed computing and systems software, , ",Distributed computing and systems software,,
IEEE International Symposium on Rapid System Prototyping (was IEEE Symposium on Rapid Prototyping),RSP,rsp,C,"Software engineering, , ",Software engineering,,
IEEE International Symposium on Real-Time Distributed Computing,ISORC,isorc,C,"Distributed computing and systems software, , ",Distributed computing and systems software,,
IEEE International Symposium on Wearable Computers,ISWC,iswc,Journal Published,"Human-centred computing, , ",Human-centred computing,,
IEEE International Test Conference,ITC,itc,TBR,"CSE - Computer Systems Engineering, , ",CSE - Computer Systems Engineering,,
IEEE International Working Conference on Mining Software Repositories,MSR,msr,A,"Software engineering, Data management and data science, ",Software engineering,Data management and data science,
IEEE International Working Conference on Software Visualisation,VISSOFT,vissoft,B,"Human-centred computing, Software engineering, ",Human-centred computing,Software engineering,
IEEE International Working Conference on Source Code Analysis and Manipulation,SCAM,scam,C,"Software engineering, , ",Software engineering,,
IEEE International Workshop on Quality of Service,IWQoS,iwqos,B,"Distributed computing and systems software, , ",Distributed computing and systems software,,
IEEE LAN/MAN Workshop,LANMAN,lanman,C,"Distributed computing and systems software, , ",Distributed computing and systems software,,
IEEE Network Operations and Management Symposium,NOMS,noms,B,"Distributed computing and systems software, , ",Distributed computing and systems software,,
IEEE Pacific Visualization Symposium (was APVIS),PacificVis,pacificvis,B,"Human-centred computing, , ",Human-centred computing,,
IEEE Real-Time and Embedded Technology and Applications Symposium,RTAS,rtas,A,"Distributed computing and systems software, , ",Distributed computing and systems software,,
IEEE Region 10 Conference,Tencon,tencon,C,"Information and Computing Sciences, , ",Information and Computing Sciences,,
IEEE Software Engineering Workshop,SEW,N/A,C,"Software engineering, , ",Software engineering,,
IEEE Swarm Intelligence Symposium,IEEE SIS,N/A,C,"Artificial intelligence, , ",Artificial intelligence,,
IEEE Symposium on Computational Intelligence and Data Mining,CIDM,N/A,C,"Data management and data science, Machine learning, ",Data management and data science,Machine learning,
IEEE Symposium on Computational Intelligence for Financial Engineering,IEEE CIFEr,cifer,C,"Applied computing, , ",Applied computing,,
IEEE Symposium on Computational intelligence for Multimedia Signal and Vision Processing,IEEE CIMSIVP,N/A,C,"Computer vision and multimedia computation, , ",Computer vision and multimedia computation,,
IEEE Symposium on Computational Intelligence for Security and Defence Applications,IEEE CISDA,N/A,C,"Applied computing, , ",Applied computing,,
IEEE Symposium on Computational Intelligence in Bioinformatics and Computational Biology,CIBCB,cibcb,C,"Applied computing, , ",Applied computing,,
IEEE Symposium on Computational Intelligence in Control and Automation,IEEE CICA,N/A,C,"Artificial intelligence, , ",Artificial intelligence,,
IEEE Symposium on Computational Intelligence in Cyber Security,IEEE CICS,N/A,C,"Cybersecurity and privacy, , ",Cybersecurity and privacy,,
IEEE Symposium on Computer Arithmetic,ARITH,arith,C,"Theory of computation, , ",Theory of computation,,
IEEE Symposium on Computers and Communications,ISCC,iscc,C,"Distributed computing and systems software, , ",Distributed computing and systems software,,
IEEE Symposium on Field Programmable Custom Computing Machines,FCCM,fccm,B,"CSE - Computer Systems Engineering, Distributed computing and systems software, ",CSE - Computer Systems Engineering,Distributed computing and systems software,
IEEE Symposium on Foundations of Computer Science,FOCS,focs,A*,"Theory of computation, , ",Theory of computation,,
IEEE Symposium on High-Performance Interconnects,HOTI,hoti,National: USA,"Distributed computing and systems software, , ",Distributed computing and systems software,,
IEEE Symposium on Logic in Computer Science,LICS,lics,A*,"Theory of computation, , ",Theory of computation,,
IEEE Symposium on Security and Privacy,SP,sp,A*,"Cybersecurity and privacy, , ",Cybersecurity and privacy,,
IEEE Symposium on Visual Languages and Human-Centric Computing (was VL),VL/HCC,vl,B,"Human-centred computing, , ",Human-centred computing,,
IEEE Vehicular Technology Conference,VTC,vtc,B,"Distributed computing and systems software, , ",Distributed computing and systems software,,
IEEE Visualization,IEEE VIS,visualization,A,"Human-centred computing, , ",Human-centred computing,,
IEEE VLSI Test Symposium,VTS,vts,TBR,"CSE - Computer Systems Engineering, , ",CSE - Computer Systems Engineering,,
IEEE Wireless Communications and Networking Conference,WCNC,wcnc,B,"Distributed computing and systems software, , ",Distributed computing and systems software,,
IEEE Workshop on Applications of Computer Vision,WACV,wacv,A,"Computer vision and multimedia computation, , ",Computer vision and multimedia computation,,
IEEE Workshop on High Performance Switching and Routing,HPSR,hpsr,C,"Distributed computing and systems software, , ",Distributed computing and systems software,,
IEEE/ACIS International Conference on Computer and Information Science,ICIS,ACISicis,C,"Information and Computing Sciences, , ",Information and Computing Sciences,,
IEEE/ACM International Conference on Advances in Social Networks Analysis and Mining,ASONAM,asunam,B,"Data management and data science, Human-centred computing, Machine learning",Data management and data science,Human-centred computing,Machine learning
"IEEE/ACM International Conference on Big Data Computing, Applications and Technologies",BDCAT,bdc,C,"Machine learning, Data management and data science, Applied computing",Machine learning,Data management and data science,Applied computing
IEEE/ACM International Conference on Computer-Aided Design,ICCAD,iccad,A,"CSE - Computer Systems Engineering, Distributed computing and systems software, ",CSE - Computer Systems Engineering,Distributed computing and systems software,
IEEE/ACM International Symposium on Mixed and Augmented Reality,ISMAR,ismar,A*,"Graphics, augmented reality and games, Human-centred computing, ","Graphics, augmented reality and games",Human-centred computing,
IEEE/IFIP International Conference on Dependable Systems and Networks,DSN,dsn,A,"Distributed computing and systems software, CSE - Computer Systems Engineering, ",Distributed computing and systems software,CSE - Computer Systems Engineering,
IEEE/IFIP International Conference on Embedded and Ubiquitous Computing,EUC,euc,C,"Distributed computing and systems software, , ",Distributed computing and systems software,,
IEEE/RSJ International Conference on Intelligent Robots and Systems,IROS,iros,A,"Artificial intelligence, CSE - Computer Systems Engineering, ",Artificial intelligence,CSE - Computer Systems Engineering,
IEEE/WIC/ACM International Conference on Web Intelligence (previously joint with Intelligent Agent Technology WI-IAT),WI,N/A,B,"Artificial intelligence, Data management and data science, ",Artificial intelligence,Data management and data science,
IFAC Conference on System Structure and Control,SSSC,N/A,C,"Software engineering, Distributed computing and systems software, ",Software engineering,Distributed computing and systems software,
"IFAC Symposium on Fault Detection, Supervision and Safety of Technical Processes",SAFEProcess,N/A,C,"Cybersecurity and privacy, , ",Cybersecurity and privacy,,
IFIP Information Security & Privacy Conference,IFIP SEC,sec,B,"Cybersecurity and privacy, , ",Cybersecurity and privacy,,
IFIP International Conference on Distributed Applications and Interoperable Systems,DAIS,dais,C,"Distributed computing and systems software, , ",Distributed computing and systems software,,
IFIP International Conference on Network and Parallel Computing,NPC,npc,C,"Distributed computing and systems software, , ",Distributed computing and systems software,,
IFIP International Conference on Networking,Networking,networking,B,"Distributed computing and systems software, , ",Distributed computing and systems software,,
"IFIP International Symposium on Computing Performance, Modelling, Measurement and Evaluation",PERFORMANCE,performance,Journal Published,"Software engineering, , ",Software engineering,,
"IFIP Joint International Conference on Formal Description Techniques and Protocol Specification, Testing, And Verification",FORTE,N/A,C,"Software engineering, , ",Software engineering,,
IFIP TC13 Conference on Human-Computer Interaction,Interact,interact,B,"Human-centred computing, , ",Human-centred computing,,
IFIP WG 11.3 Working Conference on Data and Applications Security (also known as DBSEC),DBSEC,dbsec,B,"Cybersecurity and privacy, , ",Cybersecurity and privacy,,
IFIP WG8.1 Working Conference on the Practice of Enterprise Modeling,PoEM,ifip8-1,unranked: not primarily CS,"Information and Computing Sciences, , ",Information and Computing Sciences,,
IFIP Working Conferences on Virtual Enterprises,PRO-VE,N/A,C,"Distributed computing and systems software, Applied computing, ",Distributed computing and systems software,Applied computing,
IFIP/IEEE International Conference on Performance Evaluation and Modeling in Wired and Wireless Networks,PEMWN,pemwn,C,"Distributed computing and systems software, , ",Distributed computing and systems software,,
IFIP/IEEE International Symposium on Integrated Management (even years sharing with NOMS),IM,im,B,"Distributed computing and systems software, , ",Distributed computing and systems software,,
IFSA World Congress,IFSA,ifsa,C,"Artificial intelligence, , ",Artificial intelligence,,
IMA International Conference on Cryptography and Coding,IMACC,ima,C,"Cybersecurity and privacy, , ",Cybersecurity and privacy,,
Image and Vision Computing Conference,IVCNZ,ivcnz,Australasian C,"Computer vision and multimedia computation, , ",Computer vision and multimedia computation,,
Indian Conference on Human-Computer Interaction,IndiaHCI,N/A,National: India,"Human-centred computing, , ",Human-centred computing,,
Inductive Logic Programming,ILP,ilp,B,"Theory of computation, , ",Theory of computation,,
Industrial Simulation Conference,ISC,N/A,C,"Artificial intelligence, Applied computing, ",Artificial intelligence,Applied computing,
Information Hiding and Multimedia Security Workshop,IH&MMSec,ih,C,"Cybersecurity and privacy, , ",Cybersecurity and privacy,,
Information Integration and Web-based Applications and Services,IIWAS,iiwas,C,"Information and Computing Sciences, Data management and data science, ",Information and Computing Sciences,Data management and data science,
Information Processing in Sensor Networks,IPSN,ipsn,A*,"Distributed computing and systems software, , ",Distributed computing and systems software,,
Information Security Practice and Experience Conference,ISPEC,ispec,C,"Cybersecurity and privacy, , ",Cybersecurity and privacy,,
Information Security Symposium,CERIAS,N/A,National: USA,"Cybersecurity and privacy, , ",Cybersecurity and privacy,,
Information Theory Workshop,ITW,itw,B,"Theory of computation, , ",Theory of computation,,
Information Visualisation Theory and Practice,InfVis,N/A,C,"Human-centred computing, , ",Human-centred computing,,
Information Visualization in Biomedical Informatics,IVBI,N/A,C,"Applied computing, Human-centred computing, ",Applied computing,Human-centred computing,
Informing Science and Information Technology Education,InSITE,N/A,C,"Human-centred computing, , ",Human-centred computing,,
Innovations in Theoretical Computer Science,ITCS,innovations,A,"Theory of computation, , ",Theory of computation,,
Innovative Applications in AI,IAAI,N/A,C,"Artificial intelligence, Applied computing, ",Artificial intelligence,Applied computing,
Int. Workshop on Formal Methods for Industrial Critical Systems,FMICS,fmics,C,"Software engineering, , ",Software engineering,,
Integrated Formal Methods,IFM,ifm,B,"Software engineering, Theory of computation, ",Software engineering,Theory of computation,
Intelligent Data Analysis,IDA,ida,B,"Data management and data science, Machine learning, ",Data management and data science,Machine learning,
Intelligent Distributed Computing,IDC,idc,Unranked,"Distributed computing and systems software, , ",Distributed computing and systems software,,
Intelligent Systems in Molecular Biology,ISMB,ismb,journal published,"Applied computing, , ",Applied computing,,
Intelligent Vehicles Conference,IEEE-IV,ivs,B,"Artificial intelligence, , ",Artificial intelligence,,
Intelligent Virtual Agents,IVA,iva,B,"Artificial intelligence, Human-centred computing, ",Artificial intelligence,Human-centred computing,
Intenational Environmental Modelling and Software Society,iEMSs,N/A,C,"Applied computing, , ",Applied computing,,
Interactive Entertainment,IE,N/A,Australasian C,"Graphics, augmented reality and games, Human-centred computing, ","Graphics, augmented reality and games",Human-centred computing,
International ACM SIGACCESS Conference on Computers and Accessibility,ASSETS,assets,A,"Human-centred computing, , ",Human-centred computing,,
International Baltic Conference on Databases and Information Systems,DB&IS,balt,Regional - Baltic,"Data management and data science, , ",Data management and data science,,
International Colloquium on Automata Languages and Programming,ICALP,icalp,A,"Theory of computation, , ",Theory of computation,,
International Colloquium on Structural Information and Communication Complexity,SIROCCO,sirocco,B,"Theory of computation, , ",Theory of computation,,
International Colloquium on Theoretical Aspects of Computing,ICTAC,ictac,C,"Theory of computation, , ",Theory of computation,,
International Computer Science Symposium in Russia,CSR,csr,National: Russia,"Information and Computing Sciences, , ",Information and Computing Sciences,,
International Computer Software and Applications Conference,COMPSAC,compsac,B,"Applied computing, , ",Applied computing,,
International Computing Education Research Workshop,ICER,icer,A,"Human-centred computing, , ",Human-centred computing,,
"International Conference Abstract State Machines, Alloy, B, TLA, VDM, and Z (Previously International Conference of B and Z Users, ZB, changed in 2008)",ABZ,zum,C,"Software engineering, Theory of computation, ",Software engineering,Theory of computation,
International Conference and Exhibition on High Performance Computing in the Asia-Pacific Region,HPC Asia,hpcasia,C,"Distributed computing and systems software, , ",Distributed computing and systems software,,
International Conference and Workshops on Algorithms and Computation,WALCOM,walcom,B,"Theory of computation, , ",Theory of computation,,
"International Conference for High Performance Computing, Networking, Storage and Analysis (was Supercomputing Conference)",SC,sc,A,"CSE - Computer Systems Engineering, Distributed computing and systems software, ",CSE - Computer Systems Engineering,Distributed computing and systems software,
International Conference Formal Concept Analysis Conference,ICFCA,icfca,C,"Theory of computation, , ",Theory of computation,,
International Conference in Business Process Management,BPM,bpm,A,"Software engineering, , ",Software engineering,,
International Conference in Methodologies and Intelligent Systems for Technology Enhanced Learning,MIS4TEL,mis4tel,National: Spain,"Applied computing, Human-centred computing, Artificial intelligence",Applied computing,Human-centred computing,Artificial intelligence
International Conference of the Immersive Learning Research Network,iLRN,ilrn,C,"Applied computing, Human-centred computing, ",Applied computing,Human-centred computing,
International Conference on Advanced and Trusted Computing (was International Conference on Autonomic and Trusted Computing),ATC,atc,C,"Cybersecurity and privacy, Distributed computing and systems software, Data management and data science",Cybersecurity and privacy,Distributed computing and systems software,Data management and data science
International Conference on Advanced Computing and Communications,AdCom,N/A,National: India,"Distributed computing and systems software, , ",Distributed computing and systems software,,
International Conference on Advanced Data Mining and Applications,ADMA,adma,C,"Data management and data science, Machine learning, ",Data management and data science,Machine learning,
International Conference on Advanced Information Networking and Applications (was ICOIN),AINA,aina,B,"Distributed computing and systems software, , ",Distributed computing and systems software,,
International Conference on Advanced Information Systems Engineering,CaiSE,caise,A,"Data management and data science, , ",Data management and data science,,
International Conference on Advanced Technologies For Signal & Image Processing,ATSIP,atsip,National: Tunisia,"Computer vision and multimedia computation, Data management and data science, ",Computer vision and multimedia computation,Data management and data science,
International Conference on Advances in Computer-Human Interactions,ACHI,N/A,C,"Human-centred computing, , ",Human-centred computing,,
International Conference on Advances in Mobile Computing and Multimedia,MOMM,momm,C,"Distributed computing and systems software, , ",Distributed computing and systems software,,
International Conference on Affective Computing and Intelligent,ACII,acii,C,"Human-centred computing, , ",Human-centred computing,,
International Conference on Agents and Artificial Intelligence,ICAART,icaart,B,"Artificial intelligence, , ",Artificial intelligence,,
International Conference on Algorithms and Architectures for Parallel Processing,ICA3PP,ica3pp,C,"Distributed computing and systems software, , ",Distributed computing and systems software,,
International Conference on Algorithms and Complexity (was Italian Conference ),CIAC,ciac,C,"Theory of computation, , ",Theory of computation,,
"International Conference on Analysis of Images, Social Networks and Texts",AIST,aist,National: Russia,"Artificial intelligence, Computer vision and multimedia computation, Data management and data science",Artificial intelligence,Computer vision and multimedia computation,Data management and data science
International Conference on Applications of Evolutionary Computation,EvoApplications,evoW/evoappl2019.html,B,"Artificial intelligence, Machine learning, Applied computing",Artificial intelligence,Machine learning,Applied computing
International Conference on Applied Cryptography and Network Security,ACNS,acns,B,"Cybersecurity and privacy, , ",Cybersecurity and privacy,,
International Conference on Artificial Intelligence,IC-AI,N/A,National: USA,"Artificial intelligence, Machine learning, ",Artificial intelligence,Machine learning,
International Conference on Artificial Intelligence and Law,ICAIL,icail,C,"Artificial intelligence, Applied computing, ",Artificial intelligence,Applied computing,
International Conference on Artificial Intelligence and Soft Computing,ICAISC,icaisc,National: Poland,"Artificial intelligence, , ",Artificial intelligence,,
International Conference on Artificial Intelligence and Statistics,AISTATS,aistats,A,"Machine learning, Artificial intelligence, ",Machine learning,Artificial intelligence,
International Conference on Artificial Intelligence in Education,AIED,aied,A,"Applied computing, Human-centred computing, ",Applied computing,Human-centred computing,
International Conference on Artificial Intelligence in Medicine,AIME,aime,B,"Applied computing, , ",Applied computing,,
"International Conference on Artificial Intelligence in Music, Sound, Art and Design",EvoMUSART,evomusart/,C,"Artificial intelligence, Graphics, augmented reality and games, Human-centred computing",Artificial intelligence,"Graphics, augmented reality and games",Human-centred computing
"International Conference on Artificial Intelligence: Methodology, Systems, Applications",AIMSA,aimsa,National: Bulgaria,"Artificial intelligence, Machine learning, ",Artificial intelligence,Machine learning,
International Conference on Artificial Neural Networks,ICANN,icann,C,"Machine learning, , ",Machine learning,,
International Conference on Artificial Reality and Telexistance & Eurographics Symposium on Virtual Environments,EGVE,egve,C,"Graphics, augmented reality and games, Human-centred computing, ","Graphics, augmented reality and games",Human-centred computing,
International Conference on Automated Deduction,CADE,cade,A,"Artificial intelligence, , ",Artificial intelligence,,
International Conference on Automated Planning and Scheduling,ICAPS,icaps,A*,"Artificial intelligence, , ",Artificial intelligence,,
"International Conference on Availability, Reliability and Security",ARES,IEEEares,B,"Cybersecurity and privacy, , ",Cybersecurity and privacy,,
"International Conference on Broadband Communications, Networks and Systems",Broadnets,broadnets,C,"Distributed computing and systems software, , ",Distributed computing and systems software,,
International Conference on Case-Based Reasoning,ICCBR,iccbr,C,"Artificial intelligence, , ",Artificial intelligence,,
International Conference on Cloud Computing and Services Science,CLOSER,closer,C,"Distributed computing and systems software, , ",Distributed computing and systems software,,
"International Conference on Collaborative Computing: Networks, Applications and Worksharing",CollaborateCom,colcom,C,"Distributed computing and systems software, , ",Distributed computing and systems software,,
International Conference on COMmunication Systems & NETworkS,COMSNETS,comsnets,National:India,"Distributed computing and systems software, Cybersecurity and privacy, ",Distributed computing and systems software,Cybersecurity and privacy,
International Conference on Communication Systems and Applications,ICCSA,N/A,C,"Distributed computing and systems software, , ",Distributed computing and systems software,,
International Conference on Compiler Construction,CC,cc,B,"Distributed computing and systems software, , ",Distributed computing and systems software,,
"International Conference on Compilers, Architecture, and Synthesis for Embedded Systems",CASES,cases,Journal published,"Distributed computing and systems software, , ",Distributed computing and systems software,,
"International Conference on Complexity, Future Information Systems and Risk",COMPLEXIS,complexis,C,"Theory of computation, Distributed computing and systems software, ",Theory of computation,Distributed computing and systems software,
International Conference on Computability and Complexity in Analysis,CCA,N/A,C,"Theory of computation, , ",Theory of computation,,
International Conference on Computational Collective Intelligence,ICCCI,iccci,B,"Artificial intelligence, Distributed computing and systems software, ",Artificial intelligence,Distributed computing and systems software,
International Conference on Computational Creativity,ICCC,icccrea,C,"Information and Computing Sciences, , ",Information and Computing Sciences,,
International Conference on Computational Linguistics,COLING,coling,B,"Artificial intelligence, , ",Artificial intelligence,,
International Conference on Computational Molecular Biology,RECOMB,recomb,B,"Applied computing, , ",Applied computing,,
International Conference on Computational Science,ICCS,iccS,Multiconference,"Applied computing, , ",Applied computing,,
International Conference on Computer Analysis of Images and Patterns,CAIP,caip,C,"Computer vision and multimedia computation, , ",Computer vision and multimedia computation,,
International Conference on Computer Communication and Networks,ICCCN,icccn,B,"Distributed computing and systems software, , ",Distributed computing and systems software,,
"International Conference on Computer Safety, Reliability and Security",SAFECOMP,safecomp,B,"Cybersecurity and privacy, , ",Cybersecurity and privacy,,
International Conference on Computer Supported Cooperative Work in Design,CSCWD,cscwd,C,"Human-centred computing, , ",Human-centred computing,,
International Conference on Computer Supported Education,CSEDU,csedu,B,"Human-centred computing, Applied computing, ",Human-centred computing,Applied computing,
International Conference on Computer Vision and Graphics,ICCVG,iccvg,National: Poland,"Computer vision and multimedia computation, Graphics, augmented reality and games, Artificial intelligence",Computer vision and multimedia computation,"Graphics, augmented reality and games",Artificial intelligence
International Conference on Computer Vision Systems,ICVS,icvs,C,"Computer vision and multimedia computation, , ",Computer vision and multimedia computation,,
International Conference on Computer-Human Interaction Research and Applications,CHIRA,chira,C,"Human-centred computing, , ",Human-centred computing,,
International Conference on Computers and their Applications,CATA,cata,National: USA,"Applied computing, , ",Applied computing,,
International Conference on Computers Helping People with Special Needs,ICCHP,icchp,C,"Applied computing, , ",Applied computing,,
International Conference on Computers in Education,ICCE,N/A,C,"Applied computing, , ",Applied computing,,
International Conference on Computing and Combinatorics,COCOON,cocoon,National:China,"Theory of computation, , ",Theory of computation,,
International Conference on Computing and Informatics,ICOCI,N/A,C,"Information and Computing Sciences, , ",Information and Computing Sciences,,
International Conference on Conceptual Modelling,ER,er,A,"Data management and data science, , ",Data management and data science,,
International Conference on Concurrency Theory,CONCUR,concur,A,"Theory of computation, Distributed computing and systems software, ",Theory of computation,Distributed computing and systems software,
"International Conference on Control, Automation, Robotics and Vision",ICARCV,icarcv,C,"Artificial intelligence, Computer vision and multimedia computation, ",Artificial intelligence,Computer vision and multimedia computation,
"International Conference on Control, Decision and Information Technologies",CoDIT,codit,C,"Software engineering, Applied computing, ",Software engineering,Applied computing,
International Conference on Cooperative Information Systems,CoopIS,N/A,B,"Human-centred computing, , ",Human-centred computing,,
International Conference on Coordination Models and Languages,Coordination,coordination,C,"Distributed computing and systems software, , ",Distributed computing and systems software,,
International Conference on Cryptology and Network Security,CANS,cans,B,"Cybersecurity and privacy, , ",Cybersecurity and privacy,,
International Conference on Cryptology in India,INDOCRYPT,indocrypt,National: India,"Cybersecurity and privacy, , ",Cybersecurity and privacy,,
International Conference on Cyberworlds (was International Symposium on Cyberworlds),CW,cw,C,"Graphics, augmented reality and games, Human-centred computing, Computer vision and multimedia computation","Graphics, augmented reality and games",Human-centred computing,Computer vision and multimedia computation
International Conference on Data Engineering,ICDE,icde,A*,"Data management and data science, , ",Data management and data science,,
"International Conference on Data Science, Technology and Applications",DATA,data,C,"Data management and data science, Machine learning, ",Data management and data science,Machine learning,
International Conference on Database and Expert Systems Applications,DEXA,dexa,C,"Data management and data science, Artificial intelligence, ",Data management and data science,Artificial intelligence,
International Conference on Database Systems for Advanced Applications,DASFAA,dasfaa,B,"Data management and data science, , ",Data management and data science,,
International Conference on Database Theory,ICDT,icdt,A,"Data management and data science, , ",Data management and data science,,
International Conference on Dependability of Computer Systems,DEPCoS,depcos,National: Poland,"Distributed computing and systems software, , ",Distributed computing and systems software,,
"International Conference on Dependable, Autonomic and Secure Computing",DASC,dasc,C,"Cybersecurity and privacy, , ",Cybersecurity and privacy,,
International Conference on Digital Society,ICDS,N/A,C,"Applied computing, , ",Applied computing,,
International Conference on Distributed Computing and Artificial Intelligence,DCAI,dcai,National(Spain),"Artificial intelligence, Distributed computing and systems software, ",Artificial intelligence,Distributed computing and systems software,
International Conference on Distributed Computing and Internet Technologies,ICDCIT,icdcit,National: India,"Distributed computing and systems software, , ",Distributed computing and systems software,,
International Conference on Distributed Computing and Networking,ICDCN,icdcn,National: India,"Distributed computing and systems software, , ",Distributed computing and systems software,,
International Conference on Distributed Computing Systems,ICDCS,icdcs,A,"Distributed computing and systems software, , ",Distributed computing and systems software,,
International Conference on Dublin Core and Metadata Applications,DC,N/A,C,"Data management and data science, , ",Data management and data science,,
International Conference on Electronic Commerce,ICEC,N/A,C,"Applied computing, , ",Applied computing,,
International Conference on Embedded and Real Time Computing Systems and Applications,RTCSA,rtcsa,B,"Distributed computing and systems software, , ",Distributed computing and systems software,,
International Conference on Embedded Software,EMSOFT,emsoft,Journal published,"Distributed computing and systems software, , ",Distributed computing and systems software,,
International Conference on Embedded Wireless Systems and Networks (wasEuropean Conference on Wireless Sensor Networks),EWSN,ewsn,B,"Distributed computing and systems software, , ",Distributed computing and systems software,,
International Conference on Emerging Ubiquitous Systems and Pervasive Networks,EUSPN,euspn,Unranked,"Distributed computing and systems software, , ",Distributed computing and systems software,,
International Conference on Engineering Applications of Neural Networks,EANN,eann,C,"Machine learning, , ",Machine learning,,
International Conference on Evaluation and Assessment in Software Engineering,EASE,ease,A,"Software engineering, , ",Software engineering,,
International Conference on Evaluation of Novel Approaches to Software Engineering,ENASE,enase,B,"Software engineering, , ",Software engineering,,
International Conference on Formal Engineering Methods,ICFEM,icfem,C,"Software engineering, , ",Software engineering,,
International Conference on Formal Methods and Models for Co-Design,MEMOCODE,memocode,C,"Software engineering, Theory of computation, ",Software engineering,Theory of computation,
International Conference on Formal Ontology in Information Systems,FOIS,fois,B,"Artificial intelligence, Theory of computation, ",Artificial intelligence,Theory of computation,
International Conference on Formal Structures for Computation and Deduction,FSCD,fscd,B,"Theory of computation, , ",Theory of computation,,
International Conference on Frontiers of Handwriting Recognition,ICFHR,icfhr,B,"Computer vision and multimedia computation, , ",Computer vision and multimedia computation,,
International Conference on Frontiers of Information Technology,FIT,fit,National: Pakistan,"Information and Computing Sciences, , ",Information and Computing Sciences,,
International Conference on Functional Programming,ICFP,icfp,A,"Software engineering, , ",Software engineering,,
International Conference on Generative Programming and Component Engineering,GPCE,gpce,B,"Software engineering, , ",Software engineering,,
International Conference on Graph Transformations,ICGT,gg,B,"Theory of computation, Data management and data science, ",Theory of computation,Data management and data science,
"International Conference on Green, Pervasive and Cloud Computing (was Grid and Pervasive Computing)",GPC,gpc,C,"Distributed computing and systems software, , ",Distributed computing and systems software,,
"International Conference on Hardware/Software Codesign and System Synthesis (previously ISSN, changed in 2003)",CODES+ISSS,codesisss,C,"CSE - Computer Systems Engineering, Distributed computing and systems software, ",CSE - Computer Systems Engineering,Distributed computing and systems software,
"International Conference on Heterogeneous Networking for Quality, Reliability, Security and Robustness (was International Conference on Quality of Service in Heterogeneous Wired/Wireless Networks)",Qshine,qshine,C,"Distributed computing and systems software, , ",Distributed computing and systems software,,
International Conference on High Performance Computing,HiPC,hipc,National: India,"Distributed computing and systems software, , ",Distributed computing and systems software,,
International Conference on High Performance Scientific Computing,HPSC,N/A,National: Vietnam,"Distributed computing and systems software, , ",Distributed computing and systems software,,
International Conference on Human Factors in Computing Systems,CHI,chi,A*,"Human-centred computing, , ",Human-centred computing,,
International Conference on Human-Computer Interaction with Mobile Devices and Services,MobileHCI,mhci,B,"Human-centred computing, , ",Human-centred computing,,
International Conference on Hybrid Artificial Intelligence Systems,HAIS,hais,National: Spain,"Artificial intelligence, , ",Artificial intelligence,,
International Conference on Hybrid Intelligent Systems,HIS,his,C,"Artificial intelligence, , ",Artificial intelligence,,
International Conference on Image Analysis and Processing,ICIAP,iciap,National: Italy,"Computer vision and multimedia computation, , ",Computer vision and multimedia computation,,
International Conference on Image and Graphics,ICIG,icig,National: China,"Graphics, augmented reality and games, Computer vision and multimedia computation, ","Graphics, augmented reality and games",Computer vision and multimedia computation,
International Conference on Image and Signal Processing,ICISP,icisp,C,"Computer vision and multimedia computation, , ",Computer vision and multimedia computation,,
International Conference on Implementation and Application of Automata,CIAA,wia,C,"Theory of computation, , ",Theory of computation,,
International Conference on Indoor Positioning and Indoor Navigation,IPIN,ipin,C,"Distributed computing and systems software, Applied computing, ",Distributed computing and systems software,Applied computing,
International Conference on Industrial and Engineering Applications of Artificial Intelligence and Expert Systems,IEA/AIE,ieaaie,C,"Artificial intelligence, Machine learning, Computer vision and multimedia computation",Artificial intelligence,Machine learning,Computer vision and multimedia computation
International Conference on Informatics & Data-Driven Medicine,IDDM,iddm,C,"Machine learning, Artificial intelligence, ",Machine learning,Artificial intelligence,
"International Conference on Informatics in Control, Automation and Robotics",ICINCO,icinco,C,"Artificial intelligence, , ",Artificial intelligence,,
International Conference on Information and Communication Technologies and Development,ICTD,ictd,C,"Applied computing, , ",Applied computing,,
International Conference on Information and Communication Technologies for Ageing Well and e-Health,ICT4AWE,N/A,C,"Applied computing, Computer vision and multimedia computation, Artificial intelligence",Applied computing,Computer vision and multimedia computation,Artificial intelligence
International Conference on Information and Communication Technologies in Tourism,ENTER,enter,C,"Applied computing, , ",Applied computing,,
International Conference on Information and Communications Security,ICICS,icics,C,"Cybersecurity and privacy, , ",Cybersecurity and privacy,,
International Conference on Information and Knowledge Engineering,IKE,N/A,National: USA,"Artificial intelligence, , ",Artificial intelligence,,
International Conference on Information Fusion,FUSION,fusion,C,"Data management and data science, , ",Data management and data science,,
International Conference on Information Processing and Management of Uncertainty,IPMU,ipmu,C,"Data management and data science, Artificial intelligence, ",Data management and data science,Artificial intelligence,
International Conference on Information Security and Cryptography,SECRYPT,secrypt,C,"Cybersecurity and privacy, , ",Cybersecurity and privacy,,
International Conference on Information Security and Cryptology,ICISC,icisc,National: Korea,"Cybersecurity and privacy, , ",Cybersecurity and privacy,,
International Conference on Information Systems Security,ICISS,iciss,National: India,"Cybersecurity and privacy, , ",Cybersecurity and privacy,,
International Conference on Information Systems Security and Privacy,ICISSP,icissp,C,"Cybersecurity and privacy, , ",Cybersecurity and privacy,,
International Conference on Information Technology and Applications,ICITA,N/A,Australasian C,"Applied computing, , ",Applied computing,,
International Conference on Information Visualisation,IV,iv,C,"Human-centred computing, Graphics, augmented reality and games, ",Human-centred computing,"Graphics, augmented reality and games",
International Conference on Innovations for Community Services (was Innovative Internet Computer Systems IICS until 2014),I4CS,iics,C,"Applied computing, , ",Applied computing,,
International Conference on Integration of Artificial Intelligence and Operations Research Techniques in Constraint Programming for Combinatorial Optimization Problems,CPAIOR,cpaior,B,"Artificial intelligence, , ",Artificial intelligence,,
International Conference on Intelligent Data Engineering and Automated Learning,IDEAL,ideal,C,"Information and Computing Sciences, , ",Information and Computing Sciences,,
"International Conference on Intelligent Software Methodologies, Tools, and Techniques (was International Conference on Software Methods and Tools)",SoMeT,somet,C,"Software engineering, , ",Software engineering,,
International Conference on Intelligent Systems and Knowledge Engineering,ISKE,iske,National: China,"Artificial intelligence, , ",Artificial intelligence,,
International Conference on Intelligent Systems Designs and Applications,ISDA,isda,C,"Artificial intelligence, Applied computing, ",Artificial intelligence,Applied computing,
International Conference on Intelligent Text Processing and Computational Linguistics,CICLING,cicling,C,"Artificial intelligence, , ",Artificial intelligence,,
International Conference on Intelligent Tutoring Systems,ITS,its,B,"Applied computing, Human-centred computing, ",Applied computing,Human-centred computing,
International Conference on Intelligent User Interfaces,IUI,iui,A,"Human-centred computing, , ",Human-centred computing,,
International Conference on Interactive Digital Storytelling (2008 merger of 'ICVS International Conference on Virtual Storytelling' and 'TIDSE Technology for Interactive Digital Storytelling'),ICIDS,icids,C,"Graphics, augmented reality and games, Human-centred computing, ","Graphics, augmented reality and games",Human-centred computing,
International Conference on Internet and Web Applications and Services,ICIW,N/A,C,"Distributed computing and systems software, Data management and data science, ",Distributed computing and systems software,Data management and data science,
International Conference on Internet Computing in Science and Engineering,ICICSE,N/A,C,"Distributed computing and systems software, , ",Distributed computing and systems software,,
International Conference on Internet Monitoring and Protection,ICIMP,N/A,C,"Cybersecurity and privacy, , ",Cybersecurity and privacy,,
"International Conference on Internet of Things, Big Data and Security",IoTBDS,iotbd,C,"Cybersecurity and privacy, , ",Cybersecurity and privacy,,
International Conference on Internet Technologies and Applications,ITA,ita,National: USA,"Information and Computing Sciences, , ",Information and Computing Sciences,,
International Conference on Knowledge Engineering and Knowledge Management,EKAW,ekaw,B,"Data management and data science, , ",Data management and data science,,
International Conference on Knowledge Engineering and Ontology Development,KEOD,N/A,C,"Data management and data science, , ",Data management and data science,,
"International Conference on Knowledge Science, Engineering and Management",KSEM,ksem,C,"Artificial intelligence, Data management and data science, ",Artificial intelligence,Data management and data science,
International Conference on Knowledge-Based and Intelligent Information and Engineering Systems,KES,kes,B,"Artificial intelligence, , ",Artificial intelligence,,
International Conference on Language and Automata Theory and Applications,LATA,lata,C,"Theory of computation, , ",Theory of computation,,
International Conference on Learning Analytics and Knowledge,LAK,lak,A,"Human-centred computing, Applied computing, ",Human-centred computing,Applied computing,
International Conference on Learning Representations,ICLR,iclr,A*,"Machine learning, , ",Machine learning,,
International Conference on Legal Knowledge and Information Systems,JURIX,jurix,C,"Applied computing, , ",Applied computing,,
International Conference on Logic Programming,ICLP,iclp,A,"Theory of computation, Software engineering, ",Theory of computation,Software engineering,
International Conference on Logic Programming and Non-monotonic Reasoning,LPNMR,lpnmr,B,"Artificial intelligence, Theory of computation, ",Artificial intelligence,Theory of computation,
International Conference on Machine Learning,ICML,icml,A*,"Machine learning, , ",Machine learning,,
International Conference on Machine Learning and Applications,ICMLA,icmla,C,"Machine learning, , ",Machine learning,,
International Conference on Machine Learning and Cybernetics,ICMLC,icmlc,National: China,"Machine learning, , ",Machine learning,,
International Conference on Machine Vision,ICMV,icmv,C,"Computer vision and multimedia computation, , ",Computer vision and multimedia computation,,
International Conference on Managed Programming Languages and Runtimes (was ManLang and previously Principles and Practice of Programming in Java: PPPJ),MPLR,pppj,C,"Software engineering, , ",Software engineering,,
International Conference on Management of Data,COMAD,comad,National: India,"Data management and data science, , ",Data management and data science,,
International Conference on Management of Digital EcoSystems,MEDES,medes,C,"Distributed computing and systems software, , ",Distributed computing and systems software,,
International Conference on Mathematical Foundations of Programming Semantics,MFPS,mfps,B,"Theory of computation, , ",Theory of computation,,
International Conference on Methods and Models in Automation and Robotics,MMAR,mmar,National:Poland,"Machine learning, Artificial intelligence, ",Machine learning,Artificial intelligence,
International Conference on Mobile and Ubiquitous Systems: Networks and Services,Mobiquitous,mobiquitous,C,"Distributed computing and systems software, , ",Distributed computing and systems software,,
International Conference on Mobile Data Management,MDM,mdm,B,"Data management and data science, Distributed computing and systems software, ",Data management and data science,Distributed computing and systems software,
International Conference on Mobile Systems and Pervasive Computing,MobiSPC,N/A,Unranked,"Distributed computing and systems software, , ",Distributed computing and systems software,,
"International Conference on Mobile Ubiquitous Computing, Systems, Services and Technologies",UBICOMM,N/A,C,"Distributed computing and systems software, , ",Distributed computing and systems software,,
International Conference on Model and Data Engineering,MEDI,medi,C,"Data management and data science, Applied computing, ",Data management and data science,Applied computing,
"International Conference on Model Driven Engineering Languages and Systems (Previously UML, changed in 2005)",MODELS,models,A,"Software engineering, , ",Software engineering,,
International Conference on Model-Driven Engineering and Software Development,MODELSWARD,modelsward,C,"Distributed computing and systems software, Software engineering, ",Distributed computing and systems software,Software engineering,
International Conference on Modelling and Simulation,ECMS,ecms,Multiconference,"Artificial intelligence, , ",Artificial intelligence,,
International Conference on Modelling Decisions for Artificial Intelligence,MDAI,mdai,B,"Artificial intelligence, , ",Artificial intelligence,,
International Conference on Multimedia Modelling,MMM,mmm,B,"Computer vision and multimedia computation, , ",Computer vision and multimedia computation,,
International Conference on Multimedia Retrieval (previously MIR),ICMR,mir,B,"Computer vision and multimedia computation, Data management and data science, ",Computer vision and multimedia computation,Data management and data science,
International Conference on Multimodal Interaction (was International Conference on Multimodal Interfaces),ICMI,icmi,B,"Human-centred computing, , ",Human-centred computing,,
International Conference on Natural Computation,ICNC,icnc,National: China,"Artificial intelligence, , ",Artificial intelligence,,
International Conference on Network and Service Management (amalgamation of DSOM and related workshops from 2010),CNSM,cnsm,B,"Distributed computing and systems software, , ",Distributed computing and systems software,,
International Conference on network and System Security,NSS,nss,B,"Cybersecurity and privacy, , ",Cybersecurity and privacy,,
International Conference on Network Protocols,ICNP,icnp,B,"Distributed computing and systems software, , ",Distributed computing and systems software,,
International Conference on Network Softwarization,NetSoft,netsoft/,B,"Distributed computing and systems software, Software engineering, ",Distributed computing and systems software,Software engineering,
International Conference on Neural Information Processing,ICONIP,iconip,B,"Machine learning, , ",Machine learning,,
International Conference on Operations Research and Enterprise Systems,ICORES,icores,C,"Artificial intelligence, , ",Artificial intelligence,,
International Conference on Optimization: Techniques And Applications,ICOTA,N/A,C,"Artificial intelligence, , ",Artificial intelligence,,
International Conference on Pairing-based Cryptography,Pairing,N/A,C,"Cybersecurity and privacy, , ",Cybersecurity and privacy,,
"International Conference on Parallel and Distributed Computing, Applications and Technologies",PDCAT,pdcat,C,"Distributed computing and systems software, , ",Distributed computing and systems software,,
International Conference on Parallel and Distributed Processing Techniques and Applications,PDPTA,N/A,National: USA,"Distributed computing and systems software, , ",Distributed computing and systems software,,
International Conference on Parallel and Distributed Systems,ICPADS,icpads,B,"Distributed computing and systems software, , ",Distributed computing and systems software,,
International Conference on Parallel Architecture and Compilation Techniques,PACT,IEEEpact,B,"Distributed computing and systems software, , ",Distributed computing and systems software,,
International Conference on Parallel Processing,ICPP,icpp,B,"Distributed computing and systems software, , ",Distributed computing and systems software,,
International Conference on Parallel Processing and Applied Mathematics,PPAM,ppam,National: Poland,"Distributed computing and systems software, , ",Distributed computing and systems software,,
International Conference on Pattern Recognition,ICPR,icpr,B,"Computer vision and multimedia computation, , ",Computer vision and multimedia computation,,
International Conference on Pattern Recognition Applications and Methods,ICPRAM,icpram,C,"Computer vision and multimedia computation, , ",Computer vision and multimedia computation,,
International Conference on Practical Applications of Computational Biology & Bioinformatics,PACBB,pacbb,National(Spain),"Artificial intelligence, Machine learning, ",Artificial intelligence,Machine learning,
International Conference on Practice and Theory in Public Key Cryptography,PKC,pkc,B,"Cybersecurity and privacy, , ",Cybersecurity and privacy,,
International Conference on Principles and Practice of Constraint Programming,CP,cp,A,"Artificial intelligence, , ",Artificial intelligence,,
International Conference on Principles and Practice of Declarative Programming,PPDP,ppdp,C,"Theory of computation, Software engineering, ",Theory of computation,Software engineering,
International Conference on Principles of Distributed Systems,OPODIS,opodis,B,"Distributed computing and systems software, , ",Distributed computing and systems software,,
International Conference on Principles of Practice in Multi-Agent Systems (prior to 2009 was Pacific Rim International Workshop on Multi-Agents),PRIMA,prima,B,"Artificial intelligence, , ",Artificial intelligence,,
"International Conference on Probabilistic, Combinatorial, and Asymptotic Methods in the Analysis of Algorithms (was Conference on Analysis of Algorithms)",AofA,aofa,C,"Theory of computation, , ",Theory of computation,,
International Conference on Process Mining,ICPM,icpm,B,"Data management and data science, Artificial intelligence, ",Data management and data science,Artificial intelligence,
International Conference on Provable Security,ProvSec,provsec,C,"Cybersecurity and privacy, , ",Cybersecurity and privacy,,
International Conference on Quality of Multimedia Experience,QoMEX,qomex/,B,"Human-centred computing, Computer vision and multimedia computation, Graphics, augmented reality and games",Human-centred computing,Computer vision and multimedia computation,"Graphics, augmented reality and games"
International Conference on Real-Time and Network Systems,RTNS,rtns,National: France,"Distributed computing and systems software, Software engineering, ",Distributed computing and systems software,Software engineering,
International Conference on Recent Advances in Natural Language Processing,RANLP,ranlp,National: bulgaria,"Artificial intelligence, , ",Artificial intelligence,,
International Conference on Relational and AlgebraicMethods in Computer Science (was International Conference on Relational Methods in Computer Science RelMiCS),RAMiCS,RelMiCS,C,"Theory of computation, , ",Theory of computation,,
International Conference on Reliable Software Technologies,Ada-Europe,adaEurope,Journal Published,"Software engineering, , ",Software engineering,,
International Conference on Research Challenges in Information Science,RCIS,rcis,B,"Information and Computing Sciences, , ",Information and Computing Sciences,,
International Conference on Reversible Computation,RC,rc,C,"Theory of computation, Applied computing, ",Theory of computation,Applied computing,
International Conference on Risks and Security of Internet and Systems,CRiSIS,crisis,C,"Cybersecurity and privacy, , ",Cybersecurity and privacy,,
"International Conference on Robotics, Vision, Signal Processing and Power Applications (was ROVPIA)",RoVISP,N/A,National: Malaysia,"Computer vision and multimedia computation, , ",Computer vision and multimedia computation,,
International Conference on Runtime Verification (was workshop pre 2010),RV,rv,B,"Software engineering, , ",Software engineering,,
International Conference on Scientific and Statistical Data Base Management,SSDBM,ssdbm,B,"Data management and data science, , ",Data management and data science,,
International Conference on Security and Privacy for Communication Networks,SecureComm,securecomm,C,"Cybersecurity and privacy, , ",Cybersecurity and privacy,,
International Conference on Security of Information and Networks,SIN,sin,C,"Cybersecurity and privacy, , ",Cybersecurity and privacy,,
International Conference on Sequences and their Applications,SETA,N/A,C,"Cybersecurity and privacy, Theory of computation, ",Cybersecurity and privacy,Theory of computation,
International Conference on Service Oriented Computing,ICSOC,icsoc,A,"Distributed computing and systems software, , ",Distributed computing and systems software,,
International Conference on Similarity Search and Applications,SISAP,sisap,B,"Data management and data science, , ",Data management and data science,,
"International Conference on Simulation and Modeling Methodologies, Technologies and Applications",SIMULTECH,simultech,C,"Distributed computing and systems software, , ",Distributed computing and systems software,,
International Conference on Smart homes and health Telematics,ICOST,icost,C,"Applied computing, , ",Applied computing,,
International Conference on Software and Data Technologies,ICSoft,icsoft,C,"Software engineering, , ",Software engineering,,
International Conference on Software and System Processes (was ICSP prior to 2011),ICSSP,ispw,B,"Software engineering, , ",Software engineering,,
International Conference on Software Architecture (was previously WICSA),ICSA,icsa,A,"Software engineering, , ",Software engineering,,
International Conference on Software Engineering,ICSE,icse,A*,"Software engineering, , ",Software engineering,,
International Conference on Software Engineering Advances,ICSEA,N/A,C,"Software engineering, , ",Software engineering,,
International Conference on Software Engineering and Formal Methods,SEFM,sefm,B,"Software engineering, , ",Software engineering,,
International Conference on Software Engineering and Knowledge Engineering,SEKE,seke,C,"Software engineering, Artificial intelligence, ",Software engineering,Artificial intelligence,
"International Conference on Software Engineering, Artificial Intelligence, Networking and Parallel/Distributed Computing",SNPD,snpd,C,"Software engineering, Artificial intelligence, Distributed computing and systems software",Software engineering,Artificial intelligence,Distributed computing and systems software
International Conference on Software Language Engineering,SLE,sle,B,"Software engineering, , ",Software engineering,,
International Conference on Software Quality Management,SQM,N/A,C,"Software engineering, , ",Software engineering,,
International Conference on Software Reuse,ICSR,icsr,B,"Software engineering, , ",Software engineering,,
"International Conference on Software Testing, Verification and Validation",ICST,icst,A,"Software engineering, , ",Software engineering,,
International Conference on Sustainable Energy Information Technology,SEIT,N/A,Unranked,"Applied computing, Distributed computing and systems software, ",Applied computing,Distributed computing and systems software,
International Conference on Systems Engineering,ICSEng,icseng,C,"Information and Computing Sciences, , ",Information and Computing Sciences,,
International Conference on Technical Debt,TechDebt,icse/techdebt2019.html,B,"Software engineering, , ",Software engineering,,
International Conference on Testing Software and Systems,ICTSS,pts,C,"Software engineering, , ",Software engineering,,
International Conference on Tests and Proofs,TAP,tap,C,"Software engineering, , ",Software engineering,,
International Conference on the Application and Theory of Petri Nets and Concurrency,Petri Nets,apn,B,"Distributed computing and systems software, , ",Distributed computing and systems software,,
International Conference on the Foundations of Digital Games,FDG,fdg,C,"Graphics, augmented reality and games, Human-centred computing, ","Graphics, augmented reality and games",Human-centred computing,
International Conference on the Principles of Knowledge Representation and Reasoning,KR,kr,A*,"Artificial intelligence, Theory of computation, ",Artificial intelligence,Theory of computation,
International Conference on the Quality of Information and Communications Technology,QUATIC,quatic,C,"Software engineering, , ",Software engineering,,
International Conference on the Simulation and Synthesis of Living Systems,ALIFE,N/A,C,"Artificial intelligence, , ",Artificial intelligence,,
International Conference on the Statistical Analysis of Textual Data,JADT,N/A,C,"Artificial intelligence, , ",Artificial intelligence,,
International Conference on the Theory and Application of Cryptographic Techniques,EuroCrypt,eurocrypt,A*,"Cybersecurity and privacy, , ",Cybersecurity and privacy,,
International Conference on the Theory and Application of Cryptology and Information Security,ASIACRYPT,asiacrypt,A,"Cybersecurity and privacy, , ",Cybersecurity and privacy,,
International Conference on the Theory of Information Retrieval,ICTIR,ictir,Unranked,"Data management and data science, , ",Data management and data science,,
International Conference on Theorem Proving with Analytic Tableaux and Related Methods,TABLEAUX,tableaux,B,"Theory of computation, , ",Theory of computation,,
International Conference on Theory and Applications of Satisfiability Testing,SAT,sat,A,"Artificial intelligence, Theory of computation, ",Artificial intelligence,Theory of computation,
International Conference on Theory and Practice of Digital Libraries (was ECDL until 2010),TPDL,ercimdl,B,"Data management and data science, , ",Data management and data science,,
International Conference on Tools with Artificial Intelligence,ICTAI,ictai,B,"Artificial intelligence, , ",Artificial intelligence,,
"International Conference on Trust, Privacy and Security in Digital Business",TrustBus,trustbus,B,"Cybersecurity and privacy, , ",Cybersecurity and privacy,,
"International Conference on Trust, Security and Privacy in Computing and Communications",TrustCom,trustcom,B,"Cybersecurity and privacy, , ",Cybersecurity and privacy,,
International Conference on Ubiquitous Intelligence and Computing,UIC,uic,C,"Distributed computing and systems software, Human-centred computing, ",Distributed computing and systems software,Human-centred computing,
International Conference on Unconventional Computation and Natural Computation (was International Conference on Unconventional Computation),UC,uc,C,"Theory of computation, , ",Theory of computation,,
"International Conference on User Modelling, Adaptation, and Personalization (was AH and UM)",UMAP,um,B,"Human-centred computing, , ",Human-centred computing,,
International Conference on Vehicle Technology and Intelligent Transport Systems,VEHITS,vehits,C,"Distributed computing and systems software, Artificial intelligence, ",Distributed computing and systems software,Artificial intelligence,
International Conference on Very Large Databases,VLDB,vldb,A*,"Data management and data science, , ",Data management and data science,,
International Conference on Virtual Execution Environments,VEE,vee,B,"Distributed computing and systems software, , ",Distributed computing and systems software,,
International Conference on Virtual Rehabilitation,ICVR,N/A,Unranked,"Applied computing, , ",Applied computing,,
International Conference on VLSI Design,VLSID,vlsid,National: India,"Distributed computing and systems software, , ",Distributed computing and systems software,,
International Conference on Web and Social Media,ICWSM,icwsm,A,"Applied computing, Data management and data science, ",Applied computing,Data management and data science,
International Conference on Web Engineering,ICWE,icwe,B,"Data management and data science, , ",Data management and data science,,
International Conference on Web Information Systems and Technologies,WEBIST,webist,C,"Information and Computing Sciences, , ",Information and Computing Sciences,,
International Conference on Web Information Systems Engineering,WISE,wise,B,"Data management and data science, Distributed computing and systems software, ",Data management and data science,Distributed computing and systems software,
International Conference on Wireless Networks and Mobile Communications,WINCOM,wincom,National:Morocco,"Distributed computing and systems software, , ",Distributed computing and systems software,,
"International Conference: Sciences of Electronics, Technologies of information and Telecommunication",SETIT,N/A,Unranked,"Information and Computing Sciences, , ",Information and Computing Sciences,,
"International Conferences in Central Europe on Computer Graphics, Visualization and Computer Vision",WSCG,N/A,National: Czecholslovakia,"Graphics, augmented reality and games, Computer vision and multimedia computation, ","Graphics, augmented reality and games",Computer vision and multimedia computation,
International Congress on Computational and Applied Mathematics,ICCAM,N/A,C,"Theory of computation, , ",Theory of computation,,
International Congress on Modelling and Simulation,MODSIM,N/A,Australasian C,"Artificial intelligence, , ",Artificial intelligence,,
International Cross-Domain Conference for Machine Learning and Knowledge Extraction,CD-MAKE,cdmake,C,"Artificial intelligence, Machine learning, Human-centred computing",Artificial intelligence,Machine learning,Human-centred computing
International CSI Computer Conference,CSICC,N/A,National: Iran,"Theory of computation, , ",Theory of computation,,
International Database Engineering and Applications Symposium,IDEAS,ideas,C,"Data management and data science, , ",Data management and data science,,
International European Conference on Parallel and Distributed Computing (was International Conference on Parallel Processing),EuroPar,europar,B,"Distributed computing and systems software, , ",Distributed computing and systems software,,
International FLINS Conference on Robotics and Artificial Intelligence (was International Fuzzy Logic and Intelligent technologies in Nuclear Science Conference),FLINS,N/A,C,"Artificial intelligence, , ",Artificial intelligence,,
International Frontiers of Algorithmics Workshop,FAW,faw,National: China,"Theory of computation, , ",Theory of computation,,
International Joint Conference on Artificial Intelligence,IJCAI,ijcai,A*,"Artificial intelligence, Machine learning, Computer vision and multimedia computation",Artificial intelligence,Machine learning,Computer vision and multimedia computation
International Joint Conference on Automated Reasoning,IJCAR,ijcar,A,"Artificial intelligence, Software engineering, Theory of computation",Artificial intelligence,Software engineering,Theory of computation
"International Joint Conference on Autonomous Agents and Multiagent Systems (previously the International Conference on Multiagent Systems, ICMAS, changed in 2000)",AAMAS,ifaamas,A*,"Artificial intelligence, , ",Artificial intelligence,,
International Joint Conference on Biometrics,IJCB,icb,B,"Computer vision and multimedia computation, Cybersecurity and privacy, Human-centred computing",Computer vision and multimedia computation,Cybersecurity and privacy,Human-centred computing
International Joint Conference on Computational Intelligence,IJCCI,ijcci,C,"Artificial intelligence, Machine learning, ",Artificial intelligence,Machine learning,
"International Joint Conference on Knowledge Discovery, Knowledge Engineering and Knowledge Management",IC3K,ic3k,C,"Data management and data science, , ",Data management and data science,,
International Joint Conference on Natural Language Processing,IJCNLP,ijcnlp,B,"Artificial intelligence, , ",Artificial intelligence,,
International Joint Conference on Rough Sets (2014 International Conference on Rough Sets and Current Trends in Computing joined with 3 others),IJCRS (was RSCTC),ijcrs,C,"Artificial intelligence, , ",Artificial intelligence,,
International Joint Conference on Rules and Reasoning,RuleML+RR,rulemlrr,B,"Artificial intelligence, Theory of computation, Applied computing",Artificial intelligence,Theory of computation,Applied computing
International KES Conference on Agents and Multiagent systems - Technologies and Applications,KES AMSTA,N/A,C,"Artificial intelligence, , ",Artificial intelligence,,
International Machine Vision and Image Processing Conference,IMVIP,N/A,National: ireland,"Computer vision and multimedia computation, , ",Computer vision and multimedia computation,,
International Natural Language Generation Conference,INLG,inlg,B,"Artificial intelligence, , ",Artificial intelligence,,
International Network Optimization Conference,INOC,inoc,C,"Distributed computing and systems software, , ",Distributed computing and systems software,,
International Picture Coding Symposium,PCS,pcs,C,"Computer vision and multimedia computation, , ",Computer vision and multimedia computation,,
International Symposium 'Problems of Redundancy in Information and Control Systems',Redundancy,N/A,National Russia,"Cybersecurity and privacy, Theory of computation, ",Cybersecurity and privacy,Theory of computation,
International Symposium on Algorithmic Game Theory,SAGT,sagt,B,"Theory of computation, , ",Theory of computation,,
International Symposium on Algorithms and Computation,ISAAC,isaac,A,"Theory of computation, , ",Theory of computation,,
International Symposium on Algorithms and Experiments for Wireless Networks,Algosensors,algosensors,C,"Distributed computing and systems software, , ",Distributed computing and systems software,,
International Symposium on Applied Computational Intelligence and Informatics,SACI,saci,National: Romania,"Artificial intelligence, , ",Artificial intelligence,,
International Symposium on Applied Machine Intelligence and Informatics,SAMI,N/A,National: slovakia,"Artificial intelligence, , ",Artificial intelligence,,
International Symposium on Artificial Intelligence and Mathematics,ISAIM,isaim,National: USA,"Artificial intelligence, , ",Artificial intelligence,,
International Symposium on Artificial Life and Robotics,AROB,N/A,C,"Artificial intelligence, , ",Artificial intelligence,,
International Symposium on Automated Technology for Verification and Analysis,ATVA,atva,B,"Software engineering, , ",Software engineering,,
International Symposium on Automation and Robotics in Construction,ISARC,N/A,C,"Artificial intelligence, , ",Artificial intelligence,,
International Symposium on Autonomous Decentralized Systems,ISADS,isads,C,"Distributed computing and systems software, , ",Distributed computing and systems software,,
International Symposium on Code Generation and Optimization,CGO,cgo,A,"Software engineering, , ",Software engineering,,
International Symposium on Combinatorial Optimisation,ISCO,iscopt,C,"Theory of computation, Artificial intelligence, ",Theory of computation,Artificial intelligence,
International Symposium on Computational Geometry,SoCG,compgeom,A,"Theory of computation, , ",Theory of computation,,
International Symposium on Computer Architecture and High Performance Computing,SBAC-PAD,sbac-pad,C,"Distributed computing and systems software, , ",Distributed computing and systems software,,
International Symposium on Distributed Computing (was WDAG),DISC,wdag,A,"Distributed computing and systems software, , ",Distributed computing and systems software,,
International Symposium on Distributed Simulation and Real Time Applications,DS-RT,dsrt,C,"Distributed computing and systems software, Artificial intelligence, Human-centred computing",Distributed computing and systems software,Artificial intelligence,Human-centred computing
International Symposium on Empirical Software Engineering and Measurement,ESEM,esem,A,"Software engineering, , ",Software engineering,,
International Symposium on Experimental Algorithms,SEA,wea,B,"Theory of computation, , ",Theory of computation,,
International Symposium on Formal Methods (was Formal Methods Europe FME),FM,fm,A,"Software engineering, Theory of computation, ",Software engineering,Theory of computation,
International Symposium on Foundations of Intelligent Systems,ISMIS,ismis,C,"Artificial intelligence, , ",Artificial intelligence,,
International Symposium on Functional and Logic Programming,FLOPS,flops,National: Japan,"Theory of computation, , ",Theory of computation,,
International Symposium on Fundamentals of Computation Theory,FCT,fct,B,"Theory of computation, , ",Theory of computation,,
International Symposium on Grids and Clouds (was International Symposium on Grid Computing),ISGC,N/A,C,"Distributed computing and systems software, , ",Distributed computing and systems software,,
International Symposium on High Performance Computer Architecture,HPCA,hpca,A*,"CSE - Computer Systems Engineering, Distributed computing and systems software, ",CSE - Computer Systems Engineering,Distributed computing and systems software,
International Symposium on Information Theory and Its Applications,ISITA,isita,C,"Theory of computation, Cybersecurity and privacy, ",Theory of computation,Cybersecurity and privacy,
International Symposium on Innovations in Intelligent Systems and Applications,INISTA,inista,C,"Artificial intelligence, Applied computing, ",Artificial intelligence,Applied computing,
International Symposium on Intelligent Systems and Informatics,SISY,sisy,National: serbia,"Artificial intelligence, , ",Artificial intelligence,,
International Symposium on Latin American Theoretical Informatics,LATIN,latin,B,"Theory of computation, , ",Theory of computation,,
"International Symposium on Leveraging Applications of Formal Methods, Verification and Validation",ISoLA,isola,C,"Software engineering, , ",Software engineering,,
International Symposium on Logic-based Program Synthesis and Transformation,LOPSTR,lopstr,C,"Theory of computation, Software engineering, ",Theory of computation,Software engineering,
International Symposium on Mathematical Foundations of Computer Science,MFCS,mfcs,A,"Theory of computation, , ",Theory of computation,,
International Symposium on Memory Management,ISMM,iwmm,C,"Distributed computing and systems software, Software engineering, ",Distributed computing and systems software,Software engineering,
International Symposium on Microarchitecture,MICRO,micro,TBR,"CSE - Computer Systems Engineering, , ",CSE - Computer Systems Engineering,,
"International Symposium on Modelling and Optimization in Mobile, Ad Hoc, and Wireless Networks",WiOpt,wiopt,B,"Distributed computing and systems software, , ",Distributed computing and systems software,,
"International Symposium on Networks, Computers and Communications",ISNCC,isncc,C,"Distributed computing and systems software, , ",Distributed computing and systems software,,
International Symposium on Neural Networks,ISNN,isnn,C,"Machine learning, , ",Machine learning,,
"International Symposium on New Ideas, New Paradigms, and Reflections on Programming and Software",Onward,onward,C,"Software engineering, , ",Software engineering,,
International Symposium on Open Collaboration (was International Symposiums on Wikis),OPENSYM,wikis,C,"Software engineering, , ",Software engineering,,
International Symposium on Parallel and Distributed Computing,ISPDC,ispdc,C,"Distributed computing and systems software, , ",Distributed computing and systems software,,
International Symposium on Parameterized and Exact Computation (was IWPEC pre 2004),IPEC,iwpec,B,"Theory of computation, , ",Theory of computation,,
International Symposium on Robotics Research,ISRR,isrr,C,"Artificial intelligence, , ",Artificial intelligence,,
International Symposium on Search Based Software Engineering,SSBSE,ssbse,B,"Software engineering, Artificial intelligence, ",Software engineering,Artificial intelligence,
International Symposium on Software Engineering for Adaptive and Self-Managing Systems,SEAMS,seams,A,"Software engineering, , ",Software engineering,,
"International Symposium on Software Engineering: Theories, Tools, and Applications",SETTA,setta,National:China,"Software engineering, Theory of computation, ",Software engineering,Theory of computation,
International Symposium on Software Reliability Engineering,ISSRE,issre,A,"Software engineering, , ",Software engineering,,
International Symposium on Software Testing and Analysis,ISSTA,issta,A,"Software engineering, , ",Software engineering,,
International Symposium on Spatial and Temporal Databases,SSTD,ssd,B,"Applied computing, , ",Applied computing,,
International Symposium on Spatial Data Handling,SDH,N/A,C,"Applied computing, , ",Applied computing,,
International Symposium on Spatial Data Quality,ISSDQ,N/A,C,"Applied computing, , ",Applied computing,,
International Symposium on String Processing and Information Retrieval,SPIRE,spire,C,"Data management and data science, , ",Data management and data science,,
International Symposium on Symbolic and Algebraic Computation,ISSAC,issac,A,"Theory of computation, , ",Theory of computation,,
International Symposium on Symbolic and Numeric Algorithms for Scientific Computing,SYNASC,synasc,National: romania,"Theory of computation, , ",Theory of computation,,
International Symposium on Technology and Society,ISTAS,N/A,C,"Information and Computing Sciences, , ",Information and Computing Sciences,,
International Symposium on Temporal Representation and Reasoning,TIME,time,C,"Artificial intelligence, , ",Artificial intelligence,,
International Symposium on the Mathematical Theory of Networks and Systems,MTNS,N/A,C,"Distributed computing and systems software, , ",Distributed computing and systems software,,
International Symposium on Theoretical Aspects of Computer Science,STACS,stacs,A,"Theory of computation, , ",Theory of computation,,
International Symposium on Theoretical Aspects of Software Engineering,TASE,tase,National: China,"Software engineering, , ",Software engineering,,
International Symposium on Ubiquitous Virtual Reality,ISUVR,N/A,National: S. Korea,"Graphics, augmented reality and games, Human-centred computing, ","Graphics, augmented reality and games",Human-centred computing,
International Symposium on Visual Computing,ISVC,isvc,National: USA,"Graphics, augmented reality and games, Computer vision and multimedia computation, ","Graphics, augmented reality and games",Computer vision and multimedia computation,
International Telecommunication Networks and Applications Conference (was Australian Telecommunication Networks and Applications Conference),ITNAC,itnac,Australasian C,"Distributed computing and systems software, , ",Distributed computing and systems software,,
International Visualization in Transportation Symposium,TRB,N/A,National: USA,"Human-centred computing, , ",Human-centred computing,,
International Wordnet Conference (Global Wordnet Conference),GWC,wordnet,C,"Data management and data science, Artificial intelligence, ",Data management and data science,Artificial intelligence,
International Work-Conference on Artificial and Natural Neural Networks,IWANN,iwann,National: Spain,"Machine learning, , ",Machine learning,,
International Work-conference on the Interplay between Natural and Artificial Computation,IWINAC,iwinac,National,"Artificial intelligence, , ",Artificial intelligence,,
International Workshop on Algebraic and Combinatorial Coding Theory,ACCT,N/A,National,"Theory of computation, Cybersecurity and privacy, ",Theory of computation,Cybersecurity and privacy,
International Workshop on Approximation Algorithms for Combinatorial Optimization Problems and International Conference on Randomization and Computation,APPROX/RANDOM,approx,A,"Theory of computation, , ",Theory of computation,,
International Workshop on Combinations of Intelligent Methods and Applications,CIMA,N/A,C,"Artificial intelligence, Machine learning, Computer vision and multimedia computation",Artificial intelligence,Machine learning,Computer vision and multimedia computation
International Workshop on Combinatorial Algorithm,IWOCA,iwoca,C,"Theory of computation, , ",Theory of computation,,
International Workshop on Combinatorial Image Analysis: Theory and Applications,IWCIA,iwcia,C,"Computer vision and multimedia computation, , ",Computer vision and multimedia computation,,
"International Workshop on Coordination, Organizations, Institutions, Norms and Ethics for Governance of Multi-Agent Systems (Ethics added 2020)",COINE,coin-ws/,C,"Artificial intelligence, , ",Artificial intelligence,,
International Workshop on Critical Information Infrastructures Security,CRITIS,critis,C,"Cybersecurity and privacy, , ",Cybersecurity and privacy,,
International Workshop on Data Management on New Hardware,DaMoN,damon,C,"Data management and data science, , ",Data management and data science,,
International Workshop on Data Warehousing and OLAP,DOLAP,dolap,C,"Data management and data science, , ",Data management and data science,,
International Workshop on Digital Watermarking,IWDW,iwdw,C,"Cybersecurity and privacy, , ",Cybersecurity and privacy,,
International Workshop on Document Analysis Systems,DAS,das,B,"Data management and data science, , ",Data management and data science,,
International Workshop on Enterprise and Organizational Modelling and Simulation,EOMAS,N/A,C,"Software engineering, , ",Software engineering,,
International Workshop on Formal Methods for interactive Systems,FMIS,N/A,C,"Software engineering, Human-centred computing, ",Software engineering,Human-centred computing,
International Workshop on Graph-Theoretic Concepts in Computer Science,WG,wg,B,"Theory of computation, , ",Theory of computation,,
International workshop on High-Level Parallel Programming and Applications,HLPP,N/A,C,"Distributed computing and systems software, , ",Distributed computing and systems software,,
International Workshop on High-Level Parallel Programming Models and Supportive Environments,HIPS,N/A,C,"Distributed computing and systems software, , ",Distributed computing and systems software,,
International Workshop on Information Security Applications,WISA,wisa,National: korea,"Cybersecurity and privacy, , ",Cybersecurity and privacy,,
International Workshop on Modelling in Software Engineering,MISE,N/A,C,"Software engineering, , ",Software engineering,,
International Workshop on MultiAgent Based Simulation,MABS,mabs,C,"Artificial intelligence, , ",Artificial intelligence,,
International Workshop on Multimedia Signal Processing,MMSP,mmsp,C,"Computer vision and multimedia computation, , ",Computer vision and multimedia computation,,
International Workshop on Post-Quantum Cryptography,PQCrypto,pqcrypto,C,"Cybersecurity and privacy, , ",Cybersecurity and privacy,,
International Workshop on Principles of Diagnosis,DX,N/A,C,"Software engineering, Distributed computing and systems software, ",Software engineering,Distributed computing and systems software,
International Workshop on Requirements Engineering: Foundation for Software Quality,REFSQ,refsq,B,"Software engineering, , ",Software engineering,,
International Workshop on Security,IWSEC,iwsec,National: Japan,"Cybersecurity and privacy, , ",Cybersecurity and privacy,,
International Workshop on Soft Computing Applications,SOFA,N/A,National: Romania,"Applied computing, , ",Applied computing,,
International Workshop on Software and Compilers for Embedded Systems,SCOPES,scopes,C,"Distributed computing and systems software, , ",Distributed computing and systems software,,
International Workshop on the Algorithmic Foundations of Robotics,WAFR,wafr,C,"Artificial intelligence, , ",Artificial intelligence,,
International Workshop on Visualization for Cyber Security,VizSec,vizsec,C,"Human-centred computing, Cybersecurity and privacy, ",Human-centred computing,Cybersecurity and privacy,
International Workshop on Web and Wireless Geographical Information Systems,W2GIS,w2gis,C,"Applied computing, , ",Applied computing,,
International Workshops on Enabling Technologies: Infrastructures for Collaborative Enterprises,WETICE,wetice,C,"Distributed computing and systems software, Human-centred computing, ",Distributed computing and systems software,Human-centred computing,
International World Wide Web Conference,WWW,www,A*,"Distributed computing and systems software, Data management and data science, ",Distributed computing and systems software,Data management and data science,
Internet Measurement Conference,IMC,imc,A,"Distributed computing and systems software, , ",Distributed computing and systems software,,
Interspeech (combined EuroSpeech and ICSLP in 2000),Interspeech,interspeech,A,"Artificial intelligence, , ",Artificial intelligence,,
ISCA International Conference on Computer Applications in Industry and Engineering,CAINE,N/A,C,"Applied computing, , ",Applied computing,,
Joint Conference of the International Workshop on Software Measurement and the International Conference on Software Process and Product Measurement (IWSM and Mensura combined from 2007),IWSM Mensura,iwsm,C,"Software engineering, , ",Software engineering,,
"Joint Conference on Computer Vision, Imaging and Computer Graphics Theory and Applications (GRAPP and VISAPP combined from 2008)",VISIGRAPP,visigrapp,Multiconference,"Computer vision and multimedia computation, , ",Computer vision and multimedia computation,,
KES International Symposium on Intelligent Decision Technologies,KES IDT,N/A,C,"Artificial intelligence, , ",Artificial intelligence,,
Knowledge capture,K-CAP,kcap,B,"Data management and data science, Artificial intelligence, ",Data management and data science,Artificial intelligence,
Knowledge Domain Visualisation,KDViz,N/A,National: UK,"Human-centred computing, , ",Human-centred computing,,
Knowledge Visualization and Visual Thinking,KV,N/A,C,"Human-centred computing, , ",Human-centred computing,,
Language Resources and Evaluation Conference,LREC,lrec,B,"Artificial intelligence, , ",Artificial intelligence,,
"Language, Data and Knowledge",LDK,ldk,C,"Artificial intelligence, Data management and data science, Applied computing",Artificial intelligence,Data management and data science,Applied computing
Latin American Conference on Informatics,CLEI,clei,C,"Artificial intelligence, Software engineering, Data management and data science",Artificial intelligence,Software engineering,Data management and data science
"Latin-American Algorithms, Graphs and Optimization Symposium",LAGOS,lagos,C,"Theory of computation, , ",Theory of computation,,
Logic Programming and Automated Reasoning,LPAR,lpar,B,"Theory of computation, Artificial intelligence, ",Theory of computation,Artificial intelligence,
Logical Foundations of Computer Science,LFCS,lfcs,National: USA,"Theory of computation, , ",Theory of computation,,
"Logics in Artificial Intelligence, European Conference",JELIA,jelia,A,"Theory of computation, Artificial intelligence, ",Theory of computation,Artificial intelligence,
Machine Translation Summit,MT SUMMIT,mtsummit,C,"Artificial intelligence, , ",Artificial intelligence,,
Machine Vision Applications,MVA,mva,National: japan,"Computer vision and multimedia computation, , ",Computer vision and multimedia computation,,
"Machines, Computations and Universality (was Universal Machines and Computations)",MCU,mcu,C,"Theory of computation, , ",Theory of computation,,
Malaysia International Conference on Communications,MICC,N/A,Regional,"Distributed computing and systems software, , ",Distributed computing and systems software,,
Mathematics of Program Construction,MPC,mpc,B,"Theory of computation, , ",Theory of computation,,
Measurement and Modeling of Computer Systems,SIGMETRICS,sigmetrics,A*,"Software engineering, , ",Software engineering,,
Medical Image Computing and Computer-Assisted Intervention,MICCAI,miccai,A,"Applied computing, Computer vision and multimedia computation, ",Applied computing,Computer vision and multimedia computation,
Mensch & Computer,MuC,mc,National: Germany,"Human-centred computing, , ",Human-centred computing,,
Mobile and Ubiquitous Multimedia (ACM),MUM,mum,B,"Human-centred computing, , ",Human-centred computing,,
Modelling and Optimization: Theory and Applications,MOPTA,N/A,National: USA,"Artificial intelligence, , ",Artificial intelligence,,
Multimedia and Network Information Systems,MISSI,missi,National: Poland,"Computer vision and multimedia computation, Graphics, augmented reality and games, Artificial intelligence",Computer vision and multimedia computation,"Graphics, augmented reality and games",Artificial intelligence
National Conference of the American Association for Artificial Intelligence,AAAI,aaai,A*,"Artificial intelligence, Computer vision and multimedia computation, Machine learning",Artificial intelligence,Computer vision and multimedia computation,Machine learning
National Conference of The Australian Society for Operations Research,ASOR,N/A,Australasian C,"Artificial intelligence, , ",Artificial intelligence,,
Network and Operating System Support for Digital Audio and Video,NOSSDAV,nossdav,B,"Distributed computing and systems software, , ",Distributed computing and systems software,,
New Security Paradigms Workshop,NSPW,nspw,C,"Cybersecurity and privacy, , ",Cybersecurity and privacy,,
New Zealand Game Developers Conference,NZGDC,N/A,Australasian C,"Graphics, augmented reality and games, Human-centred computing, ","Graphics, augmented reality and games",Human-centred computing,
Nordic Conference on Human-Computer Interaction,NordiCHI,nordichi,Regional:Scandinavia,"Human-centred computing, , ",Human-centred computing,,
North American Association for Computational Linguistics,NAACL,naacl,A,"Artificial intelligence, , ",Artificial intelligence,,
On-Line Testing and Robust System Design,IOLTS,iolts,C,"CSE - Computer Systems Engineering, Software engineering, ",CSE - Computer Systems Engineering,Software engineering,
"Pacific Asia Conference on Language, Information and Computation",PACLIC,paclic,C,"Artificial intelligence, , ",Artificial intelligence,,
Pacific Conference on Computer Graphics and Applications,PG,pg,Journal Published,"Graphics, augmented reality and games, Computer vision and multimedia computation, ","Graphics, augmented reality and games",Computer vision and multimedia computation,
Pacific Rim International Conference on Artificial Intelligence,PRICAI,pricai,B,"Artificial intelligence, , ",Artificial intelligence,,
Pacific Rim International Symposium on Dependable Computing,PRDC,prdc,C,"Software engineering, Distributed computing and systems software, Cybersecurity and privacy",Software engineering,Distributed computing and systems software,Cybersecurity and privacy
Pacific Rim Knowledge Acquisition Workshop,PKAW,pkaw,C,"Artificial intelligence, Machine learning, Human-centred computing",Artificial intelligence,Machine learning,Human-centred computing
Pacific Symposium on Biocomputing,PSB,psb,National: USA,"Applied computing, , ",Applied computing,,
Pacific-Asia Conference on Knowledge Discovery and Data Mining,PAKDD,pakdd,B,"Data management and data science, , ",Data management and data science,,
Pacific-Rim Symposium on Image and Video Technology,PSIVT,psivt,C,"Computer vision and multimedia computation, , ",Computer vision and multimedia computation,,
Parallel Problem Solving from Nature,PPSN,ppsn,A,"Machine learning, , ",Machine learning,,
Passive and Active Measurement Conference,PAM,pam,B,"Distributed computing and systems software, , ",Distributed computing and systems software,,
Pattern Languages of Programs,PLOP,N/A,C,"Software engineering, , ",Software engineering,,
Portuguese Conference on Artificial Intelligence,EPIA,epia,National: Portugal,"Artificial intelligence, , ",Artificial intelligence,,
Practical Applications of Agents and Multiagent Systems,PAAMS,paams,National: Spain,"Artificial intelligence, Applied computing, ",Artificial intelligence,Applied computing,
Practical Aspects of Declarative Languages,PADL,padl,C,"Software engineering, , ",Software engineering,,
Practice and Theory of Automated Timetabling,PATAT,N/A,C,"Applied computing, , ",Applied computing,,
Prague Stringology Conference,PSC,stringology,National: Czech,"Theory of computation, , ",Theory of computation,,
Principles and Practice of Parallel Programming,PPoPP,ppopp,B,"Distributed computing and systems software, , ",Distributed computing and systems software,,
Privacy Enhancing Technologies Symposium (was International Workshop of Privacy Enhancing Technologies),PETS,popets,A,"Cybersecurity and privacy, , ",Cybersecurity and privacy,,
Privacy in Statistical Databases,PSD,psd,C,"Cybersecurity and privacy, , ",Cybersecurity and privacy,,
Product Focused Software Process Improvement,PROFES,profes,B,"Software engineering, , ",Software engineering,,
Real Time Systems Symposium,RTSS,rtss,A*,"Distributed computing and systems software, , ",Distributed computing and systems software,,
Richard Tapia Celebration of Diversity in Computing Conference,Tapia,N/A,National: USA,"Information and Computing Sciences, , ",Information and Computing Sciences,,
Robot Soccer World Cup,RoboCup,robocup,C,"Artificial intelligence, , ",Artificial intelligence,,
Robotics: Science and Systems,RSS,rss,TBR,"CSE - Computer Systems Engineering, , ",CSE - Computer Systems Engineering,,
Semantics - International Conference on Semantic Systems,Semantics,i-semantics,"Regional: Austria, Germany, Netherlands","Data management and data science, , ",Data management and data science,,
SGAI International Conference on Artificial Intelligence,SGAI,sgai,National: UK,"Artificial intelligence, , ",Artificial intelligence,,
SIAM Conference on Discrete Mathematics,DM,N/A,C,"Theory of computation, , ",Theory of computation,,
SIAM Conference on Optimization,OP,N/A,C,"Artificial intelligence, , ",Artificial intelligence,,
SIAM International Conference on Data Mining,SDM,sdm,A,"Data management and data science, , ",Data management and data science,,
SIGGRAPH Asia,SiggraphA,siggrapha,journal published,"Graphics, augmented reality and games, Computer vision and multimedia computation, Human-centred computing","Graphics, augmented reality and games",Computer vision and multimedia computation,Human-centred computing
Simulation and Synthesis in Medical Imaging,SASHIMI,sashimi-ws,C,"Artificial intelligence, Applied computing, Computer vision and multimedia computation",Artificial intelligence,Applied computing,Computer vision and multimedia computation
Simulation Technology and Training Conference,SimTecT,N/A,Australasian C,"Artificial intelligence, , ",Artificial intelligence,,
SKLOIS Conference on Information Security and Cryptology,Inscrypt,cisc,National: China,"Cybersecurity and privacy, , ",Cybersecurity and privacy,,
Smart Card Research and Advanced Application Conference,CARDIS,cardis,C,"Cybersecurity and privacy, , ",Cybersecurity and privacy,,
Software Process Improvement and Capability Determination,SPICE,N/A,C,"Software engineering, , ",Software engineering,,
Software Product Lines Conference,SPLC,splc,B,"Software engineering, Applied computing, Artificial intelligence",Software engineering,Applied computing,Artificial intelligence
"Software Quality, Reliability, and Security (was International Conference on Quality Software, QSIC, that merged with SERE 2015)",QRS,qrs,C,"Software engineering, , ",Software engineering,,
Static Analysis Symposium,SAS,sas,B,"Software engineering, , ",Software engineering,,
Structural and Syntactical Pattern Recognition,SSPR,ssspr,B,"Computer vision and multimedia computation, , ",Computer vision and multimedia computation,,
Symposium Model Analysis and Simulation of Computer and Telecommunications Systems,MASCOTS,mascots,B,"Distributed computing and systems software, , ",Distributed computing and systems software,,
Symposium of Asian Association for Algorithms and Computation,AAAC,N/A,C,"Theory of computation, , ",Theory of computation,,
Symposium on Advances in DB and Information Systems,ADBIS,adbis,C,"Data management and data science, , ",Data management and data science,,
Symposium on Geometry Processing,SGP,sgp,B,"Graphics, augmented reality and games, Computer vision and multimedia computation, ","Graphics, augmented reality and games",Computer vision and multimedia computation,
Symposium on High Performance Chips,HOTCHIPS (HCS),hotchips,C,"Distributed computing and systems software, , ",Distributed computing and systems software,,
"Symposium on Networked Systems, Design and Implementation",NSDI,nsdi,National: USA,"Distributed computing and systems software, , ",Distributed computing and systems software,,
Symposium on Parallelism in Algorithms and Architectures,SPAA,spaa,B,"Distributed computing and systems software, , ",Distributed computing and systems software,,
Symposium on Reliable Distributed Systems,SRDS,srds,B,"Distributed computing and systems software, , ",Distributed computing and systems software,,
"Symposium on Stabilization, Safety, and Security of Distributed Systems",SSS,sss,C,"Cybersecurity and privacy, , ",Cybersecurity and privacy,,
Symposium On Usable Privacy and Security,SOUPS,soups,B,"Human-centred computing, Cybersecurity and privacy, ",Human-centred computing,Cybersecurity and privacy,
"Tangible, Embedded, and Embodied Interaction",TEI,tei,B,"Human-centred computing, , ",Human-centred computing,,
Testbeds and Research Infrastructures for the Development of Networks and Communities,TridentCom,tridentcom,National: China,"Distributed computing and systems software, , ",Distributed computing and systems software,,
The ACM International System and Storage Conference,SYSTOR,systor,National:Israel,"Distributed computing and systems software, Data management and data science, ",Distributed computing and systems software,Data management and data science,
The International Conference on Future Networks and Communications,FNC,fnc,Unranked,"Distributed computing and systems software, , ",Distributed computing and systems software,,
The International Conference on Verification and Evaluation of Computer and Communication Systems,VECoS,vecos,C,"Distributed computing and systems software, Theory of computation, Software engineering",Distributed computing and systems software,Theory of computation,Software engineering
"The International Symposium on Research in Attacks, Intrusions and Defenses (was International Symposium on Recent Advances in Intrusion Detection)",RAID,raid,A,"Cybersecurity and privacy, , ",Cybersecurity and privacy,,
The Symposium of Combinatorial Search,SoCS,socs,B,"Artificial intelligence, , ",Artificial intelligence,,
The Theory and Application of Diagrams,DIAGRAMS,diagrams,C,"Artificial intelligence, , ",Artificial intelligence,,
Theoretical Aspects of Rationality and Knowledge,TARK,tark,A,"Theory of computation, , ",Theory of computation,,
Theory of Cryptography Conference,TCC,tcc,A,"Cybersecurity and privacy, Theory of computation, ",Cybersecurity and privacy,Theory of computation,
Tools and Algorithms for Construction and Analysis of Systems,TACAS,tacas,A,"Software engineering, , ",Software engineering,,
Usable Security and Privacy,USEC,N/A,National: USA,"Cybersecurity and privacy, Human-centred computing, ",Cybersecurity and privacy,Human-centred computing,
Usenix Annual Technical Conference,USENIX,usenix,A,"Distributed computing and systems software, , ",Distributed computing and systems software,,
Usenix Network and Distributed System Security Symposium,NDSS,ndss,A*,"Cybersecurity and privacy, , ",Cybersecurity and privacy,,
Usenix Security Symposium,USENIX-Security,uss,A*,"Cybersecurity and privacy, , ",Cybersecurity and privacy,,
Usenix Symposium on Operating Systems Design and Implementation,OSDI,osdi,A*,"Distributed computing and systems software, , ",Distributed computing and systems software,,
USENIX Workshop on Hot Topics in Operating Systems,HotOS,hotos,A,"Distributed computing and systems software, , ",Distributed computing and systems software,,
Utility and Cloud Computing,UCC,ucc,Unranked,"Distributed computing and systems software, Data management and data science, Applied computing",Distributed computing and systems software,Data management and data science,Applied computing
"Verification, Model Checking and Abstract Interpretation",VMCAI,vmcai,B,"Software engineering, , ",Software engineering,,
Visual Analytics,EuroVA,N/A,C,"Human-centred computing, , ",Human-centred computing,,
Visual Information Communication and Interaction,VINCI,vinci,C,"Human-centred computing, , ",Human-centred computing,,
Visualization In Science and Education,GRC,N/A,National: USA,"Human-centred computing, , ",Human-centred computing,,
Web and Big Data,APWEB,apweb,C,"Data management and data science, , ",Data management and data science,,
Winter Simulation Conference,WSC,wsc,C,"Artificial intelligence, , ",Artificial intelligence,,
Workshop in Information Security Theory and Practices,WISTP,wistp,C,"Cybersecurity and privacy, , ",Cybersecurity and privacy,,
Workshop on Algorithm Engineering and Experiments,ALENEX,alenex,A,"Theory of computation, , ",Theory of computation,,
"Workshop on Algorithmic Approaches for Transportation Modelling, Optimization, and Systems",ATMOS,atmos,C,"Theory of computation, Applied computing, ",Theory of computation,Applied computing,
Workshop on Algorithms And Models For The Web Graph,WAW,waw,C,"Theory of computation, , ",Theory of computation,,
Workshop on Algorithms in Bioinformatics,WABI,wabi,C,"Applied computing, , ",Applied computing,,
Workshop on Applications of Graph Theory in Wireless Ad hoc Networks and Sensor Networks,Graph-hoc,N/A,C,"Distributed computing and systems software, , ",Distributed computing and systems software,,
Workshop on Approximation and Online Algorithms,WAOA,waoa,B,"Theory of computation, , ",Theory of computation,,
Workshop on Computational Optimization,WCO,N/A,C,"Theory of computation, , ",Theory of computation,,
Workshop on Computer Architecture Education,WCAE,wcae,National: USA,"Human-centred computing, , ",Human-centred computing,,
Workshop on Constraint Satisfaction for Planning and Scheduling,COPLAS,N/A,C,"Artificial intelligence, , ",Artificial intelligence,,
Workshop on Cryptographic Hardware and Embedded Systems,CHES,ches,A,"Cybersecurity and privacy, , ",Cybersecurity and privacy,,
Workshop on Domain Specific Modelling,DSM,N/A,C,"Software engineering, , ",Software engineering,,
Workshop on Fault Diagnosis and Tolerance in Cryptography,FDTC,fdtc,C,"Cybersecurity and privacy, , ",Cybersecurity and privacy,,
Workshop on Formal Techniques for Java-like Programs,FTfJP,N/A,C,"Software engineering, , ",Software engineering,,
Workshop on Job Scheduling Strategies for Parallel Processing,JSSPP,jsspp,C,"Distributed computing and systems software, , ",Distributed computing and systems software,,
"Workshop on Logic, Language, Information and Computation",WoLLIC,wollic,C,"Theory of computation, , ",Theory of computation,,
Workshop on Mobile Computing Systems and Applications,HOTMOBILE,wmcsa,National: USA,"Distributed computing and systems software, , ",Distributed computing and systems software,,
Workshop on Programming Languages and Operating Systems,PLOS,N/A,C,"Distributed computing and systems software, Software engineering, ",Distributed computing and systems software,Software engineering,
Workshop on the Arithmetic of Finite Fields,WAIFI,waifi,C,"Theory of computation, , ",Theory of computation,,
"World Conference on Educational Multimedia, Hypermedia and Telecommunications",ED-MEDIA,N/A,C,"Applied computing, , ",Applied computing,,
World Conference on Information Systems and Technologies,WorldCIST,worldcist,C,"Information and Computing Sciences, , ",Information and Computing Sciences,,
"World Congress in Computer Science, Computer Engineering, and Applied Computing",WORLDCOMP,N/A,National: USA,"Information and Computing Sciences, , ",Information and Computing Sciences,,
"World Multi-Conference on Systemics, Cybernetics and Informatics",WMSCI,N/A,National: USA,"Information and Computing Sciences, , ",Information and Computing Sciences,,
