Title,Acronym,DblpSeries,has CORE2018 Rank,Field,field_of_research_1,field_of_research_2,field_of_research_3
International Conference on Theory and Practice of Digital Libraries (was ECDL until 2010),TPDL,ercimdl,B,", , ",,,
Engineering Federated Information (Database) Systems,EFIS/EFDBS,N/A,C,", , ",,,
"Informatics in Education (journal, congress, symposium, etc all under this name - can't rank)",,N/A,C,", , ",,,
Australasian Document Computing Symposium,ADCS,adcs,Australasian,", , ",,,
Artificial Intelligence and Applications Conference,AIA,N/A,C,", , ",,,
Australian Institute of Computer Ethics Conference,AICEC,N/A,Australasian,", , ",,,
Algorithms and Experiments,ALEX,N/A,B,", , ",,,
Australasian Language Technology Workshop,ALTA,acl-alta,Australasian,", , ",,,
Joint Conference on Declarative Programming APPIA-GULP-PRODE,APPIA/GULP/PRODE,N/A,C,", , ",,,
National Conference of the Australian Robot Association,ARA,N/A,Australasian,", , ",,,
Australasian Remote Sensing Conference,ARSC,N/A,Australasian,", , ",,,
National Conference of The Australian Society for Operations Research,ASOR,N/A,Australasian,", , ",,,
Australian Joint Conference on Artificial Intelligence,AusAI,ausai,Australasian,", , ",,,
Australian Women in IT Conference,AusWIT,N/A,Australasian,", , ",,,
IEEE/IFAC Joint Symposium on Intelligent Control,CACSD,N/A,B,", , ",,,
"IEEE Conference on Electronic Commerce Technology and Enterprise Computing, e_Commerce and e-Services",CBI (was CEC/EEE),N/A,B,", , ",,,
International Command and Control Research and Technology Symposium,CCRTS,N/A,C,", , ",,,
"Intelligent Multimedia, Computing and Communications Technologies and Applications of the Future",CCTAF,N/A,C,", , ",,,
Design Automation Conf,DAC,dac,A,", , ",,,
Digital Audio Effects Conference,DAFX,dafx,B,", , ",,,
Joint DICTA & IVCNZ,DICTA/IVCNZ,N/A,Australasian,", , ",,,
Distributed Simulation Symposium,DSS,N/A,B,", , ",,,
International Conference on Decision Support Through Knowledge Management,DSTKM,N/A,C,", , ",,,
Information Systems &Technologies /SPIE Conference on Digital Video Compression Algorithms & Techniques,DVAT,N/A,C,", , ",,,
International Workshop on Principles of Diagnosis,DX,N/A,B,", , ",,,
IEEE Dynamic Spectrum Access Networks,DYSPAN,N/A,B,", , ",,,
"World Conference on Educational Multimedia, Hypermedia and Telecommunications",ED-MEDIA,N/A,B,", , ",,,
Joint Meeting of the European Frequency and Time Forum and the Institute of Electrical and Electronics Engineers In,EFTF/IFCS,N/A,C,", , ",,,
European Grid Conference,EGC,N/A,B,", , ",,,
The Annual International Conference of the IEEE Engineering in Medicine and Biology Society,EMBC,N/A,C,", , ",,,
International European Conference on Parallel and Distributed Computing (was International Conference on Parallel Processing),EuroPar,europar,A,", , ",,,
European Workshop on Learning Robots,EWLR,N/A,B,", , ",,,
Frontiers in Education,FIE,fie,B,", , ",,,
Formal Techniques in Real-Time and Fault Tolerant Systems,FTRTFT,N/A,B,", , ",,,
IEEE Global Telecommunications Conference,GLOBECOM,globecom,B,", , ",,,
Human Language Technologies,HLT,N/A,B,", , ",,,
Symposium on High Performance Chips,HOTCHIPS (HCS),hotchips,A,", , ",,,
International Conference on High Performance Computing and Networking,HPCN,N/A,B,", , ",,,
IADIS International Conference Applied Computing,IADIS AC,N/A,C,", , ",,,
IEEE Industry Applications Society Annual Conference,IAS,iasam,C,", , ",,,
IFAC Conference on Automation,ICA,N/A,C,", , ",,,
International Conference of Asian Digital Libraries,ICADL,N/A,A,", , ",,,
International Conference on Artificial Neural Networks and Genetic Algorithms,ICANNGA,N/A,C,", , ",,,
"IEEE International Conference on Acoustics, Speech and Signal Processing",ICASSP,icassp,B,", , ",,,
International Conference on Computing and Information,ICCI,N/A,B,", , ",,,
International Conference on Communication Systems and Applications,ICCSA,N/A,C,", , ",,,
IEEE International Conference on Robotics and Automation,ICRA,icra,B,", , ",,,
International Computer Symposium Conference,ICSC2,N/A,A,", , ",,,
"IEEE Conference on Information, Decision and Control",IDC,N/A,C,", , ",,,
IDF Congress,IDFC,N/A,C,", , ",,,
Intelligent Vehicles Conference,IEEE-IV,ivs,B,", , ",,,
Intenational Environmental Modelling and Software Society,iEMSs,N/A,C,", , ",,,
International Federation of Automatic Control World Congress,IFAC,N/A,C,", , ",,,
International Joint Conference on Computational Linguistics,IJCNLP2,N/A,B,", , ",,,
IEEE Intell Network Workshop,IN,N/A,B,", , ",,,
IEEE International Symposium on Intelligence in Neural & Biological Systems,INBS,N/A,B,", , ",,,
IEEE International Conference on Intelligent Processing Systems,IPS,N/A,C,", , ",,,
Information Resources Management Association International Conference,IRMA,N/A,B,", , ",,,
IEEE International Solid-State Circuits Conference,ISSCC,N/A,A,", , ",,,
International Conference on IT Based Higher Education and Training,ITHET,N/A,C,", , ",,,
IEEE International Workshop on Cluster Computing and the Grid,IWCC,N/A,C,", , ",,,
IEEE LAN/MAN Workshop,LANMAN,lanman,C,", , ",,,
International Workshop on Logic Programming and Multi-Agents,LPMA,N/A,B,", , ",,,
Language Resources and Evaluation Conference,LREC,lrec,C,", , ",,,
"Net Object Days (Includings MATES, ENASE etc.)",MATES ENASE,N/A,A,", , ",,,
Australian Conference on Mathematics and Computers in Sport,MCSpo,N/A,Australasian,", , ",,,
Malaysia International Conference on Communications,MICC,N/A,Regional,", , ",,,
IEEE International Conference on Multimedia in Education,MME,N/A,C,", , ",,,
Multiple Objective Decision Support System Conference,MODSS,N/A,C,", , ",,,
Open and Distance Learning Association of Australia Bienniel Forum,ODLA,N/A,Australasian,", , ",,,
"Joint OECC, IOCC & ACOFT",OESS/IOCC/ACOFT,N/A,C,", , ",,,
International Conference on Object Oriented Information Systems,OOIS,N/A,C,", , ",,,
PACES & ICIL,P&I,N/A,C,", , ",,,
Joint AUPEC & EECON,PEC&CON,N/A,C,", , ",,,
International Symposium on Physical Design,PHYSDES,N/A,C,", , ",,,
Symposium on Programming Language Implementation and Logic Programming,PLILP,N/A,B,", , ",,,
International Conference on Software Engineering: Education and Practice,SEEP,N/A,B,", , ",,,
Society for Information Technology and Teacher Education Conference,SITE,N/A,C,", , ",,,
Theory and Applications of Knowledge MAnagement,TAKMA,N/A,C,", , ",,,
International Conference on Technology Education,TE,N/A,C,", , ",,,
University of Western Australia Computer Science Research Conference,UWACS,N/A,Australasian,", , ",,,
International Workshop on Artificial Intelligence and Statistics,WAIS,N/A,B,", , ",,,
World Conference on Computers in Education,WCCE,N/A,C,", , ",,,
World Congress on Systems Simulation,WCSS,N/A,B,", , ",,,
International Computer Symposium Workshop,WICS,N/A,C,", , ",,,
"World Multi-Conference on Systemics, Cybernetics and Informatics",WMSCI,N/A,C,", , ",,,
Practical Applications of Agents and Multiagent Systems,PAAMS,paams,C,"Information and Computing Sciences†, Distributed Computing†, Cognitive Science†",Information and Computing Sciences†,Distributed Computing†,Cognitive Science†
"International Conference: Sciences of Electronics, Technologies of information and Telecommunication",SETIT,N/A,Unranked,"Information and Computing Sciences†, Technology†, Engineering†",Information and Computing Sciences†,Technology†,Engineering†
Applied Computing Conference,ACC,N/A,C,"Information and Computing Sciences†, , ",Information and Computing Sciences†,,
Australasian Computer Science Conference,ACSC,N/A,Australasian,"Information and Computing Sciences†, , ",Information and Computing Sciences†,,
ACS/IEEE International Conference on Computer Systems and Applications,AICCSA,aiccsa,C,"Information and Computing Sciences†, Built Environment and Design†, ",Information and Computing Sciences†,Built Environment and Design†,
Asian Computing Science Conference,ASIAN,N/A,B,"Information and Computing Sciences†, , ",Information and Computing Sciences†,,
ISCA International Conference on Computer Applications in Industry and Engineering,CAINE,N/A,C,"Information and Computing Sciences†, , ",Information and Computing Sciences†,,
International Conference on Computers and their Applications,CATA,cata,C,"Information and Computing Sciences†, , ",Information and Computing Sciences†,,
IEEE International Conference on Computer and Information Technology,CIT,cit,C,"Information and Computing Sciences†, , ",Information and Computing Sciences†,,
ACM Annual Computer Science Conference,CSC,N/A,C,"Information and Computing Sciences†, , ",Information and Computing Sciences†,,
"Conference on Software Engineering Education and Training (previously Conference is Software Engineering Education, CSEE, changed in 1997)",CSEET,csee,C,"Information and Computing Sciences†, Engineering†, ",Information and Computing Sciences†,Engineering†,
Computer Science Research Conference,CSRC,N/A,C,"Information and Computing Sciences†, , ",Information and Computing Sciences†,,
European Computing Conference,ECC,N/A,C,"Information and Computing Sciences†, , ",Information and Computing Sciences†,,
Mexican International Conference on Current Trends in Computer Science (was Mexican International Conference on Computer Science),ENC,N/A,C,"Information and Computing Sciences†, , ",Information and Computing Sciences†,,
International Conference on Frontiers of Information Technology,FIT,fit,C,"Information and Computing Sciences†, , ",Information and Computing Sciences†,,
Genetic and Evolutionary Computations,GECCO,gecco,A,"Information and Computing Sciences†, Engineering†, ",Information and Computing Sciences†,Engineering†,
"International Joint Conference on Knowledge Discovery, Knowledge Engineering and Knowledge Management",IC3K,ic3k,C,"Information and Computing Sciences†, Technology†, ",Information and Computing Sciences†,Technology†,
International Conference on Information and Communications Technology,ICICT,N/A,C,"Information and Computing Sciences†, , ",Information and Computing Sciences†,,
International Conference on International and Communication Technologies,ICICTE,N/A,C,"Information and Computing Sciences†, , ",Information and Computing Sciences†,,
International Conference on Information and Emerging Technologies,ICIET,N/A,C,"Information and Computing Sciences†, , ",Information and Computing Sciences†,,
IEEE/ACIS International Conference on Computer and Information Science,ICIS,ACISicis,C,"Information and Computing Sciences†, , ",Information and Computing Sciences†,,
International Conference on Information Technology and Applications,ICITA,N/A,C,"Information and Computing Sciences†, , ",Information and Computing Sciences†,,
International Computer Science Conference,ICSC,N/A,B,"Information and Computing Sciences†, , ",Information and Computing Sciences†,,
International Conference on Information and Communication Technologies and Development,ICTD,ictd,C,"Information and Computing Sciences†, , ",Information and Computing Sciences†,,
International Conference on Intelligent Data Engineering and Automated Learning,IDEAL,ideal,C,"Information and Computing Sciences†, , ",Information and Computing Sciences†,,
IFIP Congress (Information Processing),Information Processing,N/A,C,"Information and Computing Sciences†, , ",Information and Computing Sciences†,,
IEEE International Multioptic Conference,INMIC,N/A,C,"Information and Computing Sciences†, , ",Information and Computing Sciences†,,
IEEE Symposium on Computers and Communications,ISCC,iscc,B,"Information and Computing Sciences†, , ",Information and Computing Sciences†,,
International Symposium on Information and Communication Technologies,ISICT,isict,C,"Information and Computing Sciences†, , ",Information and Computing Sciences†,,
International Conference on Information Technology Interfaces,ITI,N/A,C,"Information and Computing Sciences†, , ",Information and Computing Sciences†,,
International Conference on Recent Advances in Information Technology and Applications,RAITA,N/A,C,"Information and Computing Sciences†, , ",Information and Computing Sciences†,,
IEEE Systems and Information Engineering Design Symposium,SIEDS,N/A,C,"Information and Computing Sciences†, , ",Information and Computing Sciences†,,
ACM Information Technology Education,SIGITE,sigite,C,"Information and Computing Sciences†, , ",Information and Computing Sciences†,,
"International Conference on Software Engineering, Artificial Intelligence, Networking and Parallel/Distributed Computing",SNPD,snpd,C,"Information and Computing Sciences†, , ",Information and Computing Sciences†,,
Current Trends in Theory and Practice of Computer Science,SOFSEM,sofsem,B,"Information and Computing Sciences†, , ",Information and Computing Sciences†,,
Richard Tapia Celebration of Diversity in Computing Conference,Tapia,N/A,C,"Information and Computing Sciences†, , ",Information and Computing Sciences†,,
Usenix Annual Technical Conference,USENIX,usenix,A,"Information and Computing Sciences†, , ",Information and Computing Sciences†,,
USENIX Workshop on Electronic Commerce,USENIX EC,N/A,C,"Information and Computing Sciences†, , ",Information and Computing Sciences†,,
World Computer Congress,WCC,N/A,C,"Information and Computing Sciences†, , ",Information and Computing Sciences†,,
"World Congress in Computer Science, Computer Engineering, and Applied Computing",WORLDCOMP,N/A,C,"Information and Computing Sciences†, , ",Information and Computing Sciences†,,
American Federation of Information Processing Societies,AFIPS,N/A,A,"Artificial Intelligence and Image Processing†, Information Systems†, Computation Theory and Mathematics†",Artificial Intelligence and Image Processing†,Information Systems†,Computation Theory and Mathematics†
ACM Conference on Economics and Computation,EC,sigecom,A*,"Artificial Intelligence and Image Processing†, Information Systems†, Computation Theory and Mathematics†",Artificial Intelligence and Image Processing†,Information Systems†,Computation Theory and Mathematics†
Intelligent Virtual Agents,IVA,iva,B,"Artificial Intelligence and Image Processing†, , ",Artificial Intelligence and Image Processing†,,
International Conference on Principles of Practice in Multi-Agent Systems (prior to 2009 was Pacific Rim International Workshop on Multi-Agents),PRIMA,prima,B,"Artificial Intelligence and Image Processing†, , ",Artificial Intelligence and Image Processing†,,
Extended Semantic Web Conference (was European Semantic Web Conference),ESWC,esws,A,"Artificial Intelligence and Image Processing†, Information Systems†, Data Format†",Artificial Intelligence and Image Processing†,Information Systems†,Data Format†
International Conference on Knowledge Engineering and Knowledge Management,EKAW,ekaw,B,"Artificial Intelligence and Image Processing†, Information Systems†, ",Artificial Intelligence and Image Processing†,Information Systems†,
"International Joint Conference on Autonomous Agents and Multiagent Systems (previously the International Conference on Multiagent Systems, ICMAS, changed in 2000)",AAMAS,ifaamas,A*,"Artificial Intelligence and Image Processing†, , ",Artificial Intelligence and Image Processing†,,
Conference in Uncertainty in Artificial Intelligence,UAI,uai,A*,"Artificial Intelligence and Image Processing†, , ",Artificial Intelligence and Image Processing†,,
IEEE International Conference on Data Science and Engineering,ICDSE,N/A,National:India,"Artificial Intelligence and Image Processing†, , ",Artificial Intelligence and Image Processing†,,
International Work-conference on the Interplay between Natural and Artificial Computation,IWINAC,iwinac,National:Spain,"Artificial Intelligence and Image Processing†, Biomedical Engineering †, Electrical and Electronic Engineering†",Artificial Intelligence and Image Processing†,Biomedical Engineering †,Electrical and Electronic Engineering†
IEEE Conference on Cognitive and Computational Aspects of Situation Management,CogSIMA,cogsima,National:USA,"Artificial Intelligence and Image Processing†, Cognitive Science†, ",Artificial Intelligence and Image Processing†,Cognitive Science†,
IEEE International Conference on Computer Vision,ICCV,iccv,A*,"Artificial Intelligence and Image Processing†, , ",Artificial Intelligence and Image Processing†,,
IEEE Conference on Computer Vision and Pattern Recognition,CVPR,cvpr,A*,"Artificial Intelligence and Image Processing†, , ",Artificial Intelligence and Image Processing†,,
Portuguese Conference on Artificial Intelligence,EPIA,epia,Regional,"Artificial Intelligence and Image Processing†, , ",Artificial Intelligence and Image Processing†,,
Artificial Intelligence Applications and Innovations,AIAI,aiai,Regional,"Artificial Intelligence and Image Processing†, , ",Artificial Intelligence and Image Processing†,,
Discovery Science,DS,dis,Unranked,"Artificial Intelligence and Image Processing†, Information Systems†, Computation Theory and Mathematics†",Artificial Intelligence and Image Processing†,Information Systems†,Computation Theory and Mathematics†
European Conference on Evolutionary Computation in Combinatorial Optimisation,EvoCOP,evoW/evocop2019.html,Unranked,"Artificial Intelligence and Image Processing†, Computation Theory and Mathematics†, ",Artificial Intelligence and Image Processing†,Computation Theory and Mathematics†,
International Conference on Computational Creativity,ICCC,icccrea,Unranked,"Artificial Intelligence and Image Processing†, Information Systems†, ",Artificial Intelligence and Image Processing†,Information Systems†,
International Conference on Knowledge Engineering and Ontology Development,KEOD,N/A,C,"Artificial Intelligence and Image Processing†, Information Systems†, ",Artificial Intelligence and Image Processing†,Information Systems†,
Semantics - International Conference on Semantic Systems,Semantics,i-semantics,unranked,"Artificial Intelligence and Image Processing†, Data Format†, Information Systems†",Artificial Intelligence and Image Processing†,Data Format†,Information Systems†
The Symposium of Combinatorial Search,SoCS,socs,Unranked,"Artificial Intelligence and Image Processing†, , ",Artificial Intelligence and Image Processing†,,
SIGGRAPH Asia,SiggraphA,siggrapha,journal published,"Artificial Intelligence and Image Processing†, , ",Artificial Intelligence and Image Processing†,,
3-D Digital Imaging and Modelling,3DIM,N/A,C,"Artificial Intelligence and Image Processing†, , ",Artificial Intelligence and Image Processing†,,
International Symposium on 3D Data Processing Visualization and Transmission,3DPVT,N/A,C,"Artificial Intelligence and Image Processing†, , ",Artificial Intelligence and Image Processing†,,
International Conference on 3G Mobile Communication Technologies,3G,N/A,C,"Artificial Intelligence and Image Processing†, , ",Artificial Intelligence and Image Processing†,,
National Conference of the American Association for Artificial Intelligence,AAAI,aaai,A*,"Artificial Intelligence and Image Processing†, , ",Artificial Intelligence and Image Processing†,,
Advanced Course on Artificial Intelligence,ACAI,N/A,C,"Artificial Intelligence and Image Processing†, , ",Artificial Intelligence and Image Processing†,,
Australian Conference on Artificial Life and Computational Intelligence,ACALCI,acalci,Australasian,"Artificial Intelligence and Image Processing†, , ",Artificial Intelligence and Image Processing†,,
Asian Conference on Computer Vision,ACCV,accv,B,"Artificial Intelligence and Image Processing†, , ",Artificial Intelligence and Image Processing†,,
International Conference on Affective Computing and Intelligent,ACII,acii,C,"Artificial Intelligence and Image Processing†, , ",Artificial Intelligence and Image Processing†,,
Advanced Concepts for Intelligent Vision Systems,ACIVS,acivs,B,"Artificial Intelligence and Image Processing†, , ",Artificial Intelligence and Image Processing†,,
Australian Conference for Knowledge Management and Intelligent Decision Support,ACKMIDS,N/A,Australasian,"Artificial Intelligence and Image Processing†, , ",Artificial Intelligence and Image Processing†,,
Association for Computational Linguistics,ACL,acl,A*,"Artificial Intelligence and Image Processing†, , ",Artificial Intelligence and Image Processing†,,
Asian Conference on Machine Learning,ACML,acml,Unranked,"Artificial Intelligence and Image Processing†, , ",Artificial Intelligence and Image Processing†,,
Australian Conference on Neural Networks,ACNN,N/A,Australasian,"Artificial Intelligence and Image Processing†, , ",Artificial Intelligence and Image Processing†,,
Australasian Conference on Robotics and Automation,ACRA,N/A,Australasian,"Artificial Intelligence and Image Processing†, , ",Artificial Intelligence and Image Processing†,,
International Workshop on Agents and Data Mining Interaction,ADMI,admi,B,"Artificial Intelligence and Image Processing†, , ",Artificial Intelligence and Image Processing†,,
"International Conference on Computer Graphics, Virtual Reality, Visualisation and Interaction in Africa",AFRIGRAPH,N/A,C,"Artificial Intelligence and Image Processing†, , ",Artificial Intelligence and Image Processing†,,
Australasian Joint Conference on Artificial Intelligence,AI,ausai,Australasian,"Artificial Intelligence and Image Processing†, , ",Artificial Intelligence and Image Processing†,,
International Conference on AI in Design,AID,N/A,A,"Artificial Intelligence and Image Processing†, , ",Artificial Intelligence and Image Processing†,,
International Conference on Artificial Intelligence in Education,AIED,aied,A,"Artificial Intelligence and Image Processing†, , ",Artificial Intelligence and Image Processing†,,
Artificial Intelligence in Medicine,AIIM,N/A,A,"Artificial Intelligence and Image Processing†, , ",Artificial Intelligence and Image Processing†,,
Artificial Intelligence in Knowledge Management,AIKM,N/A,C,"Artificial Intelligence and Image Processing†, , ",Artificial Intelligence and Image Processing†,,
International Conference on Artificial Intelligence in Medicine,AIME,aime,B,"Artificial Intelligence and Image Processing†, , ",Artificial Intelligence and Image Processing†,,
"International Conference on Artificial Intelligence: Methodology, Systems, Applications",AIMSA,aimsa,Unranked,"Artificial Intelligence and Image Processing†, , ",Artificial Intelligence and Image Processing†,,
International Conference on Artificial Intelligence and Pattern Recognition,AIPR,N/A,C,"Artificial Intelligence and Image Processing†, , ",Artificial Intelligence and Image Processing†,,
Advances in Intelligent Systems,AIS,N/A,C,"Artificial Intelligence and Image Processing†, , ",Artificial Intelligence and Image Processing†,,
International Conference on Artificial Intelligence in Science and Technology,AISAT,N/A,C,"Artificial Intelligence and Image Processing†, , ",Artificial Intelligence and Image Processing†,,
International Conference on Advances in Intelligent Systems: Theory and Applications,AISTA,N/A,B,"Artificial Intelligence and Image Processing†, Information Systems†, ",Artificial Intelligence and Image Processing†,Information Systems†,
International Conference on Artificial Intelligence and Statistics,AISTATS,aistats,A,"Artificial Intelligence and Image Processing†, , ",Artificial Intelligence and Image Processing†,,
Asia Pacific Symposium on Intelligent and Evolutionary Systems (was Australia-Japan Joint Workshop on Intelligent and Evolutionary Systems),IES,N/A,C,"Artificial Intelligence and Image Processing†, , ",Artificial Intelligence and Image Processing†,,
Australian Knowledge Acquisition Workshop,AKAW,N/A,Australasian,"Artificial Intelligence and Image Processing†, , ",Artificial Intelligence and Image Processing†,,
International Conference on the Simulation and Synthesis of Living Systems,ALIFE,N/A,A,"Artificial Intelligence and Image Processing†, , ",Artificial Intelligence and Image Processing†,,
European Conference on Ambient Intelligence,AmI,ami,C,"Artificial Intelligence and Image Processing†, , ",Artificial Intelligence and Image Processing†,,
Ambient Intelligence Developments,Aml.d,N/A,C,"Artificial Intelligence and Image Processing†, , ",Artificial Intelligence and Image Processing†,,
Conference of the Association for Machine Translation in the Americas,AMTA,amta,B,"Artificial Intelligence and Image Processing†, , ",Artificial Intelligence and Image Processing†,,
Conference on Artificial Neural Networks and Expert systems,ANNES,N/A,C,"Artificial Intelligence and Image Processing†, , ",Artificial Intelligence and Image Processing†,,
Artificial Neural Networks in Engineering Conference,ANNIE,N/A,B,"Artificial Intelligence and Image Processing†, , ",Artificial Intelligence and Image Processing†,,
International Workshop on Ant Colony,ANTS,N/A,B,"Artificial Intelligence and Image Processing†, , ",Artificial Intelligence and Image Processing†,,
Applied Perception in Graphics and Visualization,APGV,N/A,C,"Artificial Intelligence and Image Processing†, , ",Artificial Intelligence and Image Processing†,,
International Symposium on Artificial Life and Robotics,AROB,N/A,C,"Artificial Intelligence and Image Processing†, , ",Artificial Intelligence and Image Processing†,,
"ArtsIT, Interactivity & Game Creation (was International Conference on Arts and Technology)",ArtsIT,artsit,C,"Artificial Intelligence and Image Processing†, Information Systems†, ",Artificial Intelligence and Image Processing†,Information Systems†,
Australian Symposium on Information Visualisation,ASIV,N/A,Australasian,"Artificial Intelligence and Image Processing†, , ",Artificial Intelligence and Image Processing†,,
ISCA Tutorial and Research Workshop Automatic Speech Recognition,ASR,N/A,C,"Artificial Intelligence and Image Processing†, , ",Artificial Intelligence and Image Processing†,,
IEEE Automatic Speech Recognition and Understanding Workshop,ASRU,asru,C,"Artificial Intelligence and Image Processing†, , ",Artificial Intelligence and Image Processing†,,
Australasian Cognitive Science Society Conference,AuCSS,N/A,Australasian,"Artificial Intelligence and Image Processing†, , ",Artificial Intelligence and Image Processing†,,
Advanced Visual Interfaces,AVI,avi,B,"Artificial Intelligence and Image Processing†, , ",Artificial Intelligence and Image Processing†,,
International Atlantic Web Intelligence Conference,AWIC,N/A,C,"Artificial Intelligence and Image Processing†, , ",Artificial Intelligence and Image Processing†,,
IFIP Conference on Biologically Inspired Collaborative Computing,BICC,N/A,C,"Artificial Intelligence and Image Processing†, , ",Artificial Intelligence and Image Processing†,,
Bioinformatics Visualization,BioViz,N/A,C,"Artificial Intelligence and Image Processing†, , ",Artificial Intelligence and Image Processing†,,
Visualisation in Built and Rural Environments,BuiltViz,N/A,C,"Artificial Intelligence and Image Processing†, , ",Artificial Intelligence and Image Processing†,,
International Conference on Automated Deduction,CADE,cade,A,"Artificial Intelligence and Image Processing†, , ",Artificial Intelligence and Image Processing†,,
Conference on Artificial Intelligence for Applications,CAIA,N/A,B,"Artificial Intelligence and Image Processing†, , ",Artificial Intelligence and Image Processing†,,
International Conference on Computer Analysis of Images and Patterns,CAIP,caip,B,"Artificial Intelligence and Image Processing†, , ",Artificial Intelligence and Image Processing†,,
"Computer Animation, Information Visualisation, and Digital Effects",CAivDE,N/A,C,"Artificial Intelligence and Image Processing†, , ",Artificial Intelligence and Image Processing†,,
"Cooperative Design, Visualization, and Engineering",CDVE,cdve,C,"Artificial Intelligence and Image Processing†, , ",Artificial Intelligence and Image Processing†,,
IEEE Congress on Evolutionary Computation,CEC,cec,B,"Artificial Intelligence and Image Processing†, , ",Artificial Intelligence and Image Processing†,,
International Conference on Cybercrime Forensics Education and Training,CFET,N/A,C,"Artificial Intelligence and Image Processing†, Computer Software†, ",Artificial Intelligence and Image Processing†,Computer Software†,
Computer Graphics International,CGI,cgi,B,"Artificial Intelligence and Image Processing†, , ",Artificial Intelligence and Image Processing†,,
"International Conference Computer Graphics, Imaging and Visualization",CGIV,N/A,C,"Artificial Intelligence and Image Processing†, , ",Artificial Intelligence and Image Processing†,,
Cultural Heritage Knowledge Visualisation,CHKV,N/A,C,"Artificial Intelligence and Image Processing†, , ",Artificial Intelligence and Image Processing†,,
International Conference on Implementation and Application of Automata,CIAA,wia,B,"Artificial Intelligence and Image Processing†, , ",Artificial Intelligence and Image Processing†,,
IberoAmerican Congress on Pattern Recognition,CIARP,ciarp,C,"Artificial Intelligence and Image Processing†, , ",Artificial Intelligence and Image Processing†,,
IEEE Symposium on Computational Intelligence in Bioinformatics and Computational Biology,CIBCB,cibcb,C,"Artificial Intelligence and Image Processing†, , ",Artificial Intelligence and Image Processing†,,
International Conference on Intelligent Text Processing and Computational Linguistics,CICLING,cicling,B,"Artificial Intelligence and Image Processing†, , ",Artificial Intelligence and Image Processing†,,
Conference on Games (was Computational Intelligence and Games CIG),COG,cig,C,"Artificial Intelligence and Image Processing†, , ",Artificial Intelligence and Image Processing†,,
IEEE International Conference on Intelligence for Homeland Security and Personal Safety,CIHSPS,N/A,C,"Artificial Intelligence and Image Processing†, , ",Artificial Intelligence and Image Processing†,,
IEEE Symposium on Computational Intelligence in Image and Signal Processing,CIISP,N/A,C,"Artificial Intelligence and Image Processing†, , ",Artificial Intelligence and Image Processing†,,
International Workshop on Combinations of Intelligent Methods and Applications,CIMA,N/A,C,"Artificial Intelligence and Image Processing†, , ",Artificial Intelligence and Image Processing†,,
"International Conference on Computational Intelligence for Modelling, Control and Automation",CIMCA,N/A,C,"Artificial Intelligence and Image Processing†, , ",Artificial Intelligence and Image Processing†,,
IEEE International Conference on Computational Intelligence for Measurement Systems and Applications,CIMSA,N/A,C,"Artificial Intelligence and Image Processing†, , ",Artificial Intelligence and Image Processing†,,
"International Conference on Computational Intelligence, Robotics and Autonomous Systems",CIRAS,N/A,C,"Artificial Intelligence and Image Processing†, , ",Artificial Intelligence and Image Processing†,,
IEEE International Conference on Cybernetics and Intelligent Systems,CIS,N/A,C,"Artificial Intelligence and Image Processing†, , ",Artificial Intelligence and Image Processing†,,
"International Conference Imaging Science, Systems and Technology",CISST,N/A,C,"Artificial Intelligence and Image Processing†, , ",Artificial Intelligence and Image Processing†,,
Coordinated and Multiple Views in Exploratory Visualization,CMV,N/A,C,"Artificial Intelligence and Image Processing†, , ",Artificial Intelligence and Image Processing†,,
IEEE International Workshop on Cellular Nanoscale Networks and Applications,CNNA,N/A,C,"Artificial Intelligence and Image Processing†, , ",Artificial Intelligence and Image Processing†,,
International Cognitive Robotics Conference,COGROBO,N/A,B,"Artificial Intelligence and Image Processing†, , ",Artificial Intelligence and Image Processing†,,
Annual Meeting of the Cognitive Science Society,CogSci,cogsci,A,"Artificial Intelligence and Image Processing†, , ",Artificial Intelligence and Image Processing†,,
"International Workshop on Coordination, Organizations, Institutions, Norms and Ethics for Governance of Multi-Agent Systems (Ethics added 2020)",COINE,coin-ws/,B,"Artificial Intelligence and Image Processing†, , ",Artificial Intelligence and Image Processing†,,
International Conference on Computational Linguistics,COLING,coling,A,"Artificial Intelligence and Image Processing†, , ",Artificial Intelligence and Image Processing†,,
Conference on Learning Theory,COLT,colt,A*,"Artificial Intelligence and Image Processing†, , ",Artificial Intelligence and Image Processing†,,
Symposium on Logical Formalizations of Commonsense Reasoning,COMMONSENSE,N/A,B,"Artificial Intelligence and Image Processing†, , ",Artificial Intelligence and Image Processing†,,
Asia-Pacific Conference on Complex Systems,Complex,N/A,C,"Artificial Intelligence and Image Processing†, , ",Artificial Intelligence and Image Processing†,,
International Symposium on Computational Life Science,CompLife,N/A,B,"Artificial Intelligence and Image Processing†, , ",Artificial Intelligence and Image Processing†,,
Conference on Computational Natural Language Learning,CoNLL,conll,A,"Artificial Intelligence and Image Processing†, , ",Artificial Intelligence and Image Processing†,,
International Conference on Computational Semiotics for Games and New Media,Cosign,N/A,C,"Artificial Intelligence and Image Processing†, , ",Artificial Intelligence and Image Processing†,,
Complex Objects Visualization Workshop,COV,N/A,C,"Artificial Intelligence and Image Processing†, , ",Artificial Intelligence and Image Processing†,,
International Conference on Integration of Artificial Intelligence and Operations Research Techniques in Constraint Programming for Combinatorial Optimization Problems,CPAIOR,cpaior,B,"Artificial Intelligence and Image Processing†, , ",Artificial Intelligence and Image Processing†,,
Discourse Anaphora and Anaphor Resolution Colloquium,DAARC,N/A,C,"Artificial Intelligence and Image Processing†, , ",Artificial Intelligence and Image Processing†,,
International Workshop on Document Analysis Systems,DAS,das,B,"Artificial Intelligence and Image Processing†, , ",Artificial Intelligence and Image Processing†,,
Design and Aesthetics in Visualisation,DAViz,N/A,C,"Artificial Intelligence and Image Processing†, , ",Artificial Intelligence and Image Processing†,,
International Conference on Database and Expert Systems Applications,DEXA,dexa,B,"Artificial Intelligence and Image Processing†, Data Format†, Information Systems†",Artificial Intelligence and Image Processing†,Data Format†,Information Systems†
The Theory and Application of Diagrams,DIAGRAMS,diagrams,B,"Artificial Intelligence and Image Processing†, , ",Artificial Intelligence and Image Processing†,,
Digital Image Computing Techniques and Applications,DICTA,dicta,Australasian,"Artificial Intelligence and Image Processing†, , ",Artificial Intelligence and Image Processing†,,
Joint Australia and New Zealand Biennial Conference on Digital Image and Vision Computing,DIVC,N/A,Australasian,"Artificial Intelligence and Image Processing†, , ",Artificial Intelligence and Image Processing†,,
VisMasters Design Modelling and Visualization Conference,DMVC,N/A,C,"Artificial Intelligence and Image Processing†, , ",Artificial Intelligence and Image Processing†,,
DNA Computing and Molecular Programming,DNA,dna,B,"Artificial Intelligence and Image Processing†, , ",Artificial Intelligence and Image Processing†,,
"International Colloquium on Data Sciences, Knowledge Discovery and Business Intelligence",DSKDB,N/A,C,"Artificial Intelligence and Image Processing†, , ",Artificial Intelligence and Image Processing†,,
Engineering Applications of Artifical Intelligence,EAAI,N/A,A,"Artificial Intelligence and Image Processing†, , ",Artificial Intelligence and Image Processing†,,
European Association for Computational Linguistics,EACL,eacl,A,"Artificial Intelligence and Image Processing†, , ",Artificial Intelligence and Image Processing†,,
Conference of the European Association for Machine Translation,EAMT,eamt,B,"Artificial Intelligence and Image Processing†, , ",Artificial Intelligence and Image Processing†,,
International Conference on Engineering Applications of Neural Networks,EANN,eann,C,"Artificial Intelligence and Image Processing†, , ",Artificial Intelligence and Image Processing†,,
European Conference on Artificial Intelligence,ECAI,ecai,A,"Artificial Intelligence and Image Processing†, , ",Artificial Intelligence and Image Processing†,,
European Conference on Artificial Life,ECAL,N/A,B,"Artificial Intelligence and Image Processing†, , ",Artificial Intelligence and Image Processing†,,
European Conference on Computer Vision,ECCV,eccv,A,"Artificial Intelligence and Image Processing†, , ",Artificial Intelligence and Image Processing†,,
European Conference on Symbolic and Quantitative Approaches to Reasoning with Uncertainty,ECSQARU,ecsqaru,C,"Artificial Intelligence and Image Processing†, , ",Artificial Intelligence and Image Processing†,,
Eurographics Symposium on Parallel Graphics and Visualization,EGPGV,egpgv,B,"Artificial Intelligence and Image Processing†, , ",Artificial Intelligence and Image Processing†,,
Empirical Methods in Natural Language Processing,EMNLP,emnlp,A,"Artificial Intelligence and Image Processing†, , ",Artificial Intelligence and Image Processing†,,
Annual Conference on Evolutionary Programming,EP,N/A,C,"Artificial Intelligence and Image Processing†, , ",Artificial Intelligence and Image Processing†,,
European Symposium on Artificial Neural Networks,ESANN,esann,B,"Artificial Intelligence and Image Processing†, , ",Artificial Intelligence and Image Processing†,,
International Joint Conference on Qualitative and Quantitative Practical Reasoning,ESQARU,N/A,A,"Artificial Intelligence and Image Processing†, , ",Artificial Intelligence and Image Processing†,,
European Simulation Symposium,ESS,N/A,B,"Artificial Intelligence and Image Processing†, , ",Artificial Intelligence and Image Processing†,,
European Congress on Intelligent Techniques and Soft Computing,EUFIT,N/A,C,"Artificial Intelligence and Image Processing†, , ",Artificial Intelligence and Image Processing†,,
European Conference on Multi-Agent Systems,EUMAS,eumas,C,"Artificial Intelligence and Image Processing†, , ",Artificial Intelligence and Image Processing†,,
Euro XR International Conference (was Euro VR),Euro XR,eurovr,C,"Artificial Intelligence and Image Processing†, , ",Artificial Intelligence and Image Processing†,,
European Conference on Computational Learning Theory (Now in COLT),EuroCOLT,N/A,C,"Artificial Intelligence and Image Processing†, , ",Artificial Intelligence and Image Processing†,,
European Conference on Genetic Programming,EUROGP,eurogp,B,"Artificial Intelligence and Image Processing†, , ",Artificial Intelligence and Image Processing†,,
European Graphics Conference,EUROGRAPH,N/A,A,"Artificial Intelligence and Image Processing†, , ",Artificial Intelligence and Image Processing†,,
Interspeech (combined EuroSpeech and ICSLP in 2000),Interspeech,interspeech,A,"Artificial Intelligence and Image Processing†, , ",Artificial Intelligence and Image Processing†,,
Eurographics/IEEE Symposium on Visualization,EuroVis,vissym,B,"Artificial Intelligence and Image Processing†, , ",Artificial Intelligence and Image Processing†,,
Finite Differences-Finite Elements-Finite Volumes-Boundary Elements,F-and-B,N/A,C,"Artificial Intelligence and Image Processing†, , ",Artificial Intelligence and Image Processing†,,
International Conference on the Foundations of Digital Games,FDG,fdg,C,"Artificial Intelligence and Image Processing†, , ",Artificial Intelligence and Image Processing†,,
IEEE International Conference on Automatic Face and Gesture Recognition,FG,fgr,C,"Artificial Intelligence and Image Processing†, , ",Artificial Intelligence and Image Processing†,,
International FLINS Conference on Robotics and Artificial Intelligence (was International Fuzzy Logic and Intelligent technologies in Nuclear Science Conference),FLINS,N/A,B,"Artificial Intelligence and Image Processing†, , ",Artificial Intelligence and Image Processing†,,
Foundations of Genetic Algorithms,FOGA,foga,A*,"Artificial Intelligence and Image Processing†, , ",Artificial Intelligence and Image Processing†,,
Flexible Query-Answering Systems,FQAS,fqas,C,"Artificial Intelligence and Image Processing†, , ",Artificial Intelligence and Image Processing†,,
International Conference on Fuzzy Systems and Knowledge Discovery,FSKD,N/A,C,"Artificial Intelligence and Image Processing†, , ",Artificial Intelligence and Image Processing†,,
International Conference on Field and Service Robotics,FSR,fsr,A,"Artificial Intelligence and Image Processing†, Manufacturing Engineering†, ",Artificial Intelligence and Image Processing†,Manufacturing Engineering†,
IEEE International Conference on Fuzzy Systems,FUZZ-IEEE,fuzzIEEE,A,"Artificial Intelligence and Image Processing†, , ",Artificial Intelligence and Image Processing†,,
International Workshop on Genetic and Evolutionary Fuzzy Systems,GEFS,N/A,C,"Artificial Intelligence and Image Processing†, , ",Artificial Intelligence and Image Processing†,,
GeoVisualization and Information Visualization,GeoViz,N/A,C,"Artificial Intelligence and Image Processing†, , ",Artificial Intelligence and Image Processing†,,
Graphics Interface,GI,graphicsinterface,B,"Artificial Intelligence and Image Processing†, , ",Artificial Intelligence and Image Processing†,,
IEEE International Conference on Granular Computing,GrC,N/A,C,"Artificial Intelligence and Image Processing†, , ",Artificial Intelligence and Image Processing†,,
"International Workshop on Human Aspects in Ambient Intelligence: Agent Technology, Human-Oriented Knowledge and Applications",HAI,N/A,C,"Artificial Intelligence and Image Processing†, , ",Artificial Intelligence and Image Processing†,,
International Conference on Hybrid Artificial Intelligence Systems,HAIS,hais,C,"Artificial Intelligence and Image Processing†, , ",Artificial Intelligence and Image Processing†,,
International Conference on Hybrid Intelligent Systems,HIS,his,C,"Artificial Intelligence and Image Processing†, , ",Artificial Intelligence and Image Processing†,,
ACM-SIGRAPH Interactive 3D Graphics and Games,I3DG,si3d,B,"Artificial Intelligence and Image Processing†, , ",Artificial Intelligence and Image Processing†,,
Innovative Applications in AI,IAAI,N/A,B,"Artificial Intelligence and Image Processing†, , ",Artificial Intelligence and Image Processing†,,
International Workshop on Image Analysis and Information Fusion,IAIF,N/A,C,"Artificial Intelligence and Image Processing†, , ",Artificial Intelligence and Image Processing†,,
International Conference on Artificial Intelligence,IC-AI,N/A,C,"Artificial Intelligence and Image Processing†, , ",Artificial Intelligence and Image Processing†,,
International Conference on Agents and Artificial Intelligence,ICAART,icaart,C,"Artificial Intelligence and Image Processing†, , ",Artificial Intelligence and Image Processing†,,
International Conference on Artificial Intelligence and Law,ICAIL,icail,C,"Artificial Intelligence and Image Processing†, , ",Artificial Intelligence and Image Processing†,,
IEEE International Conference on Adaptive and Intelligent Systems,ICAIS,N/A,C,"Artificial Intelligence and Image Processing†, , ",Artificial Intelligence and Image Processing†,,
International Conference on Artificial Intelligence and Soft Computing,ICAISC,icaisc,C,"Artificial Intelligence and Image Processing†, , ",Artificial Intelligence and Image Processing†,,
International Conference on Artificial Neural Networks,ICANN,icann,B,"Artificial Intelligence and Image Processing†, , ",Artificial Intelligence and Image Processing†,,
International Conference on Advances in Pattern Recognition and Digital Techniques,ICAPRDT,N/A,C,"Artificial Intelligence and Image Processing†, , ",Artificial Intelligence and Image Processing†,,
International Conference on Automated Planning and Scheduling,ICAPS,icaps,A*,"Artificial Intelligence and Image Processing†, , ",Artificial Intelligence and Image Processing†,,
"International Conference on Control, Automation, Robotics and Vision",ICARCV,icarcv,A,"Artificial Intelligence and Image Processing†, , ",Artificial Intelligence and Image Processing†,,
IEEE/ACM International Conference on Computer-Aided Design,ICCAD,iccad,A,"Artificial Intelligence and Image Processing†, , ",Artificial Intelligence and Image Processing†,,
International Conference on Case-Based Reasoning,ICCBR,iccbr,B,"Artificial Intelligence and Image Processing†, , ",Artificial Intelligence and Image Processing†,,
International Conference on Computational Collective Intelligence,ICCCI,iccci,C,"Artificial Intelligence and Image Processing†, , ",Artificial Intelligence and Image Processing†,,
International Conference on Computational Intelligence and Multimedia,ICCIMA,N/A,C,"Artificial Intelligence and Image Processing†, , ",Artificial Intelligence and Image Processing†,,
IEEE International Conference on Intelligent Computer Communication and Processing,ICCP,iccp2,C,"Artificial Intelligence and Image Processing†, , ",Artificial Intelligence and Image Processing†,,
International Conference on Computer Theory and Applications,ICCTA,N/A,C,"Artificial Intelligence and Image Processing†, , ",Artificial Intelligence and Image Processing†,,
International Conference Formal Concept Analysis Conference,ICFCA,icfca,C,"Artificial Intelligence and Image Processing†, , ",Artificial Intelligence and Image Processing†,,
International Conference on Frontiers of Handwriting Recognition,ICFHR,icfhr,B,"Artificial Intelligence and Image Processing†, , ",Artificial Intelligence and Image Processing†,,
International Conference on Genetic Algorithms,ICGA,N/A,B,"Artificial Intelligence and Image Processing†, , ",Artificial Intelligence and Image Processing†,,
International Conference on Image Analysis and Processing,ICIAP,iciap,Nationai: Italian,"Artificial Intelligence and Image Processing†, , ",Artificial Intelligence and Image Processing†,,
International Conference on Image Analysis and Recognition,ICIAR,iciar,C,"Artificial Intelligence and Image Processing†, , ",Artificial Intelligence and Image Processing†,,
International Conference on Image and Graphics,ICIG,icig,C,"Artificial Intelligence and Image Processing†, , ",Artificial Intelligence and Image Processing†,,
International Conference on Intelligent Systems,ICIL,N/A,C,"Artificial Intelligence and Image Processing†, , ",Artificial Intelligence and Image Processing†,,
IEEE International Conference on Image Processing,ICIP,icip,B,"Artificial Intelligence and Image Processing†, , ",Artificial Intelligence and Image Processing†,,
International Conference on Image and Signal Processing,ICISP,icisp,C,"Artificial Intelligence and Image Processing†, , ",Artificial Intelligence and Image Processing†,,
IEEE International Conference on Multimedia and Expo,ICME,icmcs,B,"Artificial Intelligence and Image Processing†, , ",Artificial Intelligence and Image Processing†,,
International Conference on Machine Learning,ICML,icml,A*,"Artificial Intelligence and Image Processing†, , ",Artificial Intelligence and Image Processing†,,
International Conference on Machine Learning and Applications,ICMLA,icmla,C,"Artificial Intelligence and Image Processing†, , ",Artificial Intelligence and Image Processing†,,
International Conference on Machine Learning and Cybernetics,ICMLC,icmlc,C,"Artificial Intelligence and Image Processing†, , ",Artificial Intelligence and Image Processing†,,
International Conference on Machine Vision,ICMV,icmv,C,"Artificial Intelligence and Image Processing†, , ",Artificial Intelligence and Image Processing†,,
International Conference on Natural Computation,ICNC,icnc,C,"Artificial Intelligence and Image Processing†, , ",Artificial Intelligence and Image Processing†,,
IEEE International Conference on Neural Networks,ICNN,N/A,B,"Artificial Intelligence and Image Processing†, , ",Artificial Intelligence and Image Processing†,,
International Conference on Neural Information Processing,ICONIP,iconip,A,"Artificial Intelligence and Image Processing†, , ",Artificial Intelligence and Image Processing†,,
International Conference on Pattern Recognition,ICPR,icpr,B,"Artificial Intelligence and Image Processing†, , ",Artificial Intelligence and Image Processing†,,
International Conference on Tools with Artificial Intelligence,ICTAI,ictai,B,"Artificial Intelligence and Image Processing†, , ",Artificial Intelligence and Image Processing†,,
International Conference on Virtual Rehabilitation,ICVR,N/A,Unranked,"Artificial Intelligence and Image Processing†, , ",Artificial Intelligence and Image Processing†,,
International Conference on Computer Vision Systems,ICVS,icvs,C,"Artificial Intelligence and Image Processing†, , ",Artificial Intelligence and Image Processing†,,
International Conference on Web and Social Media,ICWSM,icwsm,Unranked,"Artificial Intelligence and Image Processing†, , ",Artificial Intelligence and Image Processing†,,
"Intelligence Tools, Data Mining, Visualization",IDV,N/A,C,"Artificial Intelligence and Image Processing†, , ",Artificial Intelligence and Image Processing†,,
International Conference on Industrial and Engineering Applications of Artificial Intelligence and Expert Systems,IEA/AIE,ieaaie,B,"Artificial Intelligence and Image Processing†, , ",Artificial Intelligence and Image Processing†,,
IEEE International Symposium on Artificial Life,IEEE Alife,N/A,A,"Artificial Intelligence and Image Processing†, , ",Artificial Intelligence and Image Processing†,,
IEEE Symposium on Computational Intelligence in Scheduling,IEEE CI-Sched,N/A,C,"Artificial Intelligence and Image Processing†, , ",Artificial Intelligence and Image Processing†,,
IEEE Workshop on Computational Intelligence in Aerospace Applications,IEEE CIAA,N/A,C,"Artificial Intelligence and Image Processing†, , ",Artificial Intelligence and Image Processing†,,
"IEEE Workshop on Computational Intelligence in Biometrics: Theory, Algorithms, and Applications",IEEE CIB,N/A,C,"Artificial Intelligence and Image Processing†, , ",Artificial Intelligence and Image Processing†,,
IEEE Symposium on Computational Intelligence in Control and Automation,IEEE CICA,N/A,C,"Artificial Intelligence and Image Processing†, , ",Artificial Intelligence and Image Processing†,,
IEEE Symposium on Computational Intelligence in Cyber Security,IEEE CICS,N/A,C,"Artificial Intelligence and Image Processing†, Distributed Computing†, ",Artificial Intelligence and Image Processing†,Distributed Computing†,
IEEE Symposium on Computational Intelligence and Data Mining,CIDM,N/A,C,"Artificial Intelligence and Image Processing†, Data Format†, ",Artificial Intelligence and Image Processing†,Data Format†,
IEEE Symposium on Computational Intelligence for Financial Engineering,IEEE CIFEr,cifer,C,"Artificial Intelligence and Image Processing†, , ",Artificial Intelligence and Image Processing†,,
IEEE Symposium on Computational intelligence for Image Processing,IEEE CIIP,N/A,C,"Artificial Intelligence and Image Processing†, , ",Artificial Intelligence and Image Processing†,,
IEEE Symposium on Computational intelligence for Multimedia Signal and Vision Processing,IEEE CIMSIVP,N/A,C,"Artificial Intelligence and Image Processing†, , ",Artificial Intelligence and Image Processing†,,
IEEE Symposium on Computational Intelligence for Security and Defence Applications,IEEE CISDA,N/A,C,"Artificial Intelligence and Image Processing†, , ",Artificial Intelligence and Image Processing†,,
IEEE Workshop on Computational Intelligence in Virtual Environments,IEEE CIVE,N/A,C,"Artificial Intelligence and Image Processing†, , ",Artificial Intelligence and Image Processing†,,
IEEE Workshop on Computational Intelligence for Visual Intelligence,IEEE CIVI,N/A,C,"Artificial Intelligence and Image Processing†, , ",Artificial Intelligence and Image Processing†,,
IEEE Workshop on Computational Intelligence in Vehicles and Vehicular Systems,IEEE CIWS,N/A,C,"Artificial Intelligence and Image Processing†, , ",Artificial Intelligence and Image Processing†,,
IEEE Workshop on Evolving and Self-Developing Intelligent Systems,IEEE ESDIS,N/A,C,"Artificial Intelligence and Image Processing†, , ",Artificial Intelligence and Image Processing†,,
IEEE Workshop on Hybrid Intelligent Models and Applications,IEEE HIMA,N/A,C,"Artificial Intelligence and Image Processing†, , ",Artificial Intelligence and Image Processing†,,
IEEE Symposium on Intelligent Agents,IEEE IA,N/A,C,"Artificial Intelligence and Image Processing†, , ",Artificial Intelligence and Image Processing†,,
IEEE International Conference on Information and Automation,IEEE ICIA,icinfa,C,"Artificial Intelligence and Image Processing†, , ",Artificial Intelligence and Image Processing†,,
IEEE Information Visualization Conference,IEEE InfoVis,infovis,A*,"Artificial Intelligence and Image Processing†, Information Systems†, ",Artificial Intelligence and Image Processing†,Information Systems†,
IEEE International Conference on Intelligent Systems,IEEE IS,is,C,"Artificial Intelligence and Image Processing†, , ",Artificial Intelligence and Image Processing†,,
IEEE Symposium on Computational Intelligence in Multi-Criteria Decision-Making,IEEE MCDM,N/A,C,"Artificial Intelligence and Image Processing†, , ",Artificial Intelligence and Image Processing†,,
Natural Language Processing and Knowledge Engineering,IEEE NLP-KE,N/A,C,"Artificial Intelligence and Image Processing†, , ",Artificial Intelligence and Image Processing†,,
IEEE Workshop on Organic Computing,IEEE OC,N/A,C,"Artificial Intelligence and Image Processing†, , ",Artificial Intelligence and Image Processing†,,
IEEE Workshop on Robotic Intelligence in Informationally Structured Space,IEEE RiiSS,N/A,C,"Artificial Intelligence and Image Processing†, , ",Artificial Intelligence and Image Processing†,,
IEEE Swarm Intelligence Symposium,IEEE SIS,N/A,C,"Artificial Intelligence and Image Processing†, , ",Artificial Intelligence and Image Processing†,,
IEEE Visualization,IEEE VIS,visualization,A,"Artificial Intelligence and Image Processing†, , ",Artificial Intelligence and Image Processing†,,
IEEE Workshop on Evolvable and Adaptive Hardware,IEEE WEAH,N/A,C,"Artificial Intelligence and Image Processing†, , ",Artificial Intelligence and Image Processing†,,
IEEE Workshop on Memetic Algorithms,IEEE WOMA,N/A,C,"Artificial Intelligence and Image Processing†, , ",Artificial Intelligence and Image Processing†,,
IFSA World Congress,IFSA,ifsa,B,"Artificial Intelligence and Image Processing†, , ",Artificial Intelligence and Image Processing†,,
IEEE International Geoscience and Remote Sensing Symposium,IGARSS,igarss,C,"Artificial Intelligence and Image Processing†, , ",Artificial Intelligence and Image Processing†,,
International ICSC Congress on Intelligent Systems and Applications,IICISA,N/A,C,"Artificial Intelligence and Image Processing†, , ",Artificial Intelligence and Image Processing†,,
International Joint Conference on Artificial Intelligence,IJCAI,ijcai,A*,"Artificial Intelligence and Image Processing†, , ",Artificial Intelligence and Image Processing†,,
International Joint Conference on Automated Reasoning,IJCAR,ijcar,A*,"Artificial Intelligence and Image Processing†, , ",Artificial Intelligence and Image Processing†,,
International Joint Conference on Natural Language Processing,IJCNLP,ijcnlp,B,"Artificial Intelligence and Image Processing†, , ",Artificial Intelligence and Image Processing†,,
IEEE International Joint Conference on Neural Networks,IJCNN,ijcnn,A,"Artificial Intelligence and Image Processing†, , ",Artificial Intelligence and Image Processing†,,
International Conference on Information and Knowledge Engineering,IKE,N/A,C,"Artificial Intelligence and Image Processing†, , ",Artificial Intelligence and Image Processing†,,
International Logic Programming Symposium,ILPS,N/A,A,"Artificial Intelligence and Image Processing†, , ",Artificial Intelligence and Image Processing†,,
International Conference on Immersive Telecommunications,IMMERSCOM,N/A,C,"Artificial Intelligence and Image Processing†, , ",Artificial Intelligence and Image Processing†,,
International Machine Vision and Image Processing Conference,IMVIP,N/A,C,"Artificial Intelligence and Image Processing†, , ",Artificial Intelligence and Image Processing†,,
Information Visualisation Theory and Practice,InfVis,N/A,C,"Artificial Intelligence and Image Processing†, , ",Artificial Intelligence and Image Processing†,,
International Symposium on Innovations in Intelligent Systems and Applications,INISTA,inista,C,"Artificial Intelligence and Image Processing†, , ",Artificial Intelligence and Image Processing†,,
International Natural Language Generation Conference,INLG,inlg,B,"Artificial Intelligence and Image Processing†, , ",Artificial Intelligence and Image Processing†,,
INTUITION International Conference,INTUITION,N/A,C,"Artificial Intelligence and Image Processing†, , ",Artificial Intelligence and Image Processing†,,
International Symposium on Artificial Intelligence and Mathematics,ISAIM,isaim,B,"Artificial Intelligence and Image Processing†, Computation Theory and Mathematics†, ",Artificial Intelligence and Image Processing†,Computation Theory and Mathematics†,
"International Symposium on Audio, Video, Image Processing and Intelligent Applications",ISAVIIA,N/A,C,"Artificial Intelligence and Image Processing†, , ",Artificial Intelligence and Image Processing†,,
International Conference on Intelligent Systems Designs and Applications,ISDA,isda,C,"Artificial Intelligence and Image Processing†, , ",Artificial Intelligence and Image Processing†,,
Conference of the International Society for Decision Support Systems,ISDSS,N/A,C,"Artificial Intelligence and Image Processing†, , ",Artificial Intelligence and Image Processing†,,
Integration of Software Engineering and Agent Technology,ISEAT,N/A,B,"Artificial Intelligence and Image Processing†, Computer Software†, ",Artificial Intelligence and Image Processing†,Computer Software†,
International Conference on Intelligent Systems and Knowledge Engineering,ISKE,iske,B,"Artificial Intelligence and Image Processing†, , ",Artificial Intelligence and Image Processing†,,
IEEE International Symposium on Multimedia,ISM,ism,C,"Artificial Intelligence and Image Processing†, , ",Artificial Intelligence and Image Processing†,,
IEEE/ACM International Symposium on Mixed and Augmented Reality,ISMAR,ismar,A*,"Artificial Intelligence and Image Processing†, , ",Artificial Intelligence and Image Processing†,,
International Symposium on Foundations of Intelligent Systems,ISMIS,ismis,C,"Artificial Intelligence and Image Processing†, , ",Artificial Intelligence and Image Processing†,,
International Symposium on Mathematical Morphology,ISMM,N/A,B,"Artificial Intelligence and Image Processing†, , ",Artificial Intelligence and Image Processing†,,
International Symposium on Neural Networks,ISNN,isnn,C,"Artificial Intelligence and Image Processing†, , ",Artificial Intelligence and Image Processing†,,
International Symposium on Robotics,ISR,isr,A,"Artificial Intelligence and Image Processing†, Manufacturing Engineering†, ",Artificial Intelligence and Image Processing†,Manufacturing Engineering†,
International Symposium on Visual Computing,ISVC,isvc,C,"Artificial Intelligence and Image Processing†, , ",Artificial Intelligence and Image Processing†,,
International Conference on Intelligent Tutoring Systems,ITS,its,A,"Artificial Intelligence and Image Processing†, , ",Artificial Intelligence and Image Processing†,,
International Conference on Information Visualisation,IV,iv,B,"Artificial Intelligence and Image Processing†, Design Practice and Management†, ",Artificial Intelligence and Image Processing†,Design Practice and Management†,
Applications of Information Visualization,IV-App,N/A,C,"Artificial Intelligence and Image Processing†, , ",Artificial Intelligence and Image Processing†,,
Information Visualization in Biomedical Informatics,IVBI,N/A,C,"Artificial Intelligence and Image Processing†, , ",Artificial Intelligence and Image Processing†,,
Image and Vision Computing Conference,IVCNZ,ivcnz,Australasian,"Artificial Intelligence and Image Processing†, , ",Artificial Intelligence and Image Processing†,,
Information Visualization Evaluation,IVE,N/A,C,"Artificial Intelligence and Image Processing†, , ",Artificial Intelligence and Image Processing†,,
International Work-Conference on Artificial and Natural Neural Networks,IWANN,iwann,B,"Artificial Intelligence and Image Processing†, , ",Artificial Intelligence and Image Processing†,,
International Workshop on Intelligent Agents,IWIA,N/A,C,"Artificial Intelligence and Image Processing†, , ",Artificial Intelligence and Image Processing†,,
International Workshop on Knowledge Discovery from Data Streams,IWKDDS,N/A,C,"Artificial Intelligence and Image Processing†, , ",Artificial Intelligence and Image Processing†,,
International Workshop on Paraphrasing,IWP,N/A,B,"Artificial Intelligence and Image Processing†, , ",Artificial Intelligence and Image Processing†,,
International Symposium on Ubiquitous Virtual Reality,ISUVR,N/A,C,"Artificial Intelligence and Image Processing†, , ",Artificial Intelligence and Image Processing†,,
Knowledge Domain Visualisation,KDViz,N/A,C,"Artificial Intelligence and Image Processing†, , ",Artificial Intelligence and Image Processing†,,
International KES Conference on Agents and Multiagent systems - Technologies and Applications,KES AMSTA,N/A,C,"Artificial Intelligence and Image Processing†, , ",Artificial Intelligence and Image Processing†,,
KES International Symposium on Intelligent Decision Technologies,KES IDT,N/A,C,"Artificial Intelligence and Image Processing†, , ",Artificial Intelligence and Image Processing†,,
International Conference on Knowledge-based Intelligent Electronic Systems,KIES,N/A,C,"Artificial Intelligence and Image Processing†, , ",Artificial Intelligence and Image Processing†,,
International Conference on the Principles of Knowledge Representation and Reasoning,KR,kr,A*,"Artificial Intelligence and Image Processing†, Computation Theory and Mathematics†, ",Artificial Intelligence and Image Processing†,Computation Theory and Mathematics†,
"International Conference on Knowledge Science, Engineering and Management",KSEM,ksem,B,"Artificial Intelligence and Image Processing†, , ",Artificial Intelligence and Image Processing†,,
Knowledge Visualization and Visual Thinking,KV,N/A,C,"Artificial Intelligence and Image Processing†, , ",Artificial Intelligence and Image Processing†,,
Logic and Engineering of Natural Language Semantics,LENLS,N/A,B,"Artificial Intelligence and Image Processing†, , ",Artificial Intelligence and Image Processing†,,
European Workshop on Modelling Autonomous Agents in a Multi-Agent World,MAAMAW,N/A,C,"Artificial Intelligence and Image Processing†, , ",Artificial Intelligence and Image Processing†,,
International Workshop on MultiAgent Based Simulation,MABS,mabs,C,"Artificial Intelligence and Image Processing†, , ",Artificial Intelligence and Image Processing†,,
Australian MADYMO Users Meeting,MADYMO,N/A,Australasian,"Artificial Intelligence and Image Processing†, , ",Artificial Intelligence and Image Processing†,,
International Conference on Modelling Decisions for Artificial Intelligence,MDAI,mdai,B,"Artificial Intelligence and Image Processing†, , ",Artificial Intelligence and Image Processing†,,
International Conference on Medical Information Visualisation,MediVis,N/A,C,"Artificial Intelligence and Image Processing†, , ",Artificial Intelligence and Image Processing†,,
Medical Image Computing and Computer-Assisted Intervention,MICCAI,miccai,A,"Artificial Intelligence and Image Processing†, Biomedical Engineering †, ",Artificial Intelligence and Image Processing†,Biomedical Engineering †,
Joint workshop on Multimodal Interaction and Related Machine Learning Algorithms (now ICMI-MLMI),MLMI,N/A,B,"Artificial Intelligence and Image Processing†, , ",Artificial Intelligence and Image Processing†,,
ACM/SPIE Multimedia Computing and Networking,MMCN,N/A,A,"Artificial Intelligence and Image Processing†, , ",Artificial Intelligence and Image Processing†,,
Medicine Meets Virtual Reality,MMVR,N/A,B,"Artificial Intelligence and Image Processing†, Biomedical Engineering †, ",Artificial Intelligence and Image Processing†,Biomedical Engineering †,
International Congress on Modelling and Simulation,MODSIM,N/A,C,"Artificial Intelligence and Image Processing†, , ",Artificial Intelligence and Image Processing†,,
Machine Translation Summit,MT SUMMIT,mtsummit,B,"Artificial Intelligence and Image Processing†, , ",Artificial Intelligence and Image Processing†,,
Machine Vision Applications,MVA,mva,C,"Artificial Intelligence and Image Processing†, , ",Artificial Intelligence and Image Processing†,,
North American Association for Computational Linguistics,NAACL,naacl,A,"Artificial Intelligence and Image Processing†, , ",Artificial Intelligence and Image Processing†,,
NAISO Congress on Autonomous Intelligent Systems,NAISO,N/A,C,"Artificial Intelligence and Image Processing†, , ",Artificial Intelligence and Image Processing†,,
Joint Conference on New Methods in Language Processing and Computational Natural Language Learning,NeMLaP,N/A,C,"Artificial Intelligence and Image Processing†, , ",Artificial Intelligence and Image Processing†,,
Advances in Neural Information Processing Systems (was NIPS),NeurIPS,nips,A*,"Artificial Intelligence and Image Processing†, , ",Artificial Intelligence and Image Processing†,,
IEEE International Workshop on Neural Networks for Signal Processing,NNSP,N/A,C,"Artificial Intelligence and Image Processing†, , ",Artificial Intelligence and Image Processing†,,
"International Conference on Neural, Parallel and Scientific Computations",NPSC,N/A,C,"Artificial Intelligence and Image Processing†, , ",Artificial Intelligence and Image Processing†,,
"International Workshop on Nonmonotonic Reasoning, Action and Change",NRAC,N/A,C,"Artificial Intelligence and Image Processing†, , ",Artificial Intelligence and Image Processing†,,
Practical Application of Intelligent Agents and Multi-Agent Technology Conference,PAAM,N/A,C,"Artificial Intelligence and Image Processing†, , ",Artificial Intelligence and Image Processing†,,
Pacific Asian Conference on Expert Systems,PACES,N/A,B,"Artificial Intelligence and Image Processing†, , ",Artificial Intelligence and Image Processing†,,
IEEE Pacific Visualization Symposium (was APVIS),PacificVis,pacificvis,B,"Artificial Intelligence and Image Processing†, , ",Artificial Intelligence and Image Processing†,,
"Pacific Asia Conference on Language, Information and Computation",PACLIC,paclic,B,"Artificial Intelligence and Image Processing†, , ",Artificial Intelligence and Image Processing†,,
Conference of the Pacific Association for Computational Linguistics,PACLING,pacling,B,"Artificial Intelligence and Image Processing†, , ",Artificial Intelligence and Image Processing†,,
Pacific-Rim Conference on Multimedia,PCM,pcm,C,"Artificial Intelligence and Image Processing†, , ",Artificial Intelligence and Image Processing†,,
Pacific Conference on Computer Graphics and Applications,PG,pg,A,"Artificial Intelligence and Image Processing†, , ",Artificial Intelligence and Image Processing†,,
Pacific Rim Knowledge Acquisition Workshop,PKAW,pkaw,B,"Artificial Intelligence and Image Processing†, , ",Artificial Intelligence and Image Processing†,,
Parallel Problem Solving from Nature,PPSN,ppsn,A,"Artificial Intelligence and Image Processing†, , ",Artificial Intelligence and Image Processing†,,
Annual International Workshop on Presence,ISPR,N/A,B,"Artificial Intelligence and Image Processing†, , ",Artificial Intelligence and Image Processing†,,
Pacific Rim International Conference on Artificial Intelligence,PRICAI,pricai,B,"Artificial Intelligence and Image Processing†, , ",Artificial Intelligence and Image Processing†,,
Pacific-Rim Symposium on Image and Video Technology,PSIVT,psivt,B,"Artificial Intelligence and Image Processing†, , ",Artificial Intelligence and Image Processing†,,
Program Visualization Workshop,PVW,N/A,C,"Artificial Intelligence and Image Processing†, , ",Artificial Intelligence and Image Processing†,,
International Conference on Recent Advances in Natural Language Processing,RANLP,ranlp,C,"Artificial Intelligence and Image Processing†, , ",Artificial Intelligence and Image Processing†,,
Robot Soccer World Cup,RoboCup,robocup,B,"Artificial Intelligence and Image Processing†, , ",Artificial Intelligence and Image Processing†,,
International Joint Conference on Rough Sets (2014 International Conference on Rough Sets and Current Trends in Computing joined with 3 others),IJCRS (was RSCTC),ijcrs,C,"Artificial Intelligence and Image Processing†, , ",Artificial Intelligence and Image Processing†,,
Robotics: Science and Systems,RSS,rss,A*,"Artificial Intelligence and Image Processing†, , ",Artificial Intelligence and Image Processing†,,
International Symposium on Applied Computational Intelligence and Informatics,SACI,saci,C,"Artificial Intelligence and Image Processing†, , ",Artificial Intelligence and Image Processing†,,
International Symposium on Applied Machine Intelligence and Informatics,SAMI,N/A,C,"Artificial Intelligence and Image Processing†, , ",Artificial Intelligence and Image Processing†,,
ACM SIGGRAPH/Eurographics Symposium on Computer Animation,SCA,sca,B,"Artificial Intelligence and Image Processing†, , ",Artificial Intelligence and Image Processing†,,
Spring Conference on Computer Graphics,SCCG,N/A,C,"Artificial Intelligence and Image Processing†, , ",Artificial Intelligence and Image Processing†,,
"Soft Computing in Computer Graphics, Imaging, and Vision",SCCGIV,N/A,C,"Artificial Intelligence and Image Processing†, , ",Artificial Intelligence and Image Processing†,,
Summer Computer Simulation Conference,SCSC,scsc,B,"Artificial Intelligence and Image Processing†, , ",Artificial Intelligence and Image Processing†,,
IEEE Workshop on Speech Coding,SCW,N/A,C,"Artificial Intelligence and Image Processing†, , ",Artificial Intelligence and Image Processing†,,
Asia-Pacific Conference on Simulated Evolution and Learning,SEAL,seal,B,"Artificial Intelligence and Image Processing†, , ",Artificial Intelligence and Image Processing†,,
The Conference on visualization of information,SEE,N/A,C,"Artificial Intelligence and Image Processing†, , ",Artificial Intelligence and Image Processing†,,
International Conference on Software Engineering and Knowledge Engineering,SEKE,seke,B,"Artificial Intelligence and Image Processing†, Computer Software†, ",Artificial Intelligence and Image Processing†,Computer Software†,
Visualization in Software Engineering,SEViz,N/A,C,"Artificial Intelligence and Image Processing†, , ",Artificial Intelligence and Image Processing†,,
SGAI International Conference on Artificial Intelligence,SGAI,sgai,C,"Artificial Intelligence and Image Processing†, , ",Artificial Intelligence and Image Processing†,,
ACM SIG International Conference on Computer Graphics and Interactive Techniques,SIGGRAPH,siggraph,A*,"Artificial Intelligence and Image Processing†, , ",Artificial Intelligence and Image Processing†,,
Simulation Technology and Training Conference,SimTecT,N/A,C,"Artificial Intelligence and Image Processing†, , ",Artificial Intelligence and Image Processing†,,
International Workshop on Soft Computing Applications,SOFA,N/A,C,"Artificial Intelligence and Image Processing†, , ",Artificial Intelligence and Image Processing†,,
Singapore International Conference on Intelligent Systems,SPICIS,N/A,B,"Artificial Intelligence and Image Processing†, , ",Artificial Intelligence and Image Processing†,,
Australasian Speech Science and Technology,SST,N/A,Australasian,"Artificial Intelligence and Image Processing†, , ",Artificial Intelligence and Image Processing†,,
ACM Workshop on Secure Web Services,SWS,N/A,C,"Artificial Intelligence and Image Processing†, , ",Artificial Intelligence and Image Processing†,,
International Conference on Theoretical and Methodological Issues in machine Translation,TMI,N/A,B,"Artificial Intelligence and Image Processing†, , ",Artificial Intelligence and Image Processing†,,
International Visualization in Transportation Symposium,TRB,N/A,C,"Artificial Intelligence and Image Processing†, , ",Artificial Intelligence and Image Processing†,,
Visual Analytics,EuroVA,N/A,C,"Artificial Intelligence and Image Processing†, , ",Artificial Intelligence and Image Processing†,,
IEEE International Conference on Visual Communications and Image Processing (was SPIE ... pre 2011),VCIP,vcip,B,"Artificial Intelligence and Image Processing†, , ",Artificial Intelligence and Image Processing†,,
Conference on Visualization and Data Analysis,VDA,vda,C,"Artificial Intelligence and Image Processing†, , ",Artificial Intelligence and Image Processing†,,
Vision Interface,VI,N/A,C,"Artificial Intelligence and Image Processing†, , ",Artificial Intelligence and Image Processing†,,
Visual Information Communication and Interaction,VINCI,vinci,C,"Artificial Intelligence and Image Processing†, , ",Artificial Intelligence and Image Processing†,,
Pan-Sydney Area Workshop on Visual Information Processing,VIP,N/A,C,"Artificial Intelligence and Image Processing†, , ",Artificial Intelligence and Image Processing†,,
Visualization In Science and Education,GRC,N/A,C,"Artificial Intelligence and Image Processing†, , ",Artificial Intelligence and Image Processing†,,
"Joint Conference on Computer Vision, Imaging and Computer Graphics Theory and Applications (GRAPP and VISAPP combined from 2008)",VISIGRAPP,visigrapp,B,"Artificial Intelligence and Image Processing†, , ",Artificial Intelligence and Image Processing†,,
Visualization in Software Product Lines Workshop,VisPLE,N/A,C,"Artificial Intelligence and Image Processing†, , ",Artificial Intelligence and Image Processing†,,
IEEE International Working Conference on Software Visualisation,VISSOFT,vissoft,B,"Artificial Intelligence and Image Processing†, , ",Artificial Intelligence and Image Processing†,,
International Conference on Visual Information Systems,VISUAL,N/A,C,"Artificial Intelligence and Image Processing†, Information Systems†, ",Artificial Intelligence and Image Processing†,Information Systems†,
ENVI and IDL Data Analysis and Visualization Symposium,VISualize,N/A,C,"Artificial Intelligence and Image Processing†, , ",Artificial Intelligence and Image Processing†,,
IEEE Conference on Virtual Reality and 3D User Interfaces,VR,vr,A,"Artificial Intelligence and Image Processing†, , ",Artificial Intelligence and Image Processing†,,
ACM Virtual Reality Software and Technology,VRST,vrst,A,"Artificial Intelligence and Image Processing†, , ",Artificial Intelligence and Image Processing†,,
Semantic Web Visualisation,VSW,N/A,C,"Artificial Intelligence and Image Processing†, , ",Artificial Intelligence and Image Processing†,,
IEEE Workshop on Applications of Computer Vision,WACV,wacv,A,"Artificial Intelligence and Image Processing†, , ",Artificial Intelligence and Image Processing†,,
World Congress on Expert Systems,WCES,N/A,B,"Artificial Intelligence and Image Processing†, , ",Artificial Intelligence and Image Processing†,,
World Congress on Neural Networks,WCNN,N/A,B,"Artificial Intelligence and Image Processing†, , ",Artificial Intelligence and Image Processing†,,
International Conference on Web-based Modelling and Simulation,WebSim,N/A,C,"Artificial Intelligence and Image Processing†, Distributed Computing†, ",Artificial Intelligence and Image Processing†,Distributed Computing†,
Web Visualization,WebViz,N/A,C,"Artificial Intelligence and Image Processing†, , ",Artificial Intelligence and Image Processing†,,
International Workshops on Enabling Technologies: Infrastructures for Collaborative Enterprises,WETICE,wetice,B,"Artificial Intelligence and Image Processing†, , ",Artificial Intelligence and Image Processing†,,
IEEE/WIC/ACM International Conference on Web Intelligence (previously joint with Intelligent Agent Technology WI-IAT),WI,N/A,B,"Artificial Intelligence and Image Processing†, , ",Artificial Intelligence and Image Processing†,,
Winter Simulation Conference,WSC,wsc,B,"Artificial Intelligence and Image Processing†, , ",Artificial Intelligence and Image Processing†,,
"International Conferences in Central Europe on Computer Graphics, Visualization and Computer Vision",WSCG,N/A,B,"Artificial Intelligence and Image Processing†, , ",Artificial Intelligence and Image Processing†,,
Innovations in Theoretical Computer Science,ITCS,innovations,A,"Computation Theory and Mathematics†, Computation Theory and Mathematics†, Data Format†",Computation Theory and Mathematics†,Computation Theory and Mathematics†,Data Format†
International Symposium on Theoretical Aspects of Computer Science,STACS,stacs,A,"Computation Theory and Mathematics†, , ",Computation Theory and Mathematics†,,
International Symposium on Mathematical Foundations of Computer Science,MFCS,mfcs,A,"Computation Theory and Mathematics†, , ",Computation Theory and Mathematics†,,
International Workshop on Graph-Theoretic Concepts in Computer Science,WG,wg,A,"Computation Theory and Mathematics†, , ",Computation Theory and Mathematics†,,
International Workshop on Approximation Algorithms for Combinatorial Optimization Problems and International Conference on Randomization and Computation,APPROX/RANDOM,approx,A,"Computation Theory and Mathematics†, , ",Computation Theory and Mathematics†,,
International Symposium on Algorithms and Computation,ISAAC,isaac,A,"Computation Theory and Mathematics†, , ",Computation Theory and Mathematics†,,
Computer Aided Verification,CAV,cav,A*,"Computation Theory and Mathematics†, , ",Computation Theory and Mathematics†,,
"International Conference on Ambient Systems, Networks and Technologies",ANT,ant,Unranked,"Computation Theory and Mathematics†, Information Systems†, Communications Technologies†",Computation Theory and Mathematics†,Information Systems†,Communications Technologies†
Formal Methods in Computer-Aided Design,FMCAD,fmcad,Unranked,"Computation Theory and Mathematics†, Electrical and Electronic Engineering†, ",Computation Theory and Mathematics†,Electrical and Electronic Engineering†,
International Conference on Computational Science,ICCS,iccS,A,"Computation Theory and Mathematics†, , ",Computation Theory and Mathematics†,,
"International Symposium on Applied Algebra, Algebraic Algorithms and Error-Correcting Codes",AAAAECC,N/A,B,"Computation Theory and Mathematics†, , ",Computation Theory and Mathematics†,,
Symposium of Asian Association for Algorithms and Computation,AAAC,N/A,C,"Computation Theory and Mathematics†, , ",Computation Theory and Mathematics†,,
Australasian Conference on Combinatorial Mathematics and Combinatorial Computing,ACCMCC,N/A,Australasian,"Computation Theory and Mathematics†, , ",Computation Theory and Mathematics†,,
"Workshop on Algorithms, Combinatorics, and Geometry",ACG,N/A,C,"Computation Theory and Mathematics†, , ",Computation Theory and Mathematics†,,
Algorithms and Complexity in Durham,ACID,N/A,C,"Computation Theory and Mathematics†, , ",Computation Theory and Mathematics†,,
Advances in Modal Logic,AiML,aiml,A,"Computation Theory and Mathematics†, , ",Computation Theory and Mathematics†,,
Advances in the Theory of Computing,AITC,N/A,C,"Computation Theory and Mathematics†, , ",Computation Theory and Mathematics†,,
Workshop on Algorithm Engineering and Experiments,ALENEX,alenex,A,"Computation Theory and Mathematics†, , ",Computation Theory and Mathematics†,,
"SIAM Workshop on Algorithms for Listing, Counting, and Enumeration",ALICE,N/A,C,"Computation Theory and Mathematics†, , ",Computation Theory and Mathematics†,,
International Conference on Algebraic and Logic Programming,ALP,N/A,B,"Computation Theory and Mathematics†, , ",Computation Theory and Mathematics†,,
Algorithmic Learning Theory,ALT,alt,B,"Computation Theory and Mathematics†, , ",Computation Theory and Mathematics†,,
Algebraic Methodology and Software Technology,AMAST,N/A,C,"Computation Theory and Mathematics†, Computer Software†, ",Computation Theory and Mathematics†,Computer Software†,
Asia International Conference on Modelling and Simulation,AMS,N/A,C,"Computation Theory and Mathematics†, , ",Computation Theory and Mathematics†,,
Workshop on Analytic Algorithmics and Combinatorics,ANALCO,analco,B,"Computation Theory and Mathematics†, , ",Computation Theory and Mathematics†,,
Annual Simulation Symposium,ANSS,N/A,B,"Computation Theory and Mathematics†, , ",Computation Theory and Mathematics†,,
The Modelling and Simulation Society of Australia and New Zealand Meeting,ANZMODS,N/A,Australasian,"Computation Theory and Mathematics†, , ",Computation Theory and Mathematics†,,
"International Conference on Probabilistic, Combinatorial, and Asymptotic Methods in the Analysis of Algorithms (was Conference on Analysis of Algorithms)",AofA,aofa,B,"Computation Theory and Mathematics†, , ",Computation Theory and Mathematics†,,
Asia-Pacific Conference on Conceptual Modelling,APCCM,N/A,B,"Computation Theory and Mathematics†, , ",Computation Theory and Mathematics†,,
Asia Pacific Decision Science Institute Conference,APDSI,N/A,C,"Computation Theory and Mathematics†, , ",Computation Theory and Mathematics†,,
Conference of the Association of Asian-Pacific Operational Research Societies,APORS,N/A,C,"Computation Theory and Mathematics†, , ",Computation Theory and Mathematics†,,
Workshop on Approximation and Randomization Algorithms in Communication Networks,ARACNE,N/A,C,"Computation Theory and Mathematics†, , ",Computation Theory and Mathematics†,,
Asian Symposium on Computer Mathematics,ASCM,N/A,C,"Computation Theory and Mathematics†, , ",Computation Theory and Mathematics†,,
International Workshop on Abstract State Machines,ASM(W),N/A,C,"Computation Theory and Mathematics†, , ",Computation Theory and Mathematics†,,
"Workshop on Algorithmic Approaches for Transportation Modelling, Optimization, and Systems",ATMOS,atmos,C,"Computation Theory and Mathematics†, , ",Computation Theory and Mathematics†,,
Australasian Workshop on Combinatorial Algorithms,AWOCA,N/A,Australasian,"Computation Theory and Mathematics†, , ",Computation Theory and Mathematics†,,
Workshop on Combinatorial and Algorithmic Aspects of Networking,CAAN,N/A,B,"Computation Theory and Mathematics†, , ",Computation Theory and Mathematics†,,
Computing: The Australasian Theory Symposium,CATS,N/A,Australasian,"Computation Theory and Mathematics†, , ",Computation Theory and Mathematics†,,
International Conference on Computability and Complexity in Analysis,CCA,N/A,C,"Computation Theory and Mathematics†, , ",Computation Theory and Mathematics†,,
IEEE Conference on Computational Complexity,CCC,coco,A,"Computation Theory and Mathematics†, , ",Computation Theory and Mathematics†,,
Workshop on Computational and Conformal Geometry,CCG,N/A,C,"Computation Theory and Mathematics†, , ",Computation Theory and Mathematics†,,
Workshop on Computational Geometry and Applications,CGA,N/A,C,"Computation Theory and Mathematics†, , ",Computation Theory and Mathematics†,,
CGAL User Workshop,CGAL,N/A,C,"Computation Theory and Mathematics†, , ",Computation Theory and Mathematics†,,
Conference on Graph Theory and Discrete Geometry,CGTDG,N/A,C,"Computation Theory and Mathematics†, , ",Computation Theory and Mathematics†,,
Annual Fall Workshop on Computational Geometry,CGW,N/A,C,"Computation Theory and Mathematics†, , ",Computation Theory and Mathematics†,,
International Conference on Algorithms and Complexity (was Italian Conference ),CIAC,ciac,C,"Computation Theory and Mathematics†, , ",Computation Theory and Mathematics†,,
Computability in Europe: Logic and Theory of Algorithms,CiE,cie,C,"Computation Theory and Mathematics†, , ",Computation Theory and Mathematics†,,
Conference of the Commission Internationale pour l'Etude et l'Amelioration de l'Enseignement des Mathematiques,CIEAEM,N/A,C,"Computation Theory and Mathematics†, , ",Computation Theory and Mathematics†,,
International Symposium on Combinatorial Optimisation,ISCO,iscopt,C,"Computation Theory and Mathematics†, , ",Computation Theory and Mathematics†,,
Conference on Combinatorial Optimization and Applications,COCOA,cocoa,B,"Computation Theory and Mathematics†, , ",Computation Theory and Mathematics†,,
International Conference on Computing and Combinatorics,COCOON,cocoon,A,"Computation Theory and Mathematics†, , ",Computation Theory and Mathematics†,,
International Conference on Concurrency Theory,CONCUR,concur,A,"Computation Theory and Mathematics†, , ",Computation Theory and Mathematics†,,
International and Interdisciplinary Conference on Modelling and Using Context,CONTEXT,context,C,"Computation Theory and Mathematics†, , ",Computation Theory and Mathematics†,,
Workshop on Constraint Satisfaction for Planning and Scheduling,COPLAS,N/A,B,"Computation Theory and Mathematics†, , ",Computation Theory and Mathematics†,,
Constraint Programming Day,CPD,N/A,C,"Computation Theory and Mathematics†, , ",Computation Theory and Mathematics†,,
Combinatorial Pattern Matching,CPM,cpm,B,"Computation Theory and Mathematics†, Data Format†, ",Computation Theory and Mathematics†,Data Format†,
International CSI Computer Conference,CSICC,N/A,C,"Computation Theory and Mathematics†, , ",Computation Theory and Mathematics†,,
Annual Conference on Computer Science Logic,CSL,csl,B,"Computation Theory and Mathematics†, , ",Computation Theory and Mathematics†,,
International Computer Science Symposium in Russia,CSR,csr,C,"Computation Theory and Mathematics†, , ",Computation Theory and Mathematics†,,
Computational Topology Workshop,CT,N/A,C,"Computation Theory and Mathematics†, , ",Computation Theory and Mathematics†,,
Computational Techniques and Applications Conference,CTAC,N/A,C,"Computation Theory and Mathematics†, , ",Computation Theory and Mathematics†,,
Cologne-Twente Workshop on Graphs and Combinatorial Optimization,CTW,N/A,C,"Computation Theory and Mathematics†, , ",Computation Theory and Mathematics†,,
International Conference on Cyberworlds (was International Symposium on Cyberworlds),CW,cw,B,"Computation Theory and Mathematics†, , ",Computation Theory and Mathematics†,,
Discrete and Algorithmic Geometry,DAG,N/A,C,"Computation Theory and Mathematics†, , ",Computation Theory and Mathematics†,,
International Workshop on Developments in Computational Models,DCM,dcm,C,"Computation Theory and Mathematics†, , ",Computation Theory and Mathematics†,,
"IEEE Information Theory Workshop on Detection, Estimation, Classification and Imaging",DECI,N/A,C,"Computation Theory and Mathematics†, , ",Computation Theory and Mathematics†,,
International Conference on Discrete Geometry for Computer Imagery,DGCI,dgci,C,"Computation Theory and Mathematics†, , ",Computation Theory and Mathematics†,,
Dynamic Graph Workshop,DGW,N/A,C,"Computation Theory and Mathematics†, , ",Computation Theory and Mathematics†,,
"Conference on Discrete Mathematics, Algebra and their Application",DIMA,N/A,C,"Computation Theory and Mathematics†, , ",Computation Theory and Mathematics†,,
DIMACS Workshop on Intrinsic Complexity of Computation,DIMACS Intrinsic,N/A,C,"Computation Theory and Mathematics†, , ",Computation Theory and Mathematics†,,
Developments in Language Theory,DLT,dlt,B,"Computation Theory and Mathematics†, , ",Computation Theory and Mathematics†,,
SIAM Conference on Discrete Mathematics,DM,N/A,C,"Computation Theory and Mathematics†, , ",Computation Theory and Mathematics†,,
"Discrete Models: Combinatorics, Computation and Geometry",DM-CCG,N/A,C,"Computation Theory and Mathematics†, , ",Computation Theory and Mathematics†,,
International Conference on Discrete Mathematics and Theoretical Computer Science,DMTCS,N/A,B,"Computation Theory and Mathematics†, , ",Computation Theory and Mathematics†,,
Dutch Computational Geometry Day,DutchCG,N/A,C,"Computation Theory and Mathematics†, , ",Computation Theory and Mathematics†,,
European Chapter on Combinatorial Optimization,ECCO,N/A,C,"Computation Theory and Mathematics†, , ",Computation Theory and Mathematics†,,
Symposium on Discrete Mathematics,EDM,N/A,C,"Computation Theory and Mathematics†, , ",Computation Theory and Mathematics†,,
International Conference on Artificial Reality and Telexistance & Eurographics Symposium on Virtual Environments,EGVE,egve,B,"Computation Theory and Mathematics†, , ",Computation Theory and Mathematics†,,
ERATO Conference on Quantum Information Science,EQIS,N/A,C,"Computation Theory and Mathematics†, , ",Computation Theory and Mathematics†,,
ERCIM Annual Workshop on Constraint Solving and Constraint Logic Programming,ERCIM/CSCLP,N/A,B,"Computation Theory and Mathematics†, , ",Computation Theory and Mathematics†,,
European Symposium on Algorithms,ESA,esa,A,"Computation Theory and Mathematics†, , ",Computation Theory and Mathematics†,,
"Symposium On Combinatorics, Algorithms, Probabilistic and Experimental Methodologies",ESCAPE,N/A,C,"Computation Theory and Mathematics†, , ",Computation Theory and Mathematics†,,
International Conference on Modelling and Simulation,ECMS,ecms,B,"Computation Theory and Mathematics†, , ",Computation Theory and Mathematics†,,
European Conference on Operations Research,EURO,N/A,C,"Computation Theory and Mathematics†, , ",Computation Theory and Mathematics†,,
European Workshop on Computational Geometry,EuroCG,N/A,C,"Computation Theory and Mathematics†, , ",Computation Theory and Mathematics†,,
"EuroConference on Combinatorics, Graph Theory and Applications",EUroComb,N/A,C,"Computation Theory and Mathematics†, , ",Computation Theory and Mathematics†,,
A Satellite workshop on Formal Approaches to Testing of Software,FATES,N/A,C,"Computation Theory and Mathematics†, , ",Computation Theory and Mathematics†,,
International Frontiers of Algorithmics Workshop,FAW,faw,B,"Computation Theory and Mathematics†, , ",Computation Theory and Mathematics†,,
International Symposium on Fundamentals of Computation Theory,FCT,fct,A,"Computation Theory and Mathematics†, , ",Computation Theory and Mathematics†,,
International Symposium on Functional and Logic Programming,FLOPS,flops,A,"Computation Theory and Mathematics†, , ",Computation Theory and Mathematics†,,
International Symposium on Formal Methods (was Formal Methods Europe FME),FM,fm,A,"Computation Theory and Mathematics†, , ",Computation Theory and Mathematics†,,
Int. Workshop on Formal Methods for Industrial Critical Systems,FMICS,fmics,C,"Computation Theory and Mathematics†, , ",Computation Theory and Mathematics†,,
Formal Methods Pacific,FMP,N/A,C,"Computation Theory and Mathematics†, , ",Computation Theory and Mathematics†,,
International Workshop on Formal Methods for Parallel Programming: Theory and Applications,FMPPTA,N/A,C,"Computation Theory and Mathematics†, , ",Computation Theory and Mathematics†,,
IEEE Symposium on Foundations of Computer Science,FOCS,focs,A*,"Computation Theory and Mathematics†, , ",Computation Theory and Mathematics†,,
Formal Power Series and Algebraic Combinatorics,FPSAC,N/A,B,"Computation Theory and Mathematics†, , ",Computation Theory and Mathematics†,,
Foundations of Software Technology and Theoretical Computer Science,FST&TCS,fsttcs,B,"Computation Theory and Mathematics†, , ",Computation Theory and Mathematics†,,
International Workshops on First-Order Theorem Proving,FTP,N/A,B,"Computation Theory and Mathematics†, , ",Computation Theory and Mathematics†,,
Conference on Fun with Algorithms,FUN,fun,B,"Computation Theory and Mathematics†, , ",Computation Theory and Mathematics†,,
International Conference on Information Fusion,FUSION,fusion,C,"Computation Theory and Mathematics†, , ",Computation Theory and Mathematics†,,
MSRI Combinatorial Game Theory Research Workshop,GameTheory,N/A,C,"Computation Theory and Mathematics†, , ",Computation Theory and Mathematics†,,
Graph Drawing,GD,gd,A,"Computation Theory and Mathematics†, , ",Computation Theory and Mathematics†,,
SIAM Conference on Geometric Design,GeoD,N/A,C,"Computation Theory and Mathematics†, , ",Computation Theory and Mathematics†,,
Workshop on Uncertainty in Geometric Computations,GEOM Uncertainty,N/A,C,"Computation Theory and Mathematics†, , ",Computation Theory and Mathematics†,,
Geometry Festival: An international workshop on Discrete Geometry and Rigidity,GeomFest,N/A,C,"Computation Theory and Mathematics†, , ",Computation Theory and Mathematics†,,
Geometry Modeling and Processing,GMP,N/A,B,"Computation Theory and Mathematics†, , ",Computation Theory and Mathematics†,,
International Workshop on Global Optimization,GO,N/A,C,"Computation Theory and Mathematics†, , ",Computation Theory and Mathematics†,,
International Conference on Operations Research,GOR,N/A,C,"Computation Theory and Mathematics†, , ",Computation Theory and Mathematics†,,
Workshop on Applications of Graph Theory in Wireless Ad hoc Networks and Sensor Networks,Graph-hoc,N/A,C,"Computation Theory and Mathematics†, , ",Computation Theory and Mathematics†,,
International Colloquium on Automata Languages and Programming,ICALP,icalp,A,"Computation Theory and Mathematics†, , ",Computation Theory and Mathematics†,,
International Conference on the Application and Theory of Petri Nets and Concurrency,Petri Nets,apn,B,"Computation Theory and Mathematics†, , ",Computation Theory and Mathematics†,,
International Congress on Computational and Applied Mathematics,ICCAM,N/A,C,"Computation Theory and Mathematics†, , ",Computation Theory and Mathematics†,,
International Congress of Chinese Mathematicians,ICCM,N/A,C,"Computation Theory and Mathematics†, , ",Computation Theory and Mathematics†,,
International Conference on Computational Engineering Science,ICES,N/A,C,"Computation Theory and Mathematics†, , ",Computation Theory and Mathematics†,,
International Conference on Graph Transformations,ICGT,gg,B,"Computation Theory and Mathematics†, , ",Computation Theory and Mathematics†,,
International Conference on Logic Programming,ICLP,iclp,A,"Computation Theory and Mathematics†, , ",Computation Theory and Mathematics†,,
International Congress of Mathematicians,ICM,N/A,C,"Computation Theory and Mathematics†, , ",Computation Theory and Mathematics†,,
SIGOPT - International Conference on Optimization,ICO,N/A,C,"Computation Theory and Mathematics†, , ",Computation Theory and Mathematics†,,
International Conference on Optimization: Techniques And Applications,ICOTA,N/A,C,"Computation Theory and Mathematics†, , ",Computation Theory and Mathematics†,,
International Colloquium on Theoretical Aspects of Computing,ICTAC,ictac,B,"Computation Theory and Mathematics†, , ",Computation Theory and Mathematics†,,
International Conference on Temporal Logic,ICTL,N/A,A,"Computation Theory and Mathematics†, , ",Computation Theory and Mathematics†,,
IEEE International Symposium on Adaptive Dynamic Programming and Reinforcement Learning,IEEE ADPRL,N/A,C,"Computation Theory and Mathematics†, , ",Computation Theory and Mathematics†,,
IEEE Symposium on Visual Analytics Science and Technology,IEEE VAST,ieeevast,C,"Computation Theory and Mathematics†, , ",Computation Theory and Mathematics†,,
IFIP International Conference on Theoretical Computer Science,IFIP TCS,N/A,C,"Computation Theory and Mathematics†, , ",Computation Theory and Mathematics†,,
Integrated Formal Methods,IFM,ifm,B,"Computation Theory and Mathematics†, , ",Computation Theory and Mathematics†,,
Inductive Logic Programming,ILP,ilp,B,"Computation Theory and Mathematics†, , ",Computation Theory and Mathematics†,,
International Network Optimization Conference,INOC,inoc,C,"Computation Theory and Mathematics†, , ",Computation Theory and Mathematics†,,
Conference on Integer Programming and Combinatorial Optimization,IPCO,ipco,A,"Computation Theory and Mathematics†, , ",Computation Theory and Mathematics†,,
International Symposium on Parameterized and Exact Computation (was IWPEC pre 2004),IPEC,iwpec,B,"Computation Theory and Mathematics†, , ",Computation Theory and Mathematics†,,
Conference for the International Simulation and Gaming Association,ISAGA,isaga,C,"Computation Theory and Mathematics†, , ",Computation Theory and Mathematics†,,
"International Symposium on Leveraging Applications of Formal Methods, Verification and Validation",ISoLA,isola,C,"Computation Theory and Mathematics†, , ",Computation Theory and Mathematics†,,
International Symposium on Symbolic and Algebraic Computation,ISSAC,issac,A*,"Computation Theory and Mathematics†, , ",Computation Theory and Mathematics†,,
International Symposium on Voronoi diagrams in Science and Engineering,ISVD,N/A,C,"Computation Theory and Mathematics†, , ",Computation Theory and Mathematics†,,
"Conference on Interactive Theorem Proving (previously TPHOLs, changed in 2009)",ITP,itp,A,"Computation Theory and Mathematics†, , ",Computation Theory and Mathematics†,,
The International Workshop on Algorithms and Graphs,IWAAG,N/A,C,"Computation Theory and Mathematics†, , ",Computation Theory and Mathematics†,,
International Workshop on Combinatorial Image Analysis: Theory and Applications,IWCIA,iwcia,C,"Computation Theory and Mathematics†, , ",Computation Theory and Mathematics†,,
International Workshop on Digital Watermarking,IWDW,iwdw,C,"Computation Theory and Mathematics†, Data Format†, ",Computation Theory and Mathematics†,Data Format†,
International Workshop on Combinatorial Algorithm,IWOCA,iwoca,B,"Computation Theory and Mathematics†, , ",Computation Theory and Mathematics†,,
Symposium on Cellular Automata,JAC,N/A,C,"Computation Theory and Mathematics†, , ",Computation Theory and Mathematics†,,
"Logics in Artificial Intelligence, European Conference",JELIA,jelia,A,"Computation Theory and Mathematics†, , ",Computation Theory and Mathematics†,,
International French Speaking Conference on Logic and Constraint Programming,JFPLC,N/A,C,"Computation Theory and Mathematics†, , ",Computation Theory and Mathematics†,,
Kyoto International Conference on Computational Geometry and Graph Theory,KyotoCGGT,N/A,C,"Computation Theory and Mathematics†, , ",Computation Theory and Mathematics†,,
Workshop on Logic and Learning,L&L,N/A,C,"Computation Theory and Mathematics†, , ",Computation Theory and Mathematics†,,
International Conference on Language and Automata Theory and Applications,LATA,lata,C,"Computation Theory and Mathematics†, , ",Computation Theory and Mathematics†,,
International Symposium on Latin American Theoretical Informatics,LATIN,latin,B,"Computation Theory and Mathematics†, , ",Computation Theory and Mathematics†,,
International Workshop on Logic and Complexity in Computer Science,LCCS,N/A,C,"Computation Theory and Mathematics†, , ",Computation Theory and Mathematics†,,
Logical Foundations of Computer Science,LFCS,lfcs,B,"Computation Theory and Mathematics†, , ",Computation Theory and Mathematics†,,
IEEE Symposium on Logic in Computer Science,LICS,lics,A*,"Computation Theory and Mathematics†, , ",Computation Theory and Mathematics†,,
Workshop on Localized Algorithms and Protocols for Wireless Sensor Networks,LOCALGOS,N/A,C,"Computation Theory and Mathematics†, , ",Computation Theory and Mathematics†,,
International Symposium on Logic-based Program Synthesis and Transformation,LOPSTR,lopstr,B,"Computation Theory and Mathematics†, , ",Computation Theory and Mathematics†,,
Logic Programming and Automated Reasoning,LPAR,lpar,A,"Computation Theory and Mathematics†, , ",Computation Theory and Mathematics†,,
International Conference on Logic Programming and Non-monotonic Reasoning,LPNMR,lpnmr,A,"Computation Theory and Mathematics†, , ",Computation Theory and Mathematics†,,
MACIS: International Conference of Mathematical Aspects of Computer and Information Sciences,MACIS,macis,C,"Computation Theory and Mathematics†, , ",Computation Theory and Mathematics†,,
Workshop on Massive Data Algorithmics,Massive,N/A,C,"Computation Theory and Mathematics†, , ",Computation Theory and Mathematics†,,
"Colloquium on Mathematics and Computer Science: Algorithms, Trees, Combinatorics and Probabilities",MathInfo,N/A,C,"Computation Theory and Mathematics†, , ",Computation Theory and Mathematics†,,
Australian MATLAB Conference,MATLAB,N/A,Australasian,"Computation Theory and Mathematics†, , ",Computation Theory and Mathematics†,,
"Machines, Computations and Universality (was Universal Machines and Computations)",MCU,mcu,B,"Computation Theory and Mathematics†, , ",Computation Theory and Mathematics†,,
Mathematical Methods in Computer Science,MMICS,N/A,C,"Computation Theory and Mathematics†, , ",Computation Theory and Mathematics†,,
Modelling and Optimization: Theory and Applications,MOPTA,N/A,C,"Computation Theory and Mathematics†, , ",Computation Theory and Mathematics†,,
Mathematics of Program Construction,MPC,mpc,B,"Computation Theory and Mathematics†, , ",Computation Theory and Mathematics†,,
Optimal Discrete Structures and Algorithms,ODSA,N/A,C,"Computation Theory and Mathematics†, , ",Computation Theory and Mathematics†,,
Workshop on On-Line Algorithms,OLA,N/A,C,"Computation Theory and Mathematics†, , ",Computation Theory and Mathematics†,,
SIAM Conference on Optimization,OP,N/A,C,"Computation Theory and Mathematics†, , ",Computation Theory and Mathematics†,,
"Conference on Orders, Algorithms and Applications",Ordal,N/A,C,"Computation Theory and Mathematics†, , ",Computation Theory and Mathematics†,,
Optimization: Techniques And Applications,OTA,N/A,C,"Computation Theory and Mathematics†, , ",Computation Theory and Mathematics†,,
Symposium on Programs as Data Objects,PADO,N/A,C,"Computation Theory and Mathematics†, , ",Computation Theory and Mathematics†,,
Practical Aspects of PROLOG/Constraint Technology,PAP/PACT,N/A,C,"Computation Theory and Mathematics†, , ",Computation Theory and Mathematics†,,
Practice and Theory of Automated Timetabling,PATAT,N/A,B,"Computation Theory and Mathematics†, , ",Computation Theory and Mathematics†,,
Workshop on Physics and Computation,PC,N/A,C,"Computation Theory and Mathematics†, , ",Computation Theory and Mathematics†,,
Workshop on Probabilistic Graph Theory,PGT,N/A,C,"Computation Theory and Mathematics†, , ",Computation Theory and Mathematics†,,
"International Conference on Probability, Statistics and Operational Research",PSOR,N/A,C,"Computation Theory and Mathematics†, , ",Computation Theory and Mathematics†,,
Workshop on Quantum Information Processing,QIP,N/A,C,"Computation Theory and Mathematics†, , ",Computation Theory and Mathematics†,,
International Conference on Experimental Implementation of Quantum Computation,QuantCom,N/A,C,"Computation Theory and Mathematics†, , ",Computation Theory and Mathematics†,,
International Workshop on Randomization and Computation,RANDOM,random,A,"Computation Theory and Mathematics†, , ",Computation Theory and Mathematics†,,
International Conference on Computational Molecular Biology,RECOMB,recomb,B,"Computation Theory and Mathematics†, , ",Computation Theory and Mathematics†,,
International Conference on Relational and AlgebraicMethods in Computer Science (was International Conference on Relational Methods in Computer Science RelMiCS),RAMiCS,RelMiCS,C,"Computation Theory and Mathematics†, , ",Computation Theory and Mathematics†,,
International Workshop on Requirements Engineering Visualization,REV,N/A,B,"Computation Theory and Mathematics†, , ",Computation Theory and Mathematics†,,
"International Conference on Relations, Orders and Graphs: Interaction with Computer Science",ROGICS,N/A,C,"Computation Theory and Mathematics†, , ",Computation Theory and Mathematics†,,
International Conference on Rewriting Techniques and Applications (now merged with FSCD Formal Structures for Computation and Deduction),RTA,N/A,A,"Computation Theory and Mathematics†, , ",Computation Theory and Mathematics†,,
IEEE Symposium on Security and Privacy,SP,sp,A*,"Computation Theory and Mathematics†, Computer Software†, ",Computation Theory and Mathematics†,Computer Software†,
"ACM Symposium on Access Control Models and Technologies (previously ACM Workshop on Role-Based Access Control, RBAC, changed in 2000)",SACMAT,sacmat,C,"Computation Theory and Mathematics†, , ",Computation Theory and Mathematics†,,
"Symposium on Stochastic Algorithms, Foundations and Applications",SAGA,N/A,C,"Computation Theory and Mathematics†, , ",Computation Theory and Mathematics†,,
International Symposium on Algorithmic Game Theory,SAGT,sagt,B,"Computation Theory and Mathematics†, , ",Computation Theory and Mathematics†,,
South African International Graph Theory Conference,SAIGTC,N/A,C,"Computation Theory and Mathematics†, , ",Computation Theory and Mathematics†,,
"Symposium on Abstraction, Reformulation and Approximation",SARA,N/A,B,"Computation Theory and Mathematics†, , ",Computation Theory and Mathematics†,,
Static Analysis Symposium,SAS,sas,A,"Computation Theory and Mathematics†, , ",Computation Theory and Mathematics†,,
International Conference on Theory and Applications of Satisfiability Testing,SAT,sat,A,"Computation Theory and Mathematics†, , ",Computation Theory and Mathematics†,,
International Symposium on Computational Geometry,SoCG,compgeom,A,"Computation Theory and Mathematics†, , ",Computation Theory and Mathematics†,,
International Symposium on Experimental Algorithms,SEA,wea,B,"Computation Theory and Mathematics†, , ",Computation Theory and Mathematics†,,
"Search: Workshop on Search, Sorting and Coding",Search,N/A,C,"Computation Theory and Mathematics†, , ",Computation Theory and Mathematics†,,
International Conference on Sequences and their Applications,SETA,N/A,B,"Computation Theory and Mathematics†, , ",Computation Theory and Mathematics†,,
Symposium on Geometry Processing,SGP,sgp,B,"Computation Theory and Mathematics†, , ",Computation Theory and Mathematics†,,
International Colloquium on Structural Information and Communication Complexity,SIROCCO,sirocco,B,"Computation Theory and Mathematics†, , ",Computation Theory and Mathematics†,,
Stochastic Local Search Algorithms,SLS,N/A,C,"Computation Theory and Mathematics†, , ",Computation Theory and Mathematics†,,
Symposium on Computational Geometry for Mechanics and Applications,SOCGMA,N/A,C,"Computation Theory and Mathematics†, , ",Computation Theory and Mathematics†,,
ACM/SIAM Symposium on Discrete Algorithms,SODA,soda,A*,"Computation Theory and Mathematics†, , ",Computation Theory and Mathematics†,,
ACM Symposium on Solid and Physical Modelling,SPM,N/A,B,"Computation Theory and Mathematics†, , ",Computation Theory and Mathematics†,,
Structural and Syntactical Pattern Recognition,SSPR,ssspr,A,"Computation Theory and Mathematics†, , ",Computation Theory and Mathematics†,,
ACM Symposium on Theory of Computing,STOC,stoc,A*,"Computation Theory and Mathematics†, , ",Computation Theory and Mathematics†,,
International Symposium on Symbolic and Numeric Algorithms for Scientific Computing,SYNASC,synasc,C,"Computation Theory and Mathematics†, , ",Computation Theory and Mathematics†,,
International Conference on Theorem Proving with Analytic Tableaux and Related Methods,TABLEAUX,tableaux,A,"Computation Theory and Mathematics†, , ",Computation Theory and Mathematics†,,
International Conference on Theory and Applications of Computational Science,TACS,N/A,C,"Computation Theory and Mathematics†, , ",Computation Theory and Mathematics†,,
TAI: Algorithmic Information Theory: Kolmogorov Complexity,TAI,N/A,C,"Computation Theory and Mathematics†, , ",Computation Theory and Mathematics†,,
Conference on Theory and Applications of Models of Computation,TAMC,tamc,B,"Computation Theory and Mathematics†, , ",Computation Theory and Mathematics†,,
Theoretical Aspects of Rationality and Knowledge,TARK,tark,A,"Computation Theory and Mathematics†, , ",Computation Theory and Mathematics†,,
Topological and Geometric Graph Theory,TGGT,N/A,C,"Computation Theory and Mathematics†, , ",Computation Theory and Mathematics†,,
International Symposium on Temporal Representation and Reasoning,TIME,time,B,"Computation Theory and Mathematics†, , ",Computation Theory and Mathematics†,,
International Conference on Theoretical and Mathematical Foundations of Computer Science,TMFCS,N/A,C,"Computation Theory and Mathematics†, , ",Computation Theory and Mathematics†,,
Techniques and Problems in Graph Theory,TPGT,N/A,C,"Computation Theory and Mathematics†, , ",Computation Theory and Mathematics†,,
International Conference on Unconventional Computation and Natural Computation (was International Conference on Unconventional Computation),UC,uc,C,"Computation Theory and Mathematics†, , ",Computation Theory and Mathematics†,,
Unconventional Models of Computation,UMC,N/A,B,"Computation Theory and Mathematics†, , ",Computation Theory and Mathematics†,,
Workshop on Algorithmic Aspects of Advanced Programming Languages,WAAAPL,N/A,C,"Computation Theory and Mathematics†, , ",Computation Theory and Mathematics†,,
Workshop on Algorithms in Bioinformatics,WABI,wabi,B,"Computation Theory and Mathematics†, , ",Computation Theory and Mathematics†,,
Algorithms and Data Structures Symposium (was Workshop on Algorithms and Data Structures),WADS,wads,B,"Computation Theory and Mathematics†, , ",Computation Theory and Mathematics†,,
Workshop on Algorithm Engineering,WAE,N/A,B,"Computation Theory and Mathematics†, , ",Computation Theory and Mathematics†,,
International Workshop on the Algorithmic Foundations of Robotics,WAFR,wafr,C,"Computation Theory and Mathematics†, , ",Computation Theory and Mathematics†,,
Workshop on the Arithmetic of Finite Fields,WAIFI,waifi,C,"Computation Theory and Mathematics†, , ",Computation Theory and Mathematics†,,
International Conference and Workshops on Algorithms and Computation,WALCOM,walcom,C,"Computation Theory and Mathematics†, , ",Computation Theory and Mathematics†,,
Workshop on Approximation and Online Algorithms,WAOA,waoa,B,"Computation Theory and Mathematics†, , ",Computation Theory and Mathematics†,,
IEEE Workshop on Advances in Techniques for Analysis of Remotely Sensed Data,WARDS,N/A,C,"Computation Theory and Mathematics†, , ",Computation Theory and Mathematics†,,
Workshop on Algorithms And Models For The Web Graph,WAW,waw,C,"Computation Theory and Mathematics†, , ",Computation Theory and Mathematics†,,
Workshop on Computational Graph Theory and Combinatorics,WCGTC,N/A,C,"Computation Theory and Mathematics†, , ",Computation Theory and Mathematics†,,
Workshop on Computational Optimization,WCO,N/A,C,"Computation Theory and Mathematics†, , ",Computation Theory and Mathematics†,,
Workshop on Distributed Data and Structures,WDAS,N/A,C,"Computation Theory and Mathematics†, Data Format†, ",Computation Theory and Mathematics†,Data Format†,
International Workshop on Efficient Algorithms,WEA,N/A,B,"Computation Theory and Mathematics†, , ",Computation Theory and Mathematics†,,
International Workshop on Functional and Constraint Logic Programming,WFLP,wflp,C,"Computation Theory and Mathematics†, , ",Computation Theory and Mathematics†,,
"Workshop on Logic, Language, Information and Computation",WoLLIC,wollic,B,"Computation Theory and Mathematics†, , ",Computation Theory and Mathematics†,,
IAVoSS Workshop On Trustworthy Elections,WOTE,N/A,C,"Computation Theory and Mathematics†, , ",Computation Theory and Mathematics†,,
Workshop on Parameterized Complexity,WPC,N/A,C,"Computation Theory and Mathematics†, , ",Computation Theory and Mathematics†,,
Developments in eSystems Engineering,DeSE,dese,C,"Computer Software†, Information Systems†, Computation Theory and Mathematics†",Computer Software†,Information Systems†,Computation Theory and Mathematics†
International Conference on the Quality of Information and Communications Technology,QUATIC,quatic,C,"Computer Software†, Information Systems†, ",Computer Software†,Information Systems†,
IEEE European Symposium on Security and Privacy,EuroS&P,eurosp,NEW,"Computer Software†, Computation Theory and Mathematics†, ",Computer Software†,Computation Theory and Mathematics†,
International Conference on Functional Programming,ICFP,icfp,A*,"Computer Software†, , ",Computer Software†,,
"International Conference on Software Testing, Verification and Validation",ICST,icst,A,"Computer Software†, , ",Computer Software†,,
"International Conference on Model Driven Engineering Languages and Systems (Previously UML, changed in 2005)",MODELS,models,A,"Computer Software†, , ",Computer Software†,,
Workshop on Cryptographic Hardware and Embedded Systems,CHES,ches,A,"Computer Software†, Communications Technologies†, ",Computer Software†,Communications Technologies†,
Fundamental Approaches to Software Engineering,FASE,fase,B,"Computer Software†, , ",Computer Software†,,
"ACM International Conference on the Foundations of Software Engineering (was ESEC/FSE, changed 2024; duplicate previously listed as ESEC, removed from DB)",FSE,sigsoft,A*,"Computer Software†, , ",Computer Software†,,
Usenix Network and Distributed System Security Symposium,NDSS,ndss,A*,"Computer Software†, Distributed Computing†, Communications Technologies†",Computer Software†,Distributed Computing†,Communications Technologies†
International Symposium on Software Testing and Analysis,ISSTA,issta,A,"Computer Software†, , ",Computer Software†,,
"IEEE International Conference on Software Maintenance and Evolution (prior to 2014 was ICSM, IEEE International Conference on Software Maintenance)",ICSME,icsm,A,"Computer Software†, , ",Computer Software†,,
International Conference on Coordination Models and Languages,Coordination,coordination,B,"Computer Software†, , ",Computer Software†,,
International Conference on Software Reuse,ICSR,icsr,B,"Computer Software†, , ",Computer Software†,,
"IFIP Joint International Conference on Formal Description Techniques and Protocol Specification, Testing, And Verification",FORTE,N/A,B,"Computer Software†, , ",Computer Software†,,
European Conference on Software Architecture,ECSA,ecsa,A,"Computer Software†, , ",Computer Software†,,
IFIP WG 11.3 Working Conference on Data and Applications Security (also known as DBSEC),DBSEC,dbsec,B,"Computer Software†, Distributed Computing†, Communications Technologies†",Computer Software†,Distributed Computing†,Communications Technologies†
IEEE Computer Security Foundations Symposium (was CSFW),CSF,csfw,A,"Computer Software†, , ",Computer Software†,,
Automated Software Engineering Conference,ASE,kbse,A,"Computer Software†, , ",Computer Software†,,
International Symposium on Software Reliability Engineering,ISSRE,issre,A,"Computer Software†, , ",Computer Software†,,
International Symposium on Empirical Software Engineering and Measurement,ESEM,esem,A,"Computer Software†, , ",Computer Software†,,
International Conference on Software Engineering,ICSE,icse,A*,"Computer Software†, , ",Computer Software†,,
ACM Conference on Computer and Communications Security,CCS,ccs,A*,"Computer Software†, Distributed Computing†, Communications Technologies†",Computer Software†,Distributed Computing†,Communications Technologies†
Usenix Security Symposium,USENIX-Security,uss,A*,"Computer Software†, Distributed Computing†, Communications Technologies†",Computer Software†,Distributed Computing†,Communications Technologies†
International Conference on Evaluation and Assessment in Software Engineering,EASE,ease,A,"Computer Software†, , ",Computer Software†,,
ACM Conference on Object Oriented Programming Systems Languages and Applications,OOPSLA,oopsla,A*,"Computer Software†, , ",Computer Software†,,
International Conference on Software Architecture (was previously WICSA),ICSA,icsa,NEW,"Computer Software†, , ",Computer Software†,,
International Workshop on Requirements Engineering: Foundation for Software Quality,REFSQ,refsq,B,"Computer Software†, , ",Computer Software†,,
ASIAN Symposium on Programming Languages and Systems,APLAS,aplas,B,"Computer Software†, , ",Computer Software†,,
Asia-Pacific Software Engineering Conference,APSEC,apsec,B,"Computer Software†, , ",Computer Software†,,
Software Process Improvement and Capability Determination,SPICE,N/A,C,"Computer Software†, , ",Computer Software†,,
Product Focused Software Process Improvement,PROFES,profes,B,"Computer Software†, , ",Computer Software†,,
International Conference on Management of Digital EcoSystems,MEDES,medes,Unranked,"Computer Software†, Information Systems†, Interdisciplinary Engineering†",Computer Software†,Information Systems†,Interdisciplinary Engineering†
International Conference on Principles of Security and Trust,POST,post,Unranked,"Computer Software†, Data Format†, Distributed Computing†",Computer Software†,Data Format†,Distributed Computing†
The International Conference on Verification and Evaluation of Computer and Communication Systems,VECoS,vecos,Unranked,"Computer Software†, , ",Computer Software†,,
IMA International Conference on Cryptography and Coding,IMACC,ima,B,"Computer Software†, Data Format†, ",Computer Software†,Data Format†,
"International Conference Abstract State Machines, Alloy, B, TLA, VDM, and Z (Previously International Conference of B and Z Users, ZB, changed in 2008)",ABZ,zum,C,"Computer Software†, , ",Computer Software†,,
Australasian Computer Architecture Conference,ACAC,N/A,Australasian,"Computer Software†, , ",Computer Software†,,
ACM Multimedia,ACMMM,mm,A*,"Computer Software†, Design Practice and Management†, ",Computer Software†,Design Practice and Management†,
International Conference on Applied Cryptography and Network Security,ACNS,acns,B,"Computer Software†, , ",Computer Software†,,
Australian Conference on Software Metrics,ACOSM,N/A,Australasian,"Computer Software†, , ",Computer Software†,,
"Workshop on Aspects, Components, and Patterns for Infrastructure Software",ACP4IS,N/A,C,"Computer Software†, , ",Computer Software†,,
Annual Computer Security Applications Conference,ACSAC,acsac,A,"Computer Software†, , ",Computer Software†,,
International Conference on Reliable Software Technologies,Ada-Europe,adaEurope,B,"Computer Software†, , ",Computer Software†,,
Conference on Agile Software Development,XP,xpu,B,"Computer Software†, , ",Computer Software†,,
Australasian Information Security Workshop 2007 (Privacy Enhancing Technologies),AISW-PET,N/A,Australasian,"Computer Software†, , ",Computer Software†,,
Aspect-Orientation Asia,AO-Asia,N/A,C,"Computer Software†, , ",Computer Software†,,
Workshop on Aspect-Oriented Modelling,AOM,N/A,C,"Computer Software†, , ",Computer Software†,,
Aspect-Oriented Software Development,AOSD,N/A,A,"Computer Software†, , ",Computer Software†,,
Asia-Pacific Bioinformatics Conference,APBC,apbc,B,"Computer Software†, , ",Computer Software†,,
Symposium on Assessment of Quality S/W Dev Tools,AQSDT,N/A,C,"Computer Software†, , ",Computer Software†,,
"International Conference on Availability, Reliability and Security",ARES,IEEEares,B,"Computer Software†, , ",Computer Software†,,
IEEE Symposium on Computer Arithmetic,ARITH,arith,C,"Computer Software†, , ",Computer Software†,,
"Asia Conference on Information, Computer and Communications Security",AsiaCCS,asiaccs,B,"Computer Software†, , ",Computer Software†,,
Architectural Support for Programming Languages and Operating Systems,ASPLOS,asplos,A*,"Computer Software†, , ",Computer Software†,,
Australian Software Engineering Conference,ASWEC,aswec,Australasian,"Computer Software†, , ",Computer Software†,,
International Conference on Advanced and Trusted Computing (was International Conference on Autonomic and Trusted Computing),ATC,atc,C,"Computer Software†, , ",Computer Software†,,
International Symposium on Automated Technology for Verification and Analysis,ATVA,atva,A,"Computer Software†, , ",Computer Software†,,
Australasian Refinement Workshop,AuRW,N/A,Australasian,"Computer Software†, , ",Computer Software†,,
Australian UNIX Users Group National Conference,AUUG,N/A,Australasian,"Computer Software†, , ",Computer Software†,,
Australian Workshop on Requirements Engineering,AWRE,N/A,Australasian,"Computer Software†, Information Systems†, ",Computer Software†,Information Systems†,
Australian Workshop on Software Architecture,AWSA,N/A,Australasian,"Computer Software†, , ",Computer Software†,,
IEEE Bioinformatics and Bioengineering,BIBE,bibe,C,"Computer Software†, , ",Computer Software†,,
International Workshop on C# and .NET Technologies,C#,N/A,C,"Computer Software†, , ",Computer Software†,,
Association for Computer-Aided Architectural Design Research in Asia (CAADRIA) annual conference,CAADRIA,N/A,B,"Computer Software†, Design Practice and Management†, Architecture†",Computer Software†,Design Practice and Management†,Architecture†
International Conference on Cryptology and Network Security,CANS,cans,B,"Computer Software†, , ",Computer Software†,,
International Conference on Compiler Construction,CC,cc,A,"Computer Software†, , ",Computer Software†,,
IFIP/ACM Working Conference on Component Deployment,CD,N/A,B,"Computer Software†, , ",Computer Software†,,
International Workshop on Comparative Evaluation in Requirements Engineering,CERE,N/A,C,"Computer Software†, , ",Computer Software†,,
Information Security Symposium,CERIAS,N/A,C,"Computer Software†, , ",Computer Software†,,
"Conference on Computers, Freedom, and Privacy",CFP,N/A,C,"Computer Software†, , ",Computer Software†,,
International Symposium on Code Generation and Optimization,CGO,cgo,A,"Computer Software†, , ",Computer Software†,,
Computational Intelligence in Security for Information Systems,CISIS,cisis-spain,National-Spanish,"Computer Software†, , ",Computer Software†,,
Complexity and information-theoretic approaches to biology,CITB,N/A,B,"Computer Software†, , ",Computer Software†,,
Joint Working Conference on Secure Information Networks: Communications and Multimedia Security,CMS,N/A,C,"Computer Software†, , ",Computer Software†,,
International Computer Software and Applications Conference,COMPSAC,compsac,B,"Computer Software†, , ",Computer Software†,,
Australasian Compumod Users' Conference,COMPUMOD,N/A,Australasian,"Computer Software†, , ",Computer Software†,,
International Conference on Communication System Software and Middleware,COMSWARE,N/A,C,"Computer Software†, , ",Computer Software†,,
International Conference on Principles and Practice of Constraint Programming,CP,cp,A,"Computer Software†, , ",Computer Software†,,
International Conference on Risks and Security of Internet and Systems,CRiSIS,crisis,C,"Computer Software†, , ",Computer Software†,,
International Workshop on Critical Information Infrastructures Security,CRITIS,critis,C,"Computer Software†, , ",Computer Software†,,
IEEE Computational Systems Bioinformatics Conference,CSB,N/A,A,"Computer Software†, , ",Computer Software†,,
European Conference on Software Maintenance and Reengineering,CSMR,N/A,C,"Computer Software†, , ",Computer Software†,,
"International Conference on Dependable, Autonomic and Secure Computing",DASC,dasc,C,"Computer Software†, , ",Computer Software†,,
International Conference on Dependability of Computer Systems,DEPCoS,depcos,C,"Computer Software†, , ",Computer Software†,,
"GI International Conference on Detection of Intrusions and Malware, and Vulnerability Assessment",DIMVA,dimva,C,"Computer Software†, , ",Computer Software†,,
Dynamic Languages Symposium,DLS,dls,B,"Computer Software†, , ",Computer Software†,,
Workshop on Declarative Programming in the Context of OO Languages,DP-COOL,N/A,C,"Computer Software†, , ",Computer Software†,,
ACM Digital Rights Management Workshop,DRM,N/A,C,"Computer Software†, , ",Computer Software†,,
Domain Specific Aspect Languages,DSAL,N/A,C,"Computer Software†, , ",Computer Software†,,
Domain - Specific Languages for Software Engineering,DSLSE,N/A,C,"Computer Software†, , ",Computer Software†,,
Workshop on Domain Specific Modelling,DSM,N/A,C,"Computer Software†, , ",Computer Software†,,
IEEE/IFIP International Conference on Dependable Systems and Networks,DSN,dsn,A,"Computer Software†, , ",Computer Software†,,
Workshop on Aspect Oriented Requirements Engineering and Architecture Design,Early Aspects,N/A,C,"Computer Software†, , ",Computer Software†,,
European Conference on Computational Biology,ECCB,N/A,B,"Computer Software†, , ",Computer Software†,,
European Conference on Object-Oriented Programming,ECOOP,ecoop,A,"Computer Software†, , ",Computer Software†,,
International Workshop on Economics-Driven Software Engineering Research,EDSER,N/A,C,"Computer Software†, , ",Computer Software†,,
European Lisp Workshop,ELW,N/A,C,"Computer Software†, , ",Computer Software†,,
International Conference on Evaluation of Novel Approaches to Software Engineering,ENASE,enase,B,"Computer Software†, , ",Computer Software†,,
European Workshop on Security and Privacy in Ad -Hoc and Sensor Networks,ESAS,N/A,C,"Computer Software†, , ",Computer Software†,,
European Symposium on Programming,ESOP,esop,A,"Computer Software†, , ",Computer Software†,,
European Symposium On Research In Computer Security,ESORICS,esorics,A,"Computer Software†, , ",Computer Software†,,
European PKI Workshop: Theory and Practice,EUROPKI,N/A,B,"Computer Software†, , ",Computer Software†,,
European Conference on Pattern Languages of Programs,EuroPLop,europlop,B,"Computer Software†, , ",Computer Software†,,
Eurosys Conference,EuroSys,eurosys,A,"Computer Software†, , ",Computer Software†,,
Extreme Markup Languages,Extreme,N/A,C,"Computer Software†, , ",Computer Software†,,
IEEE Symposium on Field Programmable Custom Computing Machines,FCCM,fccm,A,"Computer Software†, , ",Computer Software†,,
Functional and Declarative Programming in Education,FDPE,N/A,C,"Computer Software†, , ",Computer Software†,,
International Conference on Formal Engineering Methods,ICFEM,icfem,B,"Computer Software†, , ",Computer Software†,,
ACM Workshop on Formal Methods in Security Engineering: From Specifications to Code,FMSE,N/A,C,"Computer Software†, , ",Computer Software†,,
Formal Methods in Software Engineering and Defence Systems Workshop,FMSEDS,N/A,C,"Computer Software†, , ",Computer Software†,,
Foundations of Aspect-Oriented Languages,FOAL,N/A,C,"Computer Software†, , ",Computer Software†,,
International Workshop on Foundations of Object-Oriented Languages,FOOL,N/A,C,"Computer Software†, , ",Computer Software†,,
Foundations of Software Science and Computational Structures,FOSSACS,fossacs,A,"Computer Software†, , ",Computer Software†,,
Workshop on Formal Techniques for Java-like Programs,FTfJP,N/A,C,"Computer Software†, , ",Computer Software†,,
International Conference on Generative Programming and Component Engineering,GPCE,gpce,B,"Computer Software†, , ",Computer Software†,,
IEEE International Symposium on High Assurance Systems Engineering,HASE,hase,B,"Computer Software†, , ",Computer Software†,,
Haskell Workshop,HASKELL,haskell,C,"Computer Software†, , ",Computer Software†,,
USENIX Workshop on Hot Topics in Operating Systems,HotOS,hotos,A,"Computer Software†, , ",Computer Software†,,
Workshop on Power Aware Computing and Systems,HotPower,N/A,B,"Computer Software†, , ",Computer Software†,,
ACM Workshop on Hot Topics in Software Upgrades,HotSWUp,N/A,C,"Computer Software†, , ",Computer Software†,,
International Symposium on High Performance Computer Architecture,HPCA,hpca,A*,"Computer Software†, , ",Computer Software†,,
IEEE International Conference on COTS-Based Software Systems,ICCBSS,N/A,C,"Computer Software†, , ",Computer Software†,,
IEEE International Conference on Computer Languages,ICCL,iccl,A,"Computer Software†, , ",Computer Software†,,
ACM/IEEE International Conference on Distributed Smart Cameras,ICDSC,icdsc,B,"Computer Software†, , ",Computer Software†,,
IEEE International Conference on Global Software Engineering,ICGSE,icgse,C,"Computer Software†, , ",Computer Software†,,
International Conference on Information and Communications Security,ICICS,icics,B,"Computer Software†, , ",Computer Software†,,
International Conference on Internet Monitoring and Protection,ICIMP,N/A,C,"Computer Software†, , ",Computer Software†,,
International Conference on Information Systems Security,ICISS,iciss,National: India,"Computer Software†, , ",Computer Software†,,
International Conference on Information Theoretic Security,ICITS,N/A,C,"Computer Software†, , ",Computer Software†,,
International Conference on Model Transformation,ICMT,icmt,B,"Computer Software†, , ",Computer Software†,,
"IEEE International Conference on Program Comprehension (previously IWPC, changed in 2006)",ICPC,iwpc,C,"Computer Software†, , ",Computer Software†,,
International Conference on Software Engineering Advances,ICSEA,N/A,C,"Computer Software†, , ",Computer Software†,,
International Conference on Software and Data Technologies,ICSoft,icsoft,B,"Computer Software†, , ",Computer Software†,,
International Conference Software and Systems Engineering and their Applications,ICSSEA,N/A,C,"Computer Software†, , ",Computer Software†,,
International Conference on Software and System Processes (was ICSP prior to 2011),ICSSP,ispw,A,"Computer Software†, , ",Computer Software†,,
International Workshop of the Initiative for the Evaluation of XML Retrieval,INEX,N/A,C,"Computer Software†, , ",Computer Software†,,
On-Line Testing and Robust System Design,IOLTS,iolts,C,"Computer Software†, , ",Computer Software†,,
International Python Conference,IPythC,N/A,C,"Computer Software†, , ",Computer Software†,,
International Conference on Information Security and Assurance,ISA,N/A,C,"Computer Software†, , ",Computer Software†,,
ACM International Symposium on Computer Architecture,ISCA,isca,A*,"Computer Software†, , ",Computer Software†,,
International Conference on Systems Engineering,ICSEng,icseng,C,"Computer Software†, , ",Computer Software†,,
"International Symposium on Data, privacy and E-Commerce",ISDPE,N/A,C,"Computer Software†, , ",Computer Software†,,
International Symposium on Empirical Software Engineering,ISESE,N/A,B,"Computer Software†, , ",Computer Software†,,
International Symposium on Future Software Technology,ISFST,N/A,C,"Computer Software†, , ",Computer Software†,,
IEEE International Conference on Intelligence and Security Informatics,ISI,isi,C,"Computer Software†, , ",Computer Software†,,
Intelligent Systems in Molecular Biology,ISMB,ismb,A,"Computer Software†, , ",Computer Software†,,
International Symposium on Object Technologies for Advanced Software,ISOTAS,N/A,C,"Computer Software†, , ",Computer Software†,,
IEEE International Symposium on Performance Analysis of Systems and Software,ISPASS,ispass,B,"Computer Software†, , ",Computer Software†,,
Information Security Practice and Experience Conference,ISPEC,ispec,B,"Computer Software†, , ",Computer Software†,,
International Conference on Information Technology: Coding and Computing,ITCC,itcc,C,"Computer Software†, , ",Computer Software†,,
International Conference on Trust Management,iTrust,N/A,C,"Computer Software†, , ",Computer Software†,,
"International Workshop on Aliasing, Confinement and Ownership",IWACO,N/A,C,"Computer Software†, , ",Computer Software†,,
International Workshop on Computer-Aided Software Eng,IWCASE,N/A,B,"Computer Software†, , ",Computer Software†,,
International Workshop on Distributed Object Management,IWDOM,N/A,C,"Computer Software†, , ",Computer Software†,,
International Workshop on Parsing Technologies,IWPT,N/A,B,"Computer Software†, , ",Computer Software†,,
International Workshop on Security,IWSEC,iwsec,B,"Computer Software†, , ",Computer Software†,,
International Workshop on Security Protocols,IWSP,N/A,C,"Computer Software†, , ",Computer Software†,,
International Workshop on Software Product Management,IWSPM,N/A,C,"Computer Software†, , ",Computer Software†,,
Workshop On Java For High-Performance Computing,JHPC,N/A,C,"Computer Software†, , ",Computer Software†,,
Joint Modular Languages Conference,JMLC,N/A,B,"Computer Software†, , ",Computer Software†,,
Australasian Conference on Pattern Languages of Programs,KoalaPLoP,N/A,Australasian,"Computer Software†, , ",Computer Software†,,
"Language Descriptions, Tools and Applications",LDTA,N/A,B,"Computer Software†, , ",Computer Software†,,
International Symposium on Microarchitecture,MICRO,micro,A,"Computer Software†, , ",Computer Software†,,
ACM/IFIP/USENIX International Middleware Conference,Middleware,middleware,A,"Computer Software†, , ",Computer Software†,,
International Workshop on Modelling in Software Engineering,MISE,N/A,C,"Computer Software†, , ",Computer Software†,,
Workshop on Multiparadigm Programming with OO Languages,MPOOL,N/A,C,"Computer Software†, , ",Computer Software†,,
International Workshop on Metamodelling - Utilization in Software Engineering,MUSE,N/A,C,"Computer Software†, , ",Computer Software†,,
International Conference on network and System Security,NSS,nss,B,"Computer Software†, , ",Computer Software†,,
"International Symposium on New Ideas, New Paradigms, and Reflections on Programming and Software",Onward,onward,C,"Computer Software†, , ",Computer Software†,,
Workshop on Object-Oriented Database Systems,OODBS,N/A,C,"Computer Software†, , ",Computer Software†,,
Usenix Symposium on Operating Systems Design and Implementation,OSDI,osdi,A*,"Computer Software†, , ",Computer Software†,,
Workshop on Parallel and Distributed Debugging ACM/ONR,PADD,N/A,C,"Computer Software†, , ",Computer Software†,,
Practical Aspects of Declarative Languages,PADL,padl,B,"Computer Software†, , ",Computer Software†,,
"Processing Declarative Knowledge, International Workshop",PDK,N/A,C,"Computer Software†, , ",Computer Software†,,
ACM SIGPLAN Workshop on Partial Evaluation and Program Manipulation,PEPM,pepm,B,"Computer Software†, , ",Computer Software†,,
"IFIP International Symposium on Computing Performance, Modelling, Measurement and Evaluation",PERFORMANCE,performance,A,"Computer Software†, , ",Computer Software†,,
Privacy Enhancing Technologies Symposium (was International Workshop of Privacy Enhancing Technologies),PETS,popets,B,"Computer Software†, , ",Computer Software†,,
International Conference on Practice and Theory in Public Key Cryptography,PKC,pkc,B,"Computer Software†, , ",Computer Software†,,
Annual PKI R&D Workshop,PKI,N/A,C,"Computer Software†, , ",Computer Software†,,
Programming Language Techniques for XML,PLAN-X,N/A,C,"Computer Software†, , ",Computer Software†,,
Practices of Linking Aspect Technology and Evolution,PLATE,N/A,C,"Computer Software†, , ",Computer Software†,,
ACM-SIGPLAN Conference on Programming Language Design and Implementation,PLDI,pldi,A*,"Computer Software†, , ",Computer Software†,,
Pattern Languages of Programs,PLOP,N/A,B,"Computer Software†, , ",Computer Software†,,
Workshop on Programming Languages and Operating Systems,PLOS,N/A,B,"Computer Software†, , ",Computer Software†,,
ACM-SIGACT Symposium on Principles of Programming Languages,POPL,popl,A*,"Computer Software†, , ",Computer Software†,,
International Conference on Principles and Practice of Declarative Programming,PPDP,ppdp,B,"Computer Software†, , ",Computer Software†,,
International Conference on Managed Programming Languages and Runtimes (was ManLang and previously Principles and Practice of Programming in Java: PPPJ),MPLR,pppj,C,"Computer Software†, , ",Computer Software†,,
International Conference on Provable Security,ProvSec,provsec,B,"Computer Software†, , ",Computer Software†,,
Pacific Symposium on Biocomputing,PSB,psb,C,"Computer Software†, , ",Computer Software†,,
Prague Stringology Conference,PSC,stringology,C,"Computer Software†, , ",Computer Software†,,
Performance Tools - International Conference on Model Techniques & Tools for CPE,PT,N/A,A,"Computer Software†, , ",Computer Software†,,
"Software Quality, Reliability, and Security (was International Conference on Quality Software, QSIC, that merged with SERE 2015)",QRS,qrs,B,"Computer Software†, , ",Computer Software†,,
"Reflection, AOP and Meta-Data for Software Evolution",RAM-SE,N/A,C,"Computer Software†, , ",Computer Software†,,
Relationships and Associations in Object-Oriented Languages,RAOOL,N/A,C,"Computer Software†, , ",Computer Software†,,
IEEE International Requirements Engineering Conference,RE,re,A,"Computer Software†, , ",Computer Software†,,
International Workshop on Realising Evidence-based Software Engineering,REBSE,N/A,C,"Computer Software†, , ",Computer Software†,,
Conference on RFID Security,RFIDSec,rfidsec,C,"Computer Software†, , ",Computer Software†,,
IEEE International Symposium on Rapid System Prototyping (was IEEE Symposium on Rapid Prototyping),RSP,rsp,C,"Computer Software†, , ",Computer Software†,,
International Conference on Runtime Verification (was workshop pre 2010),RV,rv,C,"Computer Software†, , ",Computer Software†,,
"International Conference on Computer Safety, Reliability and Security",SAFECOMP,safecomp,B,"Computer Software†, , ",Computer Software†,,
Conference on Security in Network Architectures and Information Systems,SAR-SSI,N/A,C,"Computer Software†, , ",Computer Software†,,
International Conference on Software Composition,SC,N/A,B,"Computer Software†, , ",Computer Software†,,
IEEE International Working Conference on Source Code Analysis and Manipulation,SCAM,scam,C,"Computer Software†, , ",Computer Software†,,
Conference on Security and Cryptography for Networks,SCN,scn,B,"Computer Software†, , ",Computer Software†,,
Unix Symposium on Operating Systems Design and Implementation,SDSDI,N/A,A,"Computer Software†, , ",Computer Software†,,
International IEEE Workshop on Software Evolvability,SE,N/A,C,"Computer Software†, , ",Computer Software†,,
Euromicro Conference on Software Engineering and Advanced Applications,SEAA,euromicro,B,"Computer Software†, , ",Computer Software†,,
International Conference on Security and Privacy for Communication Networks,SecureComm,securecomm,B,"Computer Software†, , ",Computer Software†,,
International Conference on Software Engineering and Formal Methods,SEFM,sefm,B,"Computer Software†, , ",Computer Software†,,
"ACIS Conference on Software Engineering Research, Management and Applications",SERA,sera,C,"Computer Software†, , ",Computer Software†,,
Systems Engineering / Test and Evaluation Conference,SETE,N/A,C,"Computer Software†, , ",Computer Software†,,
International Conference on Software Engineering Theory and Practice,SETP,N/A,C,"Computer Software†, , ",Computer Software†,,
IEEE Software Engineering Workshop,SEW,N/A,C,"Computer Software†, , ",Computer Software†,,
"ACM Conference on Applications, Technologies, Architectures, and Protocols for Computer Communication",SIGCOMM,sigcomm,A*,"Computer Software†, , ",Computer Software†,,
International Conference on Security of Information and Networks,SIN,sin,C,"Computer Software†, , ",Computer Software†,,
International IEEE Security in Storage Workshop,SISW,N/A,C,"Computer Software†, , ",Computer Software†,,
International Conference on Software Language Engineering,SLE,sle,B,"Computer Software†, , ",Computer Software†,,
IEEE International Symposium on Software Metrics,SMS,N/A,A,"Computer Software†, , ",Computer Software†,,
Service Oriented Computing: Consequences for Engineering Requirements,SOCCER,N/A,C,"Computer Software†, , ",Computer Software†,,
"International Conference on Intelligent Software Methodologies, Tools, and Techniques (was International Conference on Software Methods and Tools)",SoMeT,somet,B,"Computer Software†, , ",Computer Software†,,
ACM SIGOPS Symposium on Operating Systems Principles,SOSP,sosp,A*,"Computer Software†, , ",Computer Software†,,
Symposium On Usable Privacy and Security,SOUPS,soups,B,"Computer Software†, Information Systems†, ",Computer Software†,Information Systems†,
Software Quality Conference,SQC,N/A,C,"Computer Software†, , ",Computer Software†,,
International Conference on Software Quality Management,SQM,N/A,C,"Computer Software†, , ",Computer Software†,,
IFAC Conference on System Structure and Control,SSSC,N/A,C,"Computer Software†, , ",Computer Software†,,
IEEE International Symposium on Security in Networks and Distributed Systems,SSNDS,N/A,C,"Computer Software†, , ",Computer Software†,,
ACM Symposium on Software Reusability,SSR,ssr,A,"Computer Software†, , ",Computer Software†,,
ACM Workshop on Scalable Trusted Computing,STC,N/A,B,"Computer Software†, , ",Computer Software†,,
Software Technology and Engineering Practice Conference,STEP,N/A,B,"Computer Software†, , ",Computer Software†,,
International Conference on Software Development,SWDC,N/A,B,"Computer Software†, , ",Computer Software†,,
Tools and Algorithms for Construction and Analysis of Systems,TACAS,tacas,A,"Computer Software†, , ",Computer Software†,,
International Conference on Tests and Proofs,TAP,tap,B,"Computer Software†, , ",Computer Software†,,
International Joint Conference CAAP/FASE on Theory and Practice of Software Development,TAPSOFT,N/A,C,"Computer Software†, , ",Computer Software†,,
International Symposium on Theoretical Aspects of Software Engineering,TASE,tase,C,"Computer Software†, , ",Computer Software†,,
ACM SIGPLAN Workshop on Types in Language Design and Implementation (was TIC),TLDI,N/A,C,"Computer Software†, , ",Computer Software†,,
Technology of Object-Oriented Languages and Systems,TOOLS,tools,B,"Computer Software†, , ",Computer Software†,,
Annual International Conference on Ada,TRI-Ada,N/A,C,"Computer Software†, , ",Computer Software†,,
"International Conference on Trust, Privacy and Security in Digital Business",TrustBus,trustbus,B,"Computer Software†, , ",Computer Software†,,
"International Conference on Trust, Security and Privacy in Computing and Communications",TrustCom,trustcom,A,"Computer Software†, , ",Computer Software†,,
Usable Security and Privacy,USEC,N/A,C,"Computer Software†, , ",Computer Software†,,
USENIX Windows NT Symposium,UWNTS,N/A,C,"Computer Software†, , ",Computer Software†,,
International Conference on Virtual Execution Environments,VEE,vee,A,"Computer Software†, , ",Computer Software†,,
International Workshop on Visualization for Cyber Security,VizSec,vizsec,C,"Computer Software†, , ",Computer Software†,,
Visual Languages and Formal Methods,VLFM,N/A,C,"Computer Software†, , ",Computer Software†,,
"Verification, Model Checking and Abstract Interpretation",VMCAI,vmcai,B,"Computer Software†, , ",Computer Software†,,
Workshop on Component-Oriented Programming,WCOP,N/A,C,"Computer Software†, , ",Computer Software†,,
IEEE Working Conference on Reverse Engineering,WCRE,N/A,B,"Computer Software†, , ",Computer Software†,,
"Workshop on Duplicating, Deconstructing, and Debunking",WDDD,N/A,C,"Computer Software†, , ",Computer Software†,,
International Symposium on Open Collaboration (was International Symposiums on Wikis),OPENSYM,wikis,B,"Computer Software†, , ",Computer Software†,,
International Workshop on Information Security Applications,WISA,wisa,C,"Computer Software†, , ",Computer Software†,,
Workshop in Information Security Theory and Practices,WISTP,wistp,C,"Computer Software†, , ",Computer Software†,,
International Workshop on Issues in the Theory of Security,WITS,N/A,C,"Computer Software†, , ",Computer Software†,,
Workshop on Object-Oriented Development,WOOD,N/A,C,"Computer Software†, , ",Computer Software†,,
International Workshop on Security in Information Systems,WOSIS,N/A,C,"Computer Software†, , ",Computer Software†,,
International Workshop on Schema Languages for XML,X-Schemas,N/A,C,"Computer Software†, , ",Computer Software†,,
IEEE International Working Conference on Mining Software Repositories,MSR,msr,A,"Data Format†, Computer Software†, ",Data Format†,Computer Software†,
Theory of Cryptography Conference,TCC,tcc,A,"Data Format†, , ",Data Format†,,
International Symposium on String Processing and Information Retrieval,SPIRE,spire,B,"Data Format†, Library and Information Studies†, ",Data Format†,Library and Information Studies†,
International Symposium on Spatial and Temporal Databases,SSTD,ssd,A,"Data Format†, Geomatic Engineering †, ",Data Format†,Geomatic Engineering †,
ECRYPT Workshop on Cryptographic Hash Functions,ECRYPT,N/A,C,"Data Format†, , ",Data Format†,,
Australasian Conference on Information Security and Privacy,ACISP,acisp,Australasian,"Data Format†, , ",Data Format†,,
Symposium on Advances in DB and Information Systems,ADBIS,adbis,B,"Data Format†, Information Systems†, ",Data Format†,Information Systems†,
Australasian Database Conference,ADC,adc,Australasian,"Data Format†, , ",Data Format†,,
International Conference on Advanced Data Mining and Applications,ADMA,adma,B,"Data Format†, , ",Data Format†,,
International Symposium on Advanced DB Technologies and Integration,ADTI,N/A,B,"Data Format†, , ",Data Format†,,
Australasian Information Security Conference,AISC,auisc,Australasian,"Data Format†, , ",Data Format†,,
"Workshop on Australasian Information Security, Data Mining and Web Intelligence, and Software Internationalisation",AISW,N/A,Australasian,"Data Format†, , ",Data Format†,,
Active and Real-Time Database Systems,ARTDB,N/A,C,"Data Format†, , ",Data Format†,,
International Conference on the Theory and Application of Cryptology and Information Security,ASIACRYPT,asiacrypt,A,"Data Format†, , ",Data Format†,,
Automation of Software Test,AST,ast,C,"Data Format†, , ",Data Format†,,
Australian Data Mining Conference,AusDM,ausdm,Australasian,"Data Format†, , ",Data Format†,,
International Workshop on Boolean Functions: Cryptography and Applications,BFCA,N/A,C,"Data Format†, , ",Data Format†,,
Constraint Databases and Applications,CDB,N/A,C,"Data Format†, , ",Data Format†,,
International Symposium on Cooperative Database Systems for Advanced Applications,CODAS,N/A,C,"Data Format†, , ",Data Format†,,
Committee on Data for Science and Technology,CODATA,N/A,C,"Data Format†, , ",Data Format†,,
Cryptography Policy and Algorithms Conference,CryPAC,N/A,C,"Data Format†, , ",Data Format†,,
Advances in Cryptology,CRYPTO,crypto,A*,"Data Format†, , ",Data Format†,,
International Conference on Database Systems for Advanced Applications,DASFAA,dasfaa,B,"Data Format†, , ",Data Format†,,
Data Warehousing and Knowledge Discovery,DaWaK,dawak,B,"Data Format†, , ",Data Format†,,
International Baltic Conference on Databases and Information Systems,DB&IS,balt,Regional - Baltic,"Data Format†, , ",Data Format†,,
Database Programming Languages,DBPL,dbpl,B,"Data Format†, , ",Data Format†,,
International Conference on Dublin Core and Metadata Applications,DC,N/A,C,"Data Format†, , ",Data Format†,,
Data Compression Conference,DCC,dcc,A*,"Data Format†, , ",Data Format†,,
International Workshop on Domain Driven Data Mining,DDDM,N/A,C,"Data Format†, , ",Data Format†,,
Design and Management of Data Warehouses,DMDW,N/A,C,"Data Format†, , ",Data Format†,,
Workshop on Research Issues in Data Mining and Knowledge Discovery,DMKD,N/A,C,"Data Format†, , ",Data Format†,,
International Workshop on Data Warehousing and OLAP,DOLAP,dolap,B,"Data Format†, , ",Data Format†,,
Workshop on Database Technology for Virtual Enterprises,DTVE,N/A,C,"Data Format†, , ",Data Format†,,
International Workshop on Evolution and Change in Data Management,ECDM,N/A,C,"Data Format†, , ",Data Format†,,
European Conference on Machine Learning and Principles and Practice of Knowledge Discovery in Database (PKDD and ECML combined from 2008),ECML PKDD,pkdd,A,"Data Format†, , ",Data Format†,,
Extending Database Technology,EDBT,edbt,A,"Data Format†, , ",Data Format†,,
European Institute for Computer Anti-Virus Research EICAR Conference,EICAR,N/A,C,"Data Format†, , ",Data Format†,,
European-Japanese Conference on Information Modelling and Knowledge Bases,EJC,ejc,C,"Data Format†, , ",Data Format†,,
"EMAS (merger of DALT, AOSE and PROMAS)",EMAS,emas,B,"Data Format†, Artificial Intelligence and Image Processing†, Computer Software†",Data Format†,Artificial Intelligence and Image Processing†,Computer Software†
International Conference on Conceptual Modelling,ER,er,A,"Data Format†, , ",Data Format†,,
International Conference on the Theory and Application of Cryptographic Techniques,EuroCrypt,eurocrypt,A*,"Data Format†, , ",Data Format†,,
International Conference on Electronic Voting,EVOTE,N/A,C,"Data Format†, , ",Data Format†,,
USENIX/ACCURATE Electronic Voting Technology Workshop,EVT,N/A,C,"Data Format†, , ",Data Format†,,
Conference on File and Storage Technologies,FAST,fast,A,"Data Format†, , ",Data Format†,,
Financial Cryptography and Data Security Conference,FC,fc,B,"Data Format†, , ",Data Format†,,
Formal and Computational Cryptography,FCC,N/A,C,"Data Format†, , ",Data Format†,,
Forum on Specification and Design Languages,FDL,fdl,C,"Data Format†, , ",Data Format†,,
Workshop on Fault Diagnosis and Tolerance in Cryptography,FDTC,fdtc,C,"Data Format†, , ",Data Format†,,
International Workshop on Foundations of Models and Languages for Data and Objects,FMLDO,N/A,C,"Data Format†, , ",Data Format†,,
International Conference on Foundation on Data Organization,FODO,N/A,A,"Data Format†, , ",Data Format†,,
International Workshop on Group-Oriented Cryptographic Protocols,GOCP,N/A,C,"Data Format†, , ",Data Format†,,
International Wordnet Conference (Global Wordnet Conference),GWC,wordnet,C,"Data Format†, , ",Data Format†,,
Australasian Workshop on Health Data and Knowledge Management,HDKM,N/A,Australasian,"Data Format†, , ",Data Format†,,
International Conference on Data Engineering,ICDE,icde,A*,"Data Format†, , ",Data Format†,,
IEEE International Conference on Data Mining,ICDM,icdm,A*,"Data Format†, , ",Data Format†,,
International Conference on Database Theory,ICDT,icdt,A,"Data Format†, , ",Data Format†,,
IEEE International Conference on e-Business Engineering,ICEBE,N/A,B,"Data Format†, Design Practice and Management†, ",Data Format†,Design Practice and Management†,
International Conference on Information Security and Cryptology,ICISC,icisc,B,"Data Format†, , ",Data Format†,,
International Conference on Multimedia Retrieval (previously MIR),ICMR,mir,B,"Data Format†, Library and Information Studies†, ",Data Format†,Library and Information Studies†,
Intelligent Data Analysis,IDA,ida,A,"Data Format†, , ",Data Format†,,
International Database Engineering and Applications Symposium,IDEAS,ideas,B,"Data Format†, , ",Data Format†,,
Integrated Data Environments Australia Workshop,IDEAW,N/A,Australasian,"Data Format†, , ",Data Format†,,
IEEE International Conference on Information Reuse and Integration,IRI,iri,C,"Data Format†, , ",Data Format†,,
IFIP Information Security & Privacy Conference,IFIP SEC,sec,B,"Data Format†, Information Systems†, ",Data Format†,Information Systems†,
Information Hiding and Multimedia Security Workshop,IH&MMSec,ih,C,"Data Format†, , ",Data Format†,,
International Conference on Cryptology in India,INDOCRYPT,indocrypt,National: Indian,"Data Format†, , ",Data Format†,,
SKLOIS Conference on Information Security and Cryptology,Inscrypt,cisc,National: China,"Data Format†, , ",Data Format†,,
IEEE International Symposium on Information Theory,ISIT,isit,B,"Data Format†, , ",Data Format†,,
International Symposium on Information Theory and Its Applications,ISITA,isita,B,"Data Format†, , ",Data Format†,,
International Semantic Web Conference,ISWC,semweb,A,"Data Format†, , ",Data Format†,,
Information Theory Workshop,ITW,itw,B,"Data Format†, , ",Data Format†,,
Int. Workshop on Multi-Media Data Base Management Systems,IW-MMDBMS,N/A,C,"Data Format†, , ",Data Format†,,
"International Workshop on Incorporating COTS Software into Software Systems, Tools and Techniques",IWICSS,N/A,C,"Data Format†, , ",Data Format†,,
Joint Conference of the International Workshop on Software Measurement and the International Conference on Software Process and Product Measurement (IWSM and Mensura combined from 2007),IWSM Mensura,iwsm,C,"Data Format†, , ",Data Format†,,
International Conference on the Statistical Analysis of Textual Data,JADT,N/A,C,"Data Format†, , ",Data Format†,,
Knowledge capture,K-CAP,kcap,A,"Data Format†, , ",Data Format†,,
Knowledge Discovery and Data Mining in Biological Databases Meeting,KDDMBD,N/A,C,"Data Format†, , ",Data Format†,,
Knowledge and Data Engineering Exchange Workshop,KDEX,N/A,C,"Data Format†, , ",Data Format†,,
Knowledge Representation Meets Databases,KRDB,N/A,C,"Data Format†, , ",Data Format†,,
Mobility in Databases and Distributed Systems,MDDS,N/A,C,"Data Format†, , ",Data Format†,,
International Conference on Mobile Data Management,MDM,mdm,C,"Data Format†, , ",Data Format†,,
ACM International Workshop On Multimedia Databases,MMDB,N/A,C,"Data Format†, , ",Data Format†,,
Workshop on Data Engineering for Wireless and Mobile Access,MobiDE,N/A,C,"Data Format†, , ",Data Format†,,
ACM Symposium on Mobile Ad Hoc Networking and Computing,MOBIHOC,mobihoc,A,"Data Format†, , ",Data Format†,,
International Workshop on Modelling and Visualization of XML and Semantic Web Data,MOVIX,N/A,C,"Data Format†, , ",Data Format†,,
SPIE International Conference on Multimedia Storage and Archiving Systems,MSAS,N/A,C,"Data Format†, , ",Data Format†,,
IEEE Conference on Mass Storage Systems and Technologies,MSST,mss,C,"Data Format†, , ",Data Format†,,
International Symposium on Next Generation Data Base Systems and Applications,NGDB,N/A,C,"Data Format†, , ",Data Format†,,
Workshop on Network-Related Data Management,NRDM,N/A,C,"Data Format†, , ",Data Format†,,
New Security Paradigms Workshop,NSPW,nspw,C,"Data Format†, , ",Data Format†,,
International Conference on Pairing-based Cryptography,Pairing,N/A,C,"Data Format†, , ",Data Format†,,
Pacific-Asia Conference on Knowledge Discovery and Data Mining,PAKDD,pakdd,A,"Data Format†, , ",Data Format†,,
Workshop on New Technologies for Personalized Information Access,PIA,N/A,C,"Data Format†, , ",Data Format†,,
ACM SIGMOD-SIGACT-SIGART Conference on Principles of Database Systems,PODS,pods,A*,"Data Format†, , ",Data Format†,,
International Workshop on Post-Quantum Cryptography,PQCrypto,pqcrypto,C,"Data Format†, , ",Data Format†,,
Privacy in Statistical Databases,PSD,psd,C,"Data Format†, , ",Data Format†,,
"Annual Conference on Privacy, Security and Trust",PST,pst,C,"Data Format†, , ",Data Format†,,
International Workshop on the Sate of the Art in Cryptology and New Challenges Ahead,Quo Vadis Cryptology,N/A,C,"Data Format†, , ",Data Format†,,
"The International Symposium on Research in Attacks, Intrusions and Defenses (was International Symposium on Recent Advances in Intrusion Detection)",RAID,raid,A,"Data Format†, , ",Data Format†,,
International Workshop on Research Issues in Data Engineering,RIDE,N/A,B,"Data Format†, , ",Data Format†,,
Cryptographers Track at RSA Conference,CT-RSA,ctrsa,B,"Data Format†, , ",Data Format†,,
Workshop on Real-Time Databases,RTDB,N/A,C,"Data Format†, , ",Data Format†,,
ACM Symposium on Applied Computing,SAC,sac,B,"Data Format†, , ",Data Format†,,
State of the Art of Stream Ciphers,SASC,N/A,C,"Data Format†, , ",Data Format†,,
International Symposium on Spatial Data Handling,SDH,N/A,C,"Data Format†, Urban and Regional Planning†, ",Data Format†,Urban and Regional Planning†,
SIAM International Conference on Data Mining,SDM,sdm,A,"Data Format†, , ",Data Format†,,
International Conference on Information Security and Cryptography,SECRYPT,secrypt,B,"Data Format†, , ",Data Format†,,
Special-purpose Hardware for Attacking Cryptographic Systems,SHARCS,N/A,C,"Data Format†, , ",Data Format†,,
ACM SIGIR Workshop on XML and Information Retrieval,SIGIR/XML,N/A,C,"Data Format†, , ",Data Format†,,
ACM International Conference on Knowledge Discovery and Data Mining,KDD,kdd,A*,"Data Format†, , ",Data Format†,,
Lexical Semantics and Knowledge Representation,SIGLEX,N/A,C,"Data Format†, , ",Data Format†,,
ACM Special Interest Group on Management of Data Conference,SIGMOD,sigmod,A*,"Data Format†, , ",Data Format†,,
ACM Symposium on Principles of Database Systems,SPDS,N/A,C,"Data Format†, , ",Data Format†,,
Software Performance Enhancement for Encryption and Decryption,SPEED,N/A,C,"Data Format†, , ",Data Format†,,
Storage and Retrieval for Media Databases (was Storage and Retrieval for Image and Video Databases),SRMD,N/A,C,"Data Format†, , ",Data Format†,,
International Conference on Scientific and Statistical Data Base Management,SSDBM,ssdbm,A,"Data Format†, , ",Data Format†,,
IEEE International Workshop on Databases for Next-Generation Researchers,SWOD,N/A,C,"Data Format†, , ",Data Format†,,
International Workshop on Temporal Databases,TDB,N/A,C,"Data Format†, , ",Data Format†,,
Trustworthy Interfaces for Passwords and Personal Information workshop,TIPPI,N/A,C,"Data Format†, , ",Data Format†,,
IFIP Working Conference on Visual Database Systems,VDbS,N/A,B,"Data Format†, , ",Data Format†,,
SPIE Conference on Visual Data Exploration and Analysis,VDEA,N/A,C,"Data Format†, , ",Data Format†,,
International Conference on Very Large Databases,VLDB,vldb,A*,"Data Format†, , ",Data Format†,,
Workshop on Cryptography for Ad hoc Networks,WCAN,N/A,C,"Data Format†, , ",Data Format†,,
International Conference on Knowledge Discovery and Data Mining,WKDD,N/A,C,"Data Format†, , ",Data Format†,,
International Workshop on Software Quality,WoSQ,N/A,C,"Data Format†, , ",Data Format†,,
Workshop on Robust Shape Operations,WRSO,N/A,C,"Data Format†, , ",Data Format†,,
ACM International Conference on Web Search and Data Mining,WSDM,wsdm,A*,"Data Format†, Distributed Computing†, Library and Information Studies†",Data Format†,Distributed Computing†,Library and Information Studies†
International XML Database Symposium,Xsym,N/A,C,"Data Format†, , ",Data Format†,,
ACM International Conference on Systems for Energy-Efficient Built Environments,BuildSys,N/A,A,"Distributed Computing†, Computer Hardware†, ",Distributed Computing†,Computer Hardware†,
International Conference on Smart homes and health Telematics,ICOST,icost,C,"Distributed Computing†, Information Systems†, Communications Technologies†",Distributed Computing†,Information Systems†,Communications Technologies†
The International Conference on Intelligent Environments,IE,intenv,C,"Distributed Computing†, , ",Distributed Computing†,,
International Conference on Emerging Ubiquitous Systems and Pervasive Networks,EUSPN,euspn,Unranked,"Distributed Computing†, , ",Distributed Computing†,,
"IEEE International Conference on Wireless and Mobile Computing, Networking and Communications",WiMob,wimob,B,"Distributed Computing†, Communications Technologies†, ",Distributed Computing†,Communications Technologies†,
International Conference on High Performance Computing,HiPC,hipc,B,"Distributed Computing†, , ",Distributed Computing†,,
International Symposium on Algorithms and Experiments for Wireless Networks,Algosensors,algosensors,C,"Distributed Computing†, Communications Technologies†, ",Distributed Computing†,Communications Technologies†,
ACM International Wireless Communications and Mobile Computing Conference,IWCMC,iwcmc,B,"Distributed Computing†, Computer Hardware†, ",Distributed Computing†,Computer Hardware†,
International Conference on Embedded Wireless Systems and Networks (wasEuropean Conference on Wireless Sensor Networks),EWSN,ewsn,A,"Distributed Computing†, Communications Technologies†, ",Distributed Computing†,Communications Technologies†,
International Conference on AD-HOC Networks and Wireless,ADHOC-NOW,adhoc-now,B,"Distributed Computing†, Communications Technologies†, ",Distributed Computing†,Communications Technologies†,
International Conference on Ubiquitous Intelligence and Computing,UIC,uic,B,"Distributed Computing†, Artificial Intelligence and Image Processing†, ",Distributed Computing†,Artificial Intelligence and Image Processing†,
Testbeds and Research Infrastructures for the Development of Networks and Communities,TridentCom,tridentcom,B,"Distributed Computing†, , ",Distributed Computing†,,
IEEE International Symposium on Parallel and Distributed Processing with Applications,ISPA,ispa,B,"Distributed Computing†, , ",Distributed Computing†,,
"International Conference on Mobile Ubiquitous Computing, Systems, Services and Technologies",UBICOMM,N/A,C,"Distributed Computing†, , ",Distributed Computing†,,
International Conference on Parallel Processing,ICPP,icpp,A,"Distributed Computing†, , ",Distributed Computing†,,
The International Conference on Future Networks and Communications,FNC,fnc,Unranked,"Distributed Computing†, Other Information and Computing Sciences†, Communications Technologies†",Distributed Computing†,Other Information and Computing Sciences†,Communications Technologies†
ACM Conference on Embedded Networked Sensor Systems,SENSYS,sensys,A*,"Distributed Computing†, Computer Hardware†, ",Distributed Computing†,Computer Hardware†,
Information Processing in Sensor Networks,IPSN,ipsn,A*,"Distributed Computing†, Computer Hardware†, ",Distributed Computing†,Computer Hardware†,
"International Conference on Parallel and Distributed Computing, Applications and Technologies",PDCAT,pdcat,B,"Distributed Computing†, , ",Distributed Computing†,,
International Conference on Internet Computing in Science and Engineering,ICICSE,N/A,C,"Distributed Computing†, , ",Distributed Computing†,,
Asia-Pacific Services Computing Conference,APSCC,N/A,C,"Distributed Computing†, , ",Distributed Computing†,,
International Conference on Web Information Systems Engineering,WISE,wise,A,"Distributed Computing†, Information Systems†, ",Distributed Computing†,Information Systems†,
International Teletraffic Congress,ITC,teletraffic,Unranked,"Distributed Computing†, , ",Distributed Computing†,,
Australian Supercomputing Conference,ACS,N/A,Australasian,"Distributed Computing†, , ",Distributed Computing†,,
Application of Concurrency to System Design,ACSD,acsd,B,"Distributed Computing†, , ",Distributed Computing†,,
International Conference on Advanced Computing and Communications,AdCom,N/A,B,"Distributed Computing†, , ",Distributed Computing†,,
International Conference on Advanced Information Networking and Applications (was ICOIN),AINA,aina,B,"Distributed Computing†, , ",Distributed Computing†,,
Asian International Mobile Computing Conference,AMOC,N/A,C,"Distributed Computing†, , ",Distributed Computing†,,
Asia-Pacific Network Operations and Management Symposium,APNOMS,apnoms,C,"Distributed Computing†, , ",Distributed Computing†,,
Australasian Conference on Parallel and Real-Time Systems,APRTS,N/A,Australasian,"Distributed Computing†, , ",Distributed Computing†,,
Web and Big Data,APWEB,apweb,B,"Distributed Computing†, , ",Distributed Computing†,,
Advanced Research in VLSI,ARVLSI,N/A,C,"Distributed Computing†, , ",Distributed Computing†,,
"International Conference on Application-specific Systems, Architectures and Processors",ASAP,asap,A,"Distributed Computing†, , ",Distributed Computing†,,
Workshop on Ad Hoc and Ubiquitous computing,AUC,N/A,C,"Distributed Computing†, , ",Distributed Computing†,,
Australasian Symposium on Grid Computing and e-Research (now AusPDC),AusGrid,N/A,Australasian,"Distributed Computing†, , ",Distributed Computing†,,
Australasian Symposium on Parallel and Distributed Computing (was AusGrid),AusPDC,N/A,Australasian,"Distributed Computing†, , ",Distributed Computing†,,
Australian World Wide Web Conference,AusWeb,N/A,Australasian,"Distributed Computing†, , ",Distributed Computing†,,
"IEEE International Symposium on Cluster, Cloud and Grid Computing",CCGRID,ccgrid,A,"Distributed Computing†, , ",Distributed Computing†,,
International Conference on Communications in Computing,CIC,N/A,C,"Distributed Computing†, , ",Distributed Computing†,,
Challenges of Large Applications in Distributed Environments,CLADE,N/A,C,"Distributed Computing†, , ",Distributed Computing†,,
IEEE International Conference on Cluster Computing,CLUSTER,cluster,A,"Distributed Computing†, , ",Distributed Computing†,,
International Conference on Network and Service Management (amalgamation of DSOM and related workshops from 2010),CNSM,cnsm,B,"Distributed Computing†, , ",Distributed Computing†,,
ACM International Conference on Emerging Networking Experiments and Technologies,CoNEXT,conext,A,"Distributed Computing†, , ",Distributed Computing†,,
Conference on Algorithms and Hardware for Parallel Processing,CONPAR,N/A,C,"Distributed Computing†, , ",Distributed Computing†,,
International Symposium on Collaborative Technologies and Systems,CTS,N/A,C,"Distributed Computing†, , ",Distributed Computing†,,
IFIP International Conference on Distributed Applications and Interoperable Systems,DAIS,dais,B,"Distributed Computing†, , ",Distributed Computing†,,
"Symposium on Design, Analysis, and Simulation of Distributed Systems",DASD,N/A,C,"Distributed Computing†, , ",Distributed Computing†,,
IEEE International Conference on Distributed Computing in Sensor Systems,DCOSS,dcoss,B,"Distributed Computing†, , ",Distributed Computing†,,
International Conference on Distributed Frameworks for Multimedia Applications,DFMA,N/A,C,"Distributed Computing†, , ",Distributed Computing†,,
International Symposium on Distributed Computing (was WDAG),DISC,wdag,A,"Distributed Computing†, , ",Distributed Computing†,,
International Symposium on Distributed Simulation and Real Time Applications,DS-RT,dsrt,B,"Distributed Computing†, Information Systems†, ",Distributed Computing†,Information Systems†,
IEEE International Conference on e-Science and Grid Computing,e-Science,eScience,A,"Distributed Computing†, , ",Distributed Computing†,,
European Conference on Universal Multiservice Networks,ECUMN,N/A,C,"Distributed Computing†, , ",Distributed Computing†,,
Enabling Grids for E-Science European Conference,EGEE,N/A,C,"Distributed Computing†, , ",Distributed Computing†,,
European MPI Users' Group Conference,EuroMPI,pvm,C,"Distributed Computing†, , ",Distributed Computing†,,
IEEE International Workshop on Future Trends of Distributed Computing Systems,FTDCS,N/A,C,"Distributed Computing†, , ",Distributed Computing†,,
"International Conference on Grid computing, high-performance and Distributed Applications",GADA,N/A,C,"Distributed Computing†, , ",Distributed Computing†,,
International Conference on Grid Computing and Applications,GCA,N/A,C,"Distributed Computing†, , ",Distributed Computing†,,
International Conference on Grid and Cooperative Computing,GCC,N/A,C,"Distributed Computing†, , ",Distributed Computing†,,
"International Conference on Green, Pervasive and Cloud Computing (was Grid and Pervasive Computing)",GPC,gpc,C,"Distributed Computing†, , ",Distributed Computing†,,
IEEE/ACM International Conference on Grid Computing,GRID,N/A,A,"Distributed Computing†, , ",Distributed Computing†,,
Heterogeneity in Computing Workshop,HCW,N/A,B,"Distributed Computing†, , ",Distributed Computing†,,
International Workshop on High-Level Parallel Programming Models and Supportive Environments,HIPS,N/A,C,"Distributed Computing†, , ",Distributed Computing†,,
International workshop on High-Level Parallel Programming and Applications,HLPP,N/A,C,"Distributed Computing†, , ",Distributed Computing†,,
IEEE Symposium on High-Performance Interconnects,HOTI,hoti,B,"Distributed Computing†, , ",Distributed Computing†,,
Workshop on Mobile Computing Systems and Applications,HOTMOBILE,wmcsa,C,"Distributed Computing†, , ",Distributed Computing†,,
International Workshop on Hot topics in Peer-to-Peer Systems,HotP2P,N/A,C,"Distributed Computing†, , ",Distributed Computing†,,
International Conference and Exhibition on High Performance Computing in the Asia-Pacific Region,HPC Asia,hpcasia,B,"Distributed Computing†, , ",Distributed Computing†,,
IEEE International Conference on High Performance Computing and Communications,HPCC,hpcc,B,"Distributed Computing†, , ",Distributed Computing†,,
"International Conference on High Performance Computing, Networking and Communication Systems",HPCNCS,N/A,B,"Distributed Computing†, Computer Hardware†, ",Distributed Computing†,Computer Hardware†,
ACM International Symposium on High Performance Distributed Computing,HPDC,hpdc,A,"Distributed Computing†, , ",Distributed Computing†,,
High-Performance Grid Computing Workshop (part of IPDPS Conference),HPGrid,N/A,C,"Distributed Computing†, , ",Distributed Computing†,,
International Conference on High Performance Scientific Computing,HPSC,N/A,C,"Distributed Computing†, , ",Distributed Computing†,,
ACM Conference on Hypertext and Social Media,Hypertext,ht,A,"Distributed Computing†, Information Systems†, ",Distributed Computing†,Information Systems†,
"International Symposium on Parallel Architectures, Algorithms and Networks",I-SPAN,ispan,B,"Distributed Computing†, , ",Distributed Computing†,,
International Conference on Computer Communication and Networks,ICCCN,icccn,A,"Distributed Computing†, , ",Distributed Computing†,,
International Conference on Algorithms and Architectures for Parallel Processing,ICA3PP,ica3pp,B,"Distributed Computing†, , ",Distributed Computing†,,
IEEE International Conference on Autonomic Computing,ICAC,icac,B,"Distributed Computing†, , ",Distributed Computing†,,
International Conference on Distributed Computing and Internet Technologies,ICDCIT,icdcit,C,"Distributed Computing†, , ",Distributed Computing†,,
International Conference on Distributed Computing and Networking,ICDCN,icdcn,B,"Distributed Computing†, , ",Distributed Computing†,,
International Conference on Distributed Computing Systems,ICDCS,icdcs,A,"Distributed Computing†, , ",Distributed Computing†,,
International Conference on Mobile Business,ICMB,N/A,C,"Distributed Computing†, , ",Distributed Computing†,,
International Conference on Parallel and Distributed Systems,ICPADS,icpads,B,"Distributed Computing†, , ",Distributed Computing†,,
International Conference on Pervasive Computing and Applications,ICPCA,N/A,C,"Distributed Computing†, , ",Distributed Computing†,,
International Conference on Pervasive Services,ICPS,N/A,C,"Distributed Computing†, , ",Distributed Computing†,,
ACM International Conference on Supercomputing,ICS,ics,A,"Distributed Computing†, , ",Distributed Computing†,,
International Conference on Service Oriented Computing,ICSOC,icsoc,A,"Distributed Computing†, , ",Distributed Computing†,,
IEEE International Conference on Wireless Information Technology and Systems,ICWITS,N/A,B,"Distributed Computing†, , ",Distributed Computing†,,
IEEE Consumer Communications and Networking Conference,IEEE CCNC,ccnc,B,"Distributed Computing†, , ",Distributed Computing†,,
IEEE International Conference on High Performance Computing and Simulation,IEEE HPCS,ieeehpcs,B,"Distributed Computing†, , ",Distributed Computing†,,
IEEE International Conference on Computer Communications,INFOCOM,infocom,A*,"Distributed Computing†, , ",Distributed Computing†,,
IEEE International Symposium on Network Computing and Applications,NCA,nca,A,"Distributed Computing†, , ",Distributed Computing†,,
International Conference on Networked Computing,INC,N/A,C,"Distributed Computing†, , ",Distributed Computing†,,
International Conference on Advanced Communications and Computation,INFOCOMP,N/A,Unranked,"Distributed Computing†, , ",Distributed Computing†,,
International Conference on Intelligent Pervasive Computing,IPC,N/A,C,"Distributed Computing†, , ",Distributed Computing†,,
IEEE International Performance Computing and Communications Conference,IPCCC,ipccc,B,"Distributed Computing†, , ",Distributed Computing†,,
IEEE International Parallel and Distributed Processing Symposium (was IPPS and SPDP),IPDPS,ipps,A,"Distributed Computing†, , ",Distributed Computing†,,
International Symposium on Autonomous Decentralized Systems,ISADS,isads,C,"Distributed Computing†, , ",Distributed Computing†,,
ISC High Performance (was International Supercomputing Conference),ISC,supercomputer,C,"Distributed Computing†, , ",Distributed Computing†,,
International Symposium on Grids and Clouds (was International Symposium on Grid Computing),ISGC,N/A,C,"Distributed Computing†, , ",Distributed Computing†,,
IEEE International Symposium on Real-Time Distributed Computing,ISORC,isorc,C,"Distributed Computing†, , ",Distributed Computing†,,
International Symposium on Parallel and Distributed Computing,ISPDC,ispdc,C,"Distributed Computing†, , ",Distributed Computing†,,
IEEE International Workshop on Quality of Service,IWQoS,iwqos,B,"Distributed Computing†, , ",Distributed Computing†,,
Workshop on Job Scheduling Strategies for Parallel Processing,JSSPP,jsspp,B,"Distributed Computing†, , ",Distributed Computing†,,
International Conference on High-Performance Clustered Computing (International Conference on Linux Clusters),LCI,N/A,C,"Distributed Computing†, , ",Distributed Computing†,,
Symposium on Frontiers of Massively Parallel Processing,MassPar,N/A,A,"Distributed Computing†, , ",Distributed Computing†,,
International Workshop on Middleware for Grid Computing,MGC,N/A,C,"Distributed Computing†, , ",Distributed Computing†,,
International Conference on Mobile and Ubiquitous Systems: Networks and Services,Mobiquitous,mobiquitous,A,"Distributed Computing†, , ",Distributed Computing†,,
"ACM SIGMOBILE International Conference on Mobile Systems, Applications and Services",Mobisys,mobisys,B,"Distributed Computing†, , ",Distributed Computing†,,
International Conference on Advances in Mobile Computing and Multimedia,MOMM,momm,B,"Distributed Computing†, Design Practice and Management†, ",Distributed Computing†,Design Practice and Management†,
Summer School on Modelling and Verification of Parallel Processes,MOVEP,N/A,C,"Distributed Computing†, , ",Distributed Computing†,,
International Conference on Massively Parallel Computing Systems,MPCS,N/A,B,"Distributed Computing†, , ",Distributed Computing†,,
Massively Parallel Processing Using Optional Interconnections,MPPOI,N/A,B,"Distributed Computing†, , ",Distributed Computing†,,
International Symposium on the Mathematical Theory of Networks and Systems,MTNS,N/A,C,"Distributed Computing†, , ",Distributed Computing†,,
Network Storage Symposium,NetStore,N/A,A,"Distributed Computing†, , ",Distributed Computing†,,
Workshop on Nature Inspired Distributed Computing,NISDIC,N/A,C,"Distributed Computing†, , ",Distributed Computing†,,
IFIP International Conference on Network and Parallel Computing,NPC,npc,C,"Distributed Computing†, , ",Distributed Computing†,,
"Symposium on Networked Systems, Design and Implementation",NSDI,nsdi,B,"Distributed Computing†, , ",Distributed Computing†,,
IFIP International Conference on Open Distributed Processing,ODP,N/A,B,"Distributed Computing†, , ",Distributed Computing†,,
IEEE Conference on Open Architecture and Network Programming,OPENARCH,N/A,A,"Distributed Computing†, , ",Distributed Computing†,,
International Conference on Principles of Distributed Systems,OPODIS,opodis,B,"Distributed Computing†, , ",Distributed Computing†,,
International Conference on Parallel Architecture and Compilation Techniques,PACT,IEEEpact,A,"Distributed Computing†, , ",Distributed Computing†,,
ACM SIGSIM Conference on Principles of Advanced Discrete Simulation (was Parallel and Distributed Simulation),PADS,pads,B,"Distributed Computing†, , ",Distributed Computing†,,
Parallel Computing,PARCO,parco,C,"Distributed Computing†, , ",Distributed Computing†,,
International Parallel Computing Workshop,PCW,N/A,C,"Distributed Computing†, , ",Distributed Computing†,,
Parallel and Distributed Information Systems,PDIS,N/A,C,"Distributed Computing†, , ",Distributed Computing†,,
"Euromicro International Conference on Parallel, Distributed and Network Based Processing",PDP,pdp,C,"Distributed Computing†, , ",Distributed Computing†,,
International Conference on Parallel and Distributed Processing Techniques and Applications,PDPTA,N/A,B,"Distributed Computing†, , ",Distributed Computing†,,
IEEE International Conference on Pervasive Computing and Communications,PERCOM,percom,A*,"Distributed Computing†, , ",Distributed Computing†,,
ACM Symposium on Principles of Distributed Computing,PODC,podc,A*,"Distributed Computing†, , ",Distributed Computing†,,
International Conference on Parallel Processing and Applied Mathematics,PPAM,ppam,C,"Distributed Computing†, , ",Distributed Computing†,,
Principles and Practice of Parallel Programming,PPoPP,ppopp,A,"Distributed Computing†, , ",Distributed Computing†,,
Pacific Rim International Symposium on Dependable Computing,PRDC,prdc,B,"Distributed Computing†, , ",Distributed Computing†,,
International Symposium on Computer Architecture and High Performance Computing,SBAC-PAD,sbac-pad,B,"Distributed Computing†, , ",Distributed Computing†,,
International Workshop on Software Engineering for High Performance Computing Applications,SE-HPC,N/A,C,"Distributed Computing†, , ",Distributed Computing†,,
Workshop on Service Oriented Computing,SOCASE,N/A,C,"Distributed Computing†, , ",Distributed Computing†,,
Symposium on Parallelism in Algorithms and Architectures,SPAA,spaa,A,"Distributed Computing†, , ",Distributed Computing†,,
Symposium on Reliable Distributed Systems,SRDS,srds,A,"Distributed Computing†, , ",Distributed Computing†,,
"Symposium on Stabilization, Safety, and Security of Distributed Systems",SSS,sss,C,"Distributed Computing†, , ",Distributed Computing†,,
The International Conference on Semantic Web and Web Services,SWWS,N/A,C,"Distributed Computing†, , ",Distributed Computing†,,
ACM International Joint Conference on Pervasive and Ubiquitous Computing (PERVASIVE and UbiComp combined from 2013),UbiComp,huc,A*,"Distributed Computing†, , ",Distributed Computing†,,
Unix Symposium on Internet Technologies,USITS,N/A,A,"Distributed Computing†, , ",Distributed Computing†,,
"International Meeting on High Performance Computing for Computational Science (previously International Meeting Vector and Parallel Processing, changed in 2002)",VECPAR,vecpar,B,"Distributed Computing†, , ",Distributed Computing†,,
Workshop on Computer Architecture Education,WCAE,wcae,C,"Distributed Computing†, , ",Distributed Computing†,,
IEEE International Conference on Parallel Processing Workshops,WoPP,N/A,C,"Distributed Computing†, , ",Distributed Computing†,,
International World Wide Web Conference,WWW,www,A*,"Distributed Computing†, Information Systems†, Library and Information Studies†",Distributed Computing†,Information Systems†,Library and Information Studies†
European SPI,EuroSPI,eurospi,B,"Information Systems†, , ",Information Systems†,,
World Conference on Information Systems and Technologies,WorldCIST,worldcist,C,"Information Systems†, Computer Software†, ",Information Systems†,Computer Software†,
Iberian Conference on Information Systems and Technologies,CISTI,N/A,Regional,"Information Systems†, Computer Software†, ",Information Systems†,Computer Software†,
Asian Conference on Intelligent Information and Database Systems,ACIIDS,aciids,Unranked,"Information Systems†, Artificial Intelligence and Image Processing†, Library and Information Studies†",Information Systems†,Artificial Intelligence and Image Processing†,Library and Information Studies†
CENTERIS - Conference on ENTERprise Information Systems,CENTERIS,N/A,Unranked,"Information Systems†, , ",Information Systems†,,
Engineering Interactive Computing Systems,EICS,eics,Unranked,"Information Systems†, Computer Software†, ",Information Systems†,Computer Software†,
IEEE international conference on ehealth networking applications and services (was International Workshop on Enterprise Networking and Computing in Health Care Industry; changed 2006),HealthCom,healthcom,C,"Information Systems†, , ",Information Systems†,,
International Conference on Digital Economy,ICDEc,icdec,Unranked,"Information Systems†, Business and Management†, ",Information Systems†,Business and Management†,
International Conference on the Theory of Information Retrieval,ICTIR,ictir,Unranked,"Information Systems†, Artificial Intelligence and Image Processing†, Library and Information Studies†",Information Systems†,Artificial Intelligence and Image Processing†,Library and Information Studies†
European Conference on Information Retrieval,ECIR,ecir,A,"Information Systems†, Library and Information Studies†, ",Information Systems†,Library and Information Studies†,
ACM International Conference on Advances in Geographic Information Systems,SIGSPATIAL,gis,A,"Information Systems†, , ",Information Systems†,,
EURO AMERICAN CONFERENCE ON TELEMATICS AND INFORMATION SYSTEMS,EATIS,eatis,C,"Information Systems†, Distributed Computing†, Information and Computing Sciences†",Information Systems†,Distributed Computing†,Information and Computing Sciences†
ACM International Conference on Information and Knowledge Management,CIKM,cikm,A,"Information Systems†, Artificial Intelligence and Image Processing†, Library and Information Studies†",Information Systems†,Artificial Intelligence and Image Processing†,Library and Information Studies†
International Conference on Web Information Systems and Technologies,WEBIST,webist,C,"Information Systems†, , ",Information Systems†,,
European Conference on Digital Government (was European Conference on e-Government ECEG),ECDG,N/A,C,"Information Systems†, , ",Information Systems†,,
International Conference on Information Processing and Management of Uncertainty,IPMU,ipmu,C,"Information Systems†, , ",Information Systems†,,
International Conference on Formal Ontology in Information Systems,FOIS,fois,A,"Information Systems†, , ",Information Systems†,,
International Workshop on Advanced Architectures and Algorithms for Internet Delivery and Applications,AAA-IDEA,N/A,C,"Information Systems†, , ",Information Systems†,,
Conference on Algorithmic Aspects in Information and Management,AAIM,aaim,C,"Information Systems†, , ",Information Systems†,,
"ACM International Conference on Advances in Computer Entertainment (merged with DIMEA, Digital Interactive Media in Entertainment and Arts, in 2009)",ACE,N/A,B,"Information Systems†, Design Practice and Management†, ",Information Systems†,Design Practice and Management†,
International Conference on Advances in Computer-Human Interactions,ACHI,N/A,C,"Information Systems†, , ",Information Systems†,,
Australasian Conference on Information Systems,ACIS,N/A,Australasian,"Information Systems†, , ",Information Systems†,,
ACM SIGMIS Computers and People Research,ACM-SIGMIS CPR,sigcpr,B,"Information Systems†, , ",Information Systems†,,
Advances in Information Systems,ADVIS,N/A,C,"Information Systems†, , ",Information Systems†,,
Accounting and Finance Association of Australia and New Zealand Conference,AFAANZ,N/A,Australasian,"Information Systems†, , ",Information Systems†,,
Australian Game Developers Conference,AGDC,N/A,Australasian,"Information Systems†, , ",Information Systems†,,
Australian Institute of Computer Ethics Conference,AICE,N/A,Australasian,"Information Systems†, , ",Information Systems†,,
Asia Information Retrieval Symposium,AIRS,airs,C,"Information Systems†, Library and Information Studies†, ",Information Systems†,Library and Information Studies†,
International Conference on Informatics Education and Research,AIS SIGED: IAIM,N/A,B,"Information Systems†, , ",Information Systems†,,
Australasia Conference on Information Security and Privacy,AISP,N/A,Australasian,"Information Systems†, , ",Information Systems†,,
International Conference on Advanced Language Processing and Web Information Technology,ALPIT,N/A,C,"Information Systems†, , ",Information Systems†,,
Americas Conference on Information Systems,AMCIS,amcis,A,"Information Systems†, , ",Information Systems†,,
American Medical Informatics Annual Fall Symposium,AMIA,amia,A,"Information Systems†, , ",Information Systems†,,
IEEE Symposium on Advanced Management of Information for Globalized Enterprises,AMIGE,N/A,C,"Information Systems†, , ",Information Systems†,,
Australian and New Zealand Academy of Management Conference,ANZAM,N/A,Australasian,"Information Systems†, , ",Information Systems†,,
Australian and New Zealand Intelligent Information Systems Conference,ANZIIS,N/A,Australasian,"Information Systems†, , ",Information Systems†,,
Australian and New Zealand Marketing Academy Conference,ANZMAC,N/A,Australasian,"Information Systems†, , ",Information Systems†,,
Internet Research,AOIR,N/A,C,"Information Systems†, , ",Information Systems†,,
Asia Pacific Research Symposium on Accounting Information Systems,APRSAIS,N/A,C,"Information Systems†, , ",Information Systems†,,
Australasian User Interface Conference,AUIC,N/A,Australasian,"Information Systems†, , ",Information Systems†,,
Australasian Urban and Regional Information Systems Association Conference,AURISA,N/A,Australasian,"Information Systems†, , ",Information Systems†,,
International Conference on Business Information Systems,BIS,N/A,B,"Information Systems†, , ",Information Systems†,,
International Workshop on Business Process Design,BPD,N/A,C,"Information Systems†, , ",Information Systems†,,
International Workshop on Business Process Intelligence,BPI,N/A,C,"Information Systems†, , ",Information Systems†,,
International Conference in Business Process Management,BPM,bpm,A,"Information Systems†, , ",Information Systems†,,
"International Workshop on Business Process Modelling, Development, and Support",BPMDS,N/A,C,"Information Systems†, , ",Information Systems†,,
Body Sensor Networks,BSN,bsn,C,"Information Systems†, , ",Information Systems†,,
International Conference on Creating Connecting and Collaborating through Computing,C5,N/A,C,"Information Systems†, , ",Information Systems†,,
International Conference on Advanced Information Systems Engineering,CaiSE,caise,A,"Information Systems†, , ",Information Systems†,,
Cultural Attitudes towards Technology and Communications,CATAC,N/A,B,"Information Systems†, , ",Information Systems†,,
International Conference on Email and Anti-Spam,CEAS,N/A,B,"Information Systems†, , ",Information Systems†,,
Joint International Conference on CyberGames and Interactive Entertainment,CGIE,N/A,C,"Information Systems†, , ",Information Systems†,,
International Conference on Human Factors in Computing Systems,CHI,chi,A*,"Information Systems†, Design Practice and Management†, ",Information Systems†,Design Practice and Management†,
ACM SIGCHI_NZ Conference on Human-Computer Interaction,SIGCHI-NZ,N/A,Australasian,"Information Systems†, , ",Information Systems†,,
Conference on Innovative Data Systems Research,CIDR,cidr,A,"Information Systems†, , ",Information Systems†,,
International Conference on Computer Information Systems and Industrial Management Applications,CISIM,N/A,C,"Information Systems†, , ",Information Systems†,,
Conference on Information Sciences and Systems,CISS,ciss,C,"Information Systems†, , ",Information Systems†,,
"Conference on Information Science, Technology and Management",CISTM,N/A,B,"Information Systems†, , ",Information Systems†,,
IEEE International Conference on Cloud Computing,CLOUD,IEEEcloud,B,"Information Systems†, , ",Information Systems†,,
IEEE International Conference on Cloud Computing Technology and Science (International Conference on Cloud Computing pre 2010),CloudCom,cloudcom,C,"Information Systems†, , ",Information Systems†,,
"International Conference on Hardware/Software Codesign and System Synthesis (previously ISSN, changed in 2003)",CODES+ISSS,codesisss,C,"Information Systems†, , ",Information Systems†,,
"International Conference on Collaborative Computing: Networks, Applications and Worksharing",CollaborateCom,colcom,C,"Information Systems†, , ",Information Systems†,,
Collaborative Electronic Commerce Technology and Research,CollECTeR,N/A,B,"Information Systems†, , ",Information Systems†,,
International Conference on Management of Data,COMAD,comad,B,"Information Systems†, , ",Information Systems†,,
International Conference on Information Resources Management,Conf-IRM,N/A,B,"Information Systems†, , ",Information Systems†,,
International Conference on Cooperative Information Systems,CoopIS,N/A,A,"Information Systems†, , ",Information Systems†,,
Computer Supported Collaborative Learning,CSCL,cscl,A,"Information Systems†, , ",Information Systems†,,
ACM Conference on Computer Supported Cooperative Work,CSCW,cscw,A,"Information Systems†, , ",Information Systems†,,
International Conference on Computer Supported Cooperative Work in Design,CSCWD,cscwd,B,"Information Systems†, Design Practice and Management†, ",Information Systems†,Design Practice and Management†,
Data Semantics in Web Information Systems,DASWIS,N/A,C,"Information Systems†, , ",Information Systems†,,
Distributed Communities on the Web Workshop,Dcw,N/A,C,"Information Systems†, , ",Information Systems†,,
International Conference on Design Science Research in Information Systems and Technology,DESRIST,desrist,A,"Information Systems†, , ",Information Systems†,,
International Conference on Digital Government Research,DGO,N/A,B,"Information Systems†, , ",Information Systems†,,
Digital Games Research Conference,DIGRA,digra,C,"Information Systems†, , ",Information Systems†,,
Designing Interactive Systems,DIS,ACMdis,B,"Information Systems†, Design Practice and Management†, ",Information Systems†,Design Practice and Management†,
Internationale Tagung Wirtschaftsinformatik,DITW,N/A,C,"Information Systems†, , ",Information Systems†,,
ACM Symposium on Document Engineering,DocEng,doceng,B,"Information Systems†, , ",Information Systems†,,
Deductive and Object-Oriented Databases,DOOD,dood,A,"Information Systems†, , ",Information Systems†,,
Annual Meeting of the Decision Sciences Institute,DSI,N/A,C,"Information Systems†, , ",Information Systems†,,
Design for User Experience,DUX,N/A,B,"Information Systems†, Design Practice and Management†, ",Information Systems†,Design Practice and Management†,
European Conference on Information Management and Evaluation,ECIME,N/A,C,"Information Systems†, , ",Information Systems†,,
European Conference on Information Systems,ECIS,ecis,A,"Information Systems†, , ",Information Systems†,,
European Conference of Information Warfare,ECIW,N/A,C,"Information Systems†, , ",Information Systems†,,
IEEE European Conference on Web Services,ECOWS,N/A,C,"Information Systems†, , ",Information Systems†,,
European Conference on Research Methodology for Business and Management Studies,ECRM,N/A,C,"Information Systems†, , ",Information Systems†,,
European Conference on Computer Supported Cooperative Work,ECSCW,ecscw,B,"Information Systems†, , ",Information Systems†,,
International Conference on Electronic Commerce and Web Technology,ECWeb,N/A,B,"Information Systems†, , ",Information Systems†,,
IEEE International Enterprise Distributed Object Computing Conference,EDOC,edoc,B,"Information Systems†, , ",Information Systems†,,
"IEEE International Conference on Enterprise Computing, E-Commerce and E-Services",EEE,N/A,C,"Information Systems†, , ",Information Systems†,,
International Conference on Enterprise Information Systems and Web Technologies,EISWT,N/A,C,"Information Systems†, , ",Information Systems†,,
European Conference on Knowledge Management,EKM,N/A,B,"Information Systems†, , ",Information Systems†,,
"European, Mediterranean and Middle Eastern Conference on Information Systems",EMCIS,N/A,B,"Information Systems†, , ",Information Systems†,,
Exploring Modelling Methods in Systems Analysis and Design,EMMSAD,emmsad,C,"Information Systems†, , ",Information Systems†,,
International Conference on Information and Communication Technologies in Tourism,ENTER,enter,C,"Information Systems†, , ",Information Systems†,,
International Workshop on Enterprise and Organizational Modelling and Simulation,EOMAS,N/A,C,"Information Systems†, , ",Information Systems†,,
ETHICOMP Conference,ETHICOMP,N/A,B,"Information Systems†, , ",Information Systems†,,
IEEE/IFIP International Conference on Embedded and Ubiquitous Computing,EUC,euc,C,"Information Systems†, , ",Information Systems†,,
European Natural Language Generation Workshop,EuroNLG,N/A,B,"Information Systems†, , ",Information Systems†,,
International Workshop on Formal Methods for interactive Systems,FMIS,N/A,C,"Information Systems†, , ",Information Systems†,,
New Zealand Game Developers Conference,NZGDC,N/A,C,"Information Systems†, , ",Information Systems†,,
Game Developers Conference,GDC,N/A,C,"Information Systems†, , ",Information Systems†,,
International Conference of Society for Group Decision and Negotiation,GDN,N/A,B,"Information Systems†, , ",Information Systems†,,
GIS Planet Conference,GISPlanet,N/A,C,"Information Systems†, , ",Information Systems†,,
Global Information Technology Management Association World Conference,GITMA,N/A,B,"Information Systems†, , ",Information Systems†,,
ACM Special Interest Group on Supporting Group Work (was SIGGRoup),Group,group,B,"Information Systems†, , ",Information Systems†,,
British Computer Society Conference on Human-Computer Interaction,HCI,N/A,National,"Information Systems†, , ",Information Systems†,,
International Conference on Health Informatics,Healthinf,N/A,C,"Information Systems†, , ",Information Systems†,,
Health Informatics Conference,HIC,N/A,Australasian,"Information Systems†, , ",Information Systems†,,
Hawaii International Conference on System Sciences,HICSS,hicss,A,"Information Systems†, , ",Information Systems†,,
Human System Interaction,HSI,hsi,C,"Information Systems†, , ",Information Systems†,,
IEEE Workshop on Hot Topics in Web Systems and Technologies,HotWeb,N/A,B,"Information Systems†, , ",Information Systems†,,
International Conference on Innovations for Community Services (was Innovative Internet Computer Systems IICS until 2014),I4CS,iics,C,"Information Systems†, , ",Information Systems†,,
Annual Conference of the International Academy for Information Management,IAIM,N/A,C,"Information Systems†, , ",Information Systems†,,
IEEE International Augmented Reality Toolkit Workshop,IARTW,N/A,C,"Information Systems†, , ",Information Systems†,,
"International Conference on Intelligent Agents, Web Technologies, and Internet Commerce",IAWTIC,N/A,B,"Information Systems†, , ",Information Systems†,,
International Business Information Management,IBIMA,N/A,B,"Information Systems†, , ",Information Systems†,,
International Conference on Internet Computing,IC,N/A,B,"Information Systems†, , ",Information Systems†,,
IEEE International Conference on Document Analysis and Recognition,ICDAR,icdar,A,"Information Systems†, , ",Information Systems†,,
International Conference on e-Business,ICEB,N/A,B,"Information Systems†, , ",Information Systems†,,
International Conference on Entertainment Computing,ICEC,iwec,C,"Information Systems†, , ",Information Systems†,,
International Conference on Enterprise Integration and Modelling Technology,ICEIMT,N/A,C,"Information Systems†, , ",Information Systems†,,
International Conference on Enterprise Information Systems,ICEIS,N/A,C,"Information Systems†, , ",Information Systems†,,
International Joint Conference on e-Business and Telecommunications,ICETE,N/A,C,"Information Systems†, , ",Information Systems†,,
International Conference on Information Quality,ICIQ,N/A,Unranked,"Information Systems†, , ",Information Systems†,,
International Conference on Internet and Web Applications and Services,ICIW,N/A,C,"Information Systems†, , ",Information Systems†,,
International Conference on Multimodal Interaction (was International Conference on Multimodal Interfaces),ICMI,icmi,B,"Information Systems†, , ",Information Systems†,,
International Conference on Computing and Informatics,ICOCI,N/A,C,"Information Systems†, , ",Information Systems†,,
International Conference on Security in Pervasive Computing,ICSPC,N/A,A,"Information Systems†, , ",Information Systems†,,
"International Conference on Systems Research, Informatics and Cybernetics",ICSRIC,N/A,C,"Information Systems†, , ",Information Systems†,,
International Conference on Technology and Business Management,ICTBM,N/A,C,"Information Systems†, , ",Information Systems†,,
International Conference on Web Engineering,ICWE,icwe,B,"Information Systems†, , ",Information Systems†,,
IEEE International Conference on Web Services,ICWS,icws,A,"Information Systems†, , ",Information Systems†,,
International Workshop on Interactive Entertainment,IDET,N/A,C,"Information Systems†, , ",Information Systems†,,
IEEE International Conference on Digital EcoSystems and Technologies Conference,IEEE DEST,N/A,C,"Information Systems†, , ",Information Systems†,,
IEEE International Conference on Multimedia Computing and Systems,ICMCS,N/A,A,"Information Systems†, , ",Information Systems†,,
IEEE Transactions on Knowledge and Data Engineering,IEEETKDE,N/A,A,"Information Systems†, Artificial Intelligence and Image Processing†, ",Information Systems†,Artificial Intelligence and Image Processing†,
International Forum on Applied Wearable Computing,IFAWC,N/A,C,"Information Systems†, , ",Information Systems†,,
Information Integration and Web-based Applications and Services,IIWAS,iiwas,C,"Information Systems†, , ",Information Systems†,,
Internet Measurement Conference,IMC,imc,A,"Information Systems†, , ",Information Systems†,,
International Conference on Advanced Information Management,IMS,N/A,C,"Information Systems†, , ",Information Systems†,,
Internet Society Conference,INET,N/A,C,"Information Systems†, , ",Information Systems†,,
IFIP TC13 Conference on Human-Computer Interaction,Interact,interact,A,"Information Systems†, Design Practice and Management†, ",Information Systems†,Design Practice and Management†,
Interaction,Interaction,N/A,C,"Information Systems†, , ",Information Systems†,,
Interoperating Geographic Information Systems,INTEROP,N/A,C,"Information Systems†, , ",Information Systems†,,
Information Retrieval Facility Conference,IRFC,N/A,Unranked,"Information Systems†, , ",Information Systems†,,
International Conference on Information Systems Analysis and Synthesis,ISAS,N/A,C,"Information Systems†, , ",Information Systems†,,
Institute for Small Business and Entrepreneurship Annual Conference,ISBE,N/A,C,"Information Systems†, , ",Information Systems†,,
International Symposium on Computer and Information Sciences,ISCIS,iscis,C,"Information Systems†, , ",Information Systems†,,
International Conference on Information Systems Development,ISD,N/A,A,"Information Systems†, , ",Information Systems†,,
Information Systems Education Conference,ISECON,N/A,B,"Information Systems†, , ",Information Systems†,,
International Symposium on Information Processing,ISIP,N/A,C,"Information Systems†, , ",Information Systems†,,
International Conference on Information Systems Technology and its Application,ISTA,N/A,B,"Information Systems†, , ",Information Systems†,,
International Conference on Internet Technologies and Applications,ITA,ita,B,"Information Systems†, , ",Information Systems†,,
Symposium on Information Technology and Information Systems,ITIS,N/A,C,"Information Systems†, , ",Information Systems†,,
International Conference on Intelligent User Interfaces,IUI,iui,A,"Information Systems†, , ",Information Systems†,,
International Web Conference,IWC,N/A,C,"Information Systems†, , ",Information Systems†,,
International Workshop on Software Technology for Augmented Reality Systems,IWSTAR,N/A,C,"Information Systems†, , ",Information Systems†,,
ACM Conference on Digital Libraries,JCDL,jcdl,A*,"Information Systems†, , ",Information Systems†,,
Joint Conference on Information Sciences,JCIS,N/A,C,"Information Systems†, , ",Information Systems†,,
International Conference on Legal Knowledge and Information Systems,JURIX,jurix,C,"Information Systems†, , ",Information Systems†,,
International Conference on Knowledge-Based and Intelligent Information and Engineering Systems,KES,kes,B,"Information Systems†, , ",Information Systems†,,
International Symposium on Intelligent and Interactive Multimedia: Systems and Services,KES IIMSS,iimss,C,"Information Systems†, , ",Information Systems†,,
"Multimedia Content Access: Algorithms and Systems (was Multimedia Content Analysis, Management and Retrieval)",MCA:AS,N/A,C,"Information Systems†, , ",Information Systems†,,
"Australian Workshop on Mobile Computing, Databases and Applications",MCDA,N/A,Australasian,"Information Systems†, , ",Information Systems†,,
"International Workshop on Multimedia Data Storage, Retrieval, Integration and Applications",MDSRIA,N/A,C,"Information Systems†, , ",Information Systems†,,
World Congress on Medical and Health Informatics,MEDINFO,medinfo,B,"Information Systems†, , ",Information Systems†,,
Mining for Enhanced Web Search,MEWS,N/A,C,"Information Systems†, , ",Information Systems†,,
International Conference on Multimedia Modelling,MMM,mmm,C,"Information Systems†, , ",Information Systems†,,
International Conference on Human-Computer Interaction with Mobile Devices and Services,MobileHCI,mhci,B,"Information Systems†, , ",Information Systems†,,
"International Workshop on Modelling, Simulation, Verification and Validation of Enterprise Information Systems",MSVVEIS,N/A,C,"Information Systems†, , ",Information Systems†,,
International Conference on New Trends of Information and Service Science,NISS,N/A,C,"Information Systems†, , ",Information Systems†,,
Applications of Natural Language to Data Bases,NLDB,nldb,C,"Information Systems†, , ",Information Systems†,,
Network and Operating System Support for Digital Audio and Video,NOSSDAV,nossdav,A,"Information Systems†, , ",Information Systems†,,
International Conference on Next Generation Web Services Practices,NWESP,N/A,C,"Information Systems†, , ",Information Systems†,,
Organisations and Society in Information Systems Workshop,OASIS,N/A,C,"Information Systems†, , ",Information Systems†,,
AoM Organizational Communication and Information Systems,OCIS,N/A,A,"Information Systems†, , ",Information Systems†,,
The organizational semiotics Conference,ORGSEM,N/A,B,"Information Systems†, , ",Information Systems†,,
Australian Computer Human Interaction Conference,OZCHI,ozchi,Australasian,"Information Systems†, Design Practice and Management†, ",Information Systems†,Design Practice and Management†,
IEEE International Conference on Peer to Peer Computing,P2P,N/A,C,"Information Systems†, , ",Information Systems†,,
Pacific Asia Conference on Information Systems,PACIS,N/A,A,"Information Systems†, , ",Information Systems†,,
Passive and Active Measurement Conference,PAM,pam,B,"Information Systems†, , ",Information Systems†,,
Pacific-Asia Workshop on Electronic Commerce,PAWEC,N/A,C,"Information Systems†, , ",Information Systems†,,
Participatory Design Conference,PDC,pdc,B,"Information Systems†, Design Practice and Management†, ",Information Systems†,Design Practice and Management†,
International Conference on Persuasive Technology,Persuasive,persuasive,B,"Information Systems†, , ",Information Systems†,,
Pan Pacific Conference on Information Systems,PPCIS,N/A,C,"Information Systems†, , ",Information Systems†,,
Annual PPIG Workshop,PPIG,ppig,B,"Information Systems†, , ",Information Systems†,,
International Workshop on Pattern Recognition in Information Systems,PRIS,N/A,C,"Information Systems†, , ",Information Systems†,,
IFIP Working Conferences on Virtual Enterprises,PRO-VE,N/A,C,"Information Systems†, , ",Information Systems†,,
Ershov Conference,PSI,ershov,B,"Information Systems†, , ",Information Systems†,,
International Workshop on Quality of Information Systems,QOIS,N/A,C,"Information Systems†, , ",Information Systems†,,
International Conference on Qualitative Research in IT & IT in Qualitative Research,QualIT,N/A,B,"Information Systems†, , ",Information Systems†,,
International Conference on Research Challenges in Information Science,RCIS,rcis,B,"Information Systems†, , ",Information Systems†,,
ACM International Conference on Recommender Systems,RecSys,recsys,B,"Information Systems†, , ",Information Systems†,,
RuleML: International Web Rule Symposium (pre 2007 was 'International Conference on Rules and Rule Markup Languages for the Semantic Web'),RuleML,N/A,B,"Information Systems†, , ",Information Systems†,,
International Conference on Semantic and Digital Media Technologies,SAMT,N/A,C,"Information Systems†, , ",Information Systems†,,
IEEE International Conference on Software Services Engineering (previously IEEE International Conference on Services Computing SCC),IEEE SSE,IEEEscc,A,"Information Systems†, , ",Information Systems†,,
IEEE Congress on Services,SERVICES,services,B,"Information Systems†, , ",Information Systems†,,
ACM International Conference on Research and Development in Information Retrieval,SIGIR,sigir,A*,"Information Systems†, Library and Information Studies†, ",Information Systems†,Library and Information Studies†,
Conference on Office Information Systems,SIGOA,N/A,C,"Information Systems†, , ",Information Systems†,,
International Symposium on Intelligent Systems and Informatics,SISY,sisy,C,"Information Systems†, , ",Information Systems†,,
International Conference on Semantics Knowledge and Grid,SKG,skg,C,"Information Systems†, , ",Information Systems†,,
"IEEE Conference on Systems, Man and Cybernetics",SMC,smc,B,"Information Systems†, , ",Information Systems†,,
IEEE International Conference on Service-Oriented Computing and Applications,SOCA,soca,C,"Information Systems†, , ",Information Systems†,,
Workshop on Security and Privacy in e-Commerce,SPEC,N/A,C,"Information Systems†, , ",Information Systems†,,
Symposium on Requirements Engineering for Information Security,SREIS,N/A,C,"Information Systems†, , ",Information Systems†,,
"International Conference on Advances in Infrastructure for Electronic Business, Science, and Education on the Internet",SSGRR,N/A,C,"Information Systems†, , ",Information Systems†,,
International Conference on Systems Thinking in Management,STM,N/A,C,"Information Systems†, , ",Information Systems†,,
SIGIR workshop: Stylistic Analysis of Text For Information Access,Style,N/A,C,"Information Systems†, , ",Information Systems†,,
ACM International Conference on Interactive Surfaces and Spaces (was International Workshop on Horizontal Interactive Human-Computer Systems: Tabletop),ISS,tabletop,A,"Information Systems†, , ",Information Systems†,,
"Tangible, Embedded, and Embodied Interaction",TEI,tei,A,"Information Systems†, , ",Information Systems†,,
ACM Symposium on User Interface Software and Technology,UIST,uist,A,"Information Systems†, , ",Information Systems†,,
"International Conference on User Modelling, Adaptation, and Personalization (was AH and UM)",UMAP,um,B,"Information Systems†, , ",Information Systems†,,
IEEE Symposium on Visual Languages and Human-Centric Computing (was VL),VL/HCC,vl,B,"Information Systems†, , ",Information Systems†,,
International Conference on Virtual Systems and MultiMedia,VSMM,vsmm,B,"Information Systems†, Design Practice and Management†, ",Information Systems†,Design Practice and Management†,
Australian Information Warfare and Security Conference,WarSec,N/A,Australasian,"Information Systems†, , ",Information Systems†,,
Western Australian Workshop on Information Systems Research,WAWISR,N/A,Australasian,"Information Systems†, , ",Information Systems†,,
International Workshop on Web Content Caching and Distribution,WCW,N/A,B,"Information Systems†, , ",Information Systems†,,
International Workshop on the Web and Databases,WebDB,webdb,C,"Information Systems†, , ",Information Systems†,,
Workshop on Web Usage Analysis,WebKDD,N/A,C,"Information Systems†, , ",Information Systems†,,
World Conference on the WWW and Internet,WebNet,N/A,C,"Information Systems†, , ",Information Systems†,,
International Workshop on Entertainment Computing,WEC,N/A,C,"Information Systems†, , ",Information Systems†,,
ACM Workshop on Web Information and Data Management,WIDM,N/A,B,"Information Systems†, , ",Information Systems†,,
International Workshop on Web Information Systems Modelling,WISM,N/A,C,"Information Systems†, , ",Information Systems†,,
International Workshop on Mobile Commerce and Services,WMCS,N/A,C,"Information Systems†, , ",Information Systems†,,
IEEE International Symposium on Web Systems Evolution,WSE,N/A,C,"Information Systems†, , ",Information Systems†,,
European Dependable Computing Conference,EDCC,edcc,Unranked,"Other Information and Computing Sciences†, Information Systems†, ",Other Information and Computing Sciences†,Information Systems†,
Australasian Computers in Education Conference,ACEC,N/A,Australasian,"Other Information and Computing Sciences†, , ",Other Information and Computing Sciences†,,
Australasian Computer Music Conference,ACMA,N/A,Australasian,"Other Information and Computing Sciences†, , ",Other Information and Computing Sciences†,,
Annual Conference of the Australasian Society for Computers in Learning in Tertiary Education,ASCILITE,N/A,Australasian,"Other Information and Computing Sciences†, , ",Other Information and Computing Sciences†,,
Apple University Consortium Academic and Developers Conference,AUCADC,N/A,C,"Other Information and Computing Sciences†, , ",Other Information and Computing Sciences†,,
Journal of Computing Science in Colleges (Conference proceedings),CCSC,N/A,B,"Other Information and Computing Sciences†, , ",Other Information and Computing Sciences†,,
Computing in Education Group of Victoria Conference,CEG,N/A,C,"Other Information and Computing Sciences†, , ",Other Information and Computing Sciences†,,
European Symposium on Gender and ICT,ESGICT,N/A,C,"Other Information and Computing Sciences†, , ",Other Information and Computing Sciences†,,
International Conference on Formal Methods for Open Object-Based Distributed Systems,FMOOD,N/A,C,"Other Information and Computing Sciences†, , ",Other Information and Computing Sciences†,,
Global Chinese Conference on Computers in Education,GCCCE,N/A,C,"Other Information and Computing Sciences†, , ",Other Information and Computing Sciences†,,
Grace Hopper Celebration of Women in Computing,GHC,N/A,C,"Other Information and Computing Sciences†, , ",Other Information and Computing Sciences†,,
International Conference on Computers in Education,ICCE,N/A,B,"Other Information and Computing Sciences†, , ",Other Information and Computing Sciences†,,
International Conference on Computers Helping People with Special Needs,ICCHP,icchp,C,"Other Information and Computing Sciences†, , ",Other Information and Computing Sciences†,,
International Conference on Digital Society,ICDS,N/A,C,"Other Information and Computing Sciences†, , ",Other Information and Computing Sciences†,,
International Computing Education Research Workshop,ICER,icer,B,"Other Information and Computing Sciences†, , ",Other Information and Computing Sciences†,,
International Conference on Convergence and Hybrid Information Technology,ICHIT,N/A,C,"Other Information and Computing Sciences†, , ",Other Information and Computing Sciences†,,
International Conference on Interactive Digital Storytelling (2008 merger of 'ICVS International Conference on Virtual Storytelling' and 'TIDSE Technology for Interactive Digital Storytelling'),ICIDS,icids,C,"Other Information and Computing Sciences†, , ",Other Information and Computing Sciences†,,
Informatics Education Europe,IEE,N/A,C,"Other Information and Computing Sciences†, , ",Other Information and Computing Sciences†,,
Informing Science and Information Technology Education,InSITE,N/A,C,"Other Information and Computing Sciences†, , ",Other Information and Computing Sciences†,,
International Symposium on Technology and Society,ISTAS,N/A,C,"Other Information and Computing Sciences†, , ",Other Information and Computing Sciences†,,
Annual Conference on Innovation and Technology in Computer Science Education,ITiCSE,iticse,A,"Other Information and Computing Sciences†, , ",Other Information and Computing Sciences†,,
International Conference on Information Technology in Regional Areas,ITiRA,N/A,C,"Other Information and Computing Sciences†, Information Systems†, ",Other Information and Computing Sciences†,Information Systems†,
Law via the Internet,LI,N/A,C,"Other Information and Computing Sciences†, , ",Other Information and Computing Sciences†,,
Australian Women in IT Conference,OzWIT,N/A,Australasian,"Other Information and Computing Sciences†, , ",Other Information and Computing Sciences†,,
Workshop on Economics of Peer-to-Peer Systems,P2P Econ,N/A,C,"Other Information and Computing Sciences†, , ",Other Information and Computing Sciences†,,
International Symposium on Applications and the Internet,SAINT,N/A,C,"Other Information and Computing Sciences†, , ",Other Information and Computing Sciences†,,
"Workshop on Scientific Knowledge, Information, and Computing",SIDEKIC,N/A,C,"Other Information and Computing Sciences†, , ",Other Information and Computing Sciences†,,
ACM Special Interest Group on Computer Science Education Conference,SIGCSE,sigcse,A,"Other Information and Computing Sciences†, , ",Other Information and Computing Sciences†,,
Annual Meeting of the Special Interest Group on Discourse and Dialog,SIGdial,sigdial,C,"Other Information and Computing Sciences†, , ",Other Information and Computing Sciences†,,
ACM SIGUCCS Conference on User Services,SIGUCCS,siguccs,C,"Other Information and Computing Sciences†, , ",Other Information and Computing Sciences†,,
Software Education Conference,SRIG-ET,N/A,C,"Other Information and Computing Sciences†, , ",Other Information and Computing Sciences†,,
Australasian Women in Computing Workshop,WIC,N/A,Australasian,"Other Information and Computing Sciences†, , ",Other Information and Computing Sciences†,,
International Conference on Worldwide Computing and Its Applications,WWCA,N/A,C,"Other Information and Computing Sciences†, , ",Other Information and Computing Sciences†,,
IEEE/IFIP International Conference on Information Technology for Balanced Automation Systems,BASYS,N/A,B,"Automotive Engineering†, , ",Automotive Engineering†,,
IEEE Vehicular Technology Conference,VTC,vtc,B,"Automotive Engineering†, , ",Automotive Engineering†,,
International Conference on Complex Systems,CxS,N/A,C,"Civil Engineering†, , ",Civil Engineering†,,
International Conference on Sustainable Energy Information Technology,SEIT,N/A,Unranked,"Electrical and Electronic Engineering†, Computation Theory and Mathematics†, Other Engineering†",Electrical and Electronic Engineering†,Computation Theory and Mathematics†,Other Engineering†
Application of Computers and Operations Research in the Minerals Industries,APCOMin,N/A,A,"Geomatic Engineering †, Resources Engineering and Extractive Metallurgy†, ",Geomatic Engineering †,Resources Engineering and Extractive Metallurgy†,
International Conference on GeoComputation,GeoComp,N/A,C,"Geomatic Engineering †, , ",Geomatic Engineering †,,
International Symposium on Spatial Data Infrastructures,ISSDI,N/A,C,"Geomatic Engineering †, , ",Geomatic Engineering †,,
International Symposium on Spatial Data Quality,ISSDQ,N/A,C,"Geomatic Engineering †, , ",Geomatic Engineering †,,
Joint European Conference and Exhibition on Geographical Information Systems,JECGI,N/A,C,"Geomatic Engineering †, , ",Geomatic Engineering †,,
"Annual Convention for Survey, Mapping and Remote Sensing",RS,N/A,C,"Geomatic Engineering †, , ",Geomatic Engineering †,,
Spatial Information Research Centre Colloquium,SIRC,N/A,C,"Geomatic Engineering †, , ",Geomatic Engineering †,,
Spatial Information Science and Technology Conference,SIST,N/A,C,"Geomatic Engineering †, , ",Geomatic Engineering †,,
International Workshop on Web and Wireless Geographical Information Systems,W2GIS,w2gis,C,"Geomatic Engineering †, , ",Geomatic Engineering †,,
European Workshop on Advanced Mobile Robots,EuroBot,N/A,C,"Manufacturing Engineering†, , ",Manufacturing Engineering†,,
FIRA Robot World Congress,FIRA,N/A,C,"Manufacturing Engineering†, , ",Manufacturing Engineering†,,
International Symposium on Robotics Research,ISRR,isrr,A,"Manufacturing Engineering†, Artificial Intelligence and Image Processing†, ",Manufacturing Engineering†,Artificial Intelligence and Image Processing†,
Mechatronics and Machine Vision in Practice,M2VIP,N/A,B,"Manufacturing Engineering†, , ",Manufacturing Engineering†,,
"International Conference on CAD/CAM, Robotics and Factories of the Future",RFF,N/A,C,"Manufacturing Engineering†, , ",Manufacturing Engineering†,,
"International Conference on Robotics, Vision, Signal Processing and Power Applications (was ROVPIA)",RoVISP,N/A,C,"Manufacturing Engineering†, , ",Manufacturing Engineering†,,
International Symposium on Automation and Robotics in Construction,ISARC,N/A,C,"Manufacturing Engineering†, , ",Manufacturing Engineering†,,
IEEE/RSJ International Conference on Intelligent Robots and Systems,IROS,iros,A,"Mechanical Engineering†, Manufacturing Engineering†, Artificial Intelligence and Image Processing†",Mechanical Engineering†,Manufacturing Engineering†,Artificial Intelligence and Image Processing†
Asia-Pacific Forum on Engineering and Technology Education,AFETE,N/A,C,"Other Engineering†, , ",Other Engineering†,,
International Conference on Engineering Education,ICEE,N/A,C,"Other Engineering†, , ",Other Engineering†,,
"Conference on Innovation in Clouds, Internet and Networks",ICIN,icin,Unranked,"Communications Technologies†, , ",Communications Technologies†,,
International Conference on Mobile Systems and Pervasive Computing,MobiSPC,N/A,Unranked,"Communications Technologies†, Distributed Computing†, Artificial Intelligence and Image Processing†",Communications Technologies†,Distributed Computing†,Artificial Intelligence and Image Processing†
"Asilomar Conference on Signals, Systems and Computing",ACSSC,acssc,C,"Communications Technologies†, , ",Communications Technologies†,,
Asia Pacific Conference on Communications,APCC,apcc,B,"Communications Technologies†, , ",Communications Technologies†,,
International Telecommunication Networks and Applications Conference (was Australian Telecommunication Networks and Applications Conference),ITNAC,itnac,Australasian,"Communications Technologies†, , ",Communications Technologies†,,
IEEE International Conference on Advanced Video and Signal Based Surveillance,AVSS,avss,B,"Communications Technologies†, , ",Communications Technologies†,,
IFIP International Conference on Broadband Communications,BC,N/A,C,"Communications Technologies†, , ",Communications Technologies†,,
"International Conference on Broadband Communications, Networks and Systems",Broadnets,broadnets,B,"Communications Technologies†, , ",Communications Technologies†,,
IEEE Computer Communications Workshop,CCW,N/A,B,"Communications Technologies†, , ",Communications Technologies†,,
IEEE Conference on Decision and Control,CDC,cdc,A,"Communications Technologies†, , ",Communications Technologies†,,
International Symposium on Computer Design,COMPDES,N/A,C,"Communications Technologies†, , ",Communications Technologies†,,
"Design, Automation and Test in Europe Conference",DATE,date,B,"Communications Technologies†, , ",Communications Technologies†,,
IEEE International Conference and Workshop on the Engineering of Computer Based Systems,ECBS,N/A,B,"Communications Technologies†, , ",Communications Technologies†,,
Euromicro Conference on Real-Time Systems,ECRTS,ecrts,A,"Communications Technologies†, , ",Communications Technologies†,,
Embedded Sensor Networks Workshop,Emnets,N/A,C,"Communications Technologies†, , ",Communications Technologies†,,
International Conference on Embedded Software,EMSOFT,emsoft,A,"Communications Technologies†, , ",Communications Technologies†,,
ACM Workshop on Hot Topics in Networks,HOTNETS,hotnets,A,"Communications Technologies†, , ",Communications Technologies†,,
IEEE Workshop on High Performance Switching and Routing,HPSR,hpsr,C,"Communications Technologies†, , ",Communications Technologies†,,
IEEE International Conference on Engineering of Complex Computer Systems,ICECCS,iceccs,A,"Communications Technologies†, , ",Communications Technologies†,,
IEEE International Symposium on Intelligent Control,ISIC,N/A,B,"Communications Technologies†, , ",Communications Technologies†,,
"ACM SIGPLAN Conference on Languages, Compilers and Tools for Embedded Systems",LCTES,lctrts,A,"Communications Technologies†, , ",Communications Technologies†,,
International Picture Coding Symposium,PCS,pcs,C,"Communications Technologies†, , ",Communications Technologies†,,
"IFAC Symposium on Fault Detection, Supervision and Safety of Technical Processes",SAFEProcess,N/A,C,"Communications Technologies†, , ",Communications Technologies†,,
International Workshop on Software and Compilers for Embedded Systems,SCOPES,scopes,A,"Communications Technologies†, , ",Communications Technologies†,,
Smart Card Research and Advanced Application Conference,CARDIS,cardis,B,"Communications Technologies†, , ",Communications Technologies†,,
Australian Workshop on Safety Critical Systems and Software,SCSS,N/A,Australasian,"Communications Technologies†, , ",Communications Technologies†,,
IEEE Region 10 Conference,Tencon,tencon,C,"Communications Technologies†, Computer Hardware†, ",Communications Technologies†,Computer Hardware†,
Symposia on VLSI Technology and Circuits,VLSI,N/A,A,"Communications Technologies†, , ",Communications Technologies†,,
International Conference on VLSI Design,VLSID,vlsid,C,"Communications Technologies†, , ",Communications Technologies†,,
IEEE International Workshop on Object-Oriented Real-Time Dependable Systems,WORDS,N/A,B,"Communications Technologies†, , ",Communications Technologies†,,
"IEEE International Symposium on a World of Wireless, Mobile and Multimedia Networks",WoWMoM,wowmom,A,"Computer Hardware†, , ",Computer Hardware†,,
"International Symposium on Networks, Computers and Communications",ISNCC,isncc,Unranked,"Computer Hardware†, Communications Technologies†, Information and Computing Sciences†",Computer Hardware†,Communications Technologies†,Information and Computing Sciences†
Asia Pacific Conference on Hardware Description Languages (was Asia Pacific CHipDesign Languages),APCHDL,N/A,C,"Computer Hardware†, , ",Computer Hardware†,,
Asia and South Pacific Design Automation Conference,ASPDAC,aspdac,C,"Computer Hardware†, , ",Computer Hardware†,,
"International Conference on Compilers, Architecture, and Synthesis for Embedded Systems",CASES,cases,A,"Computer Hardware†, , ",Computer Hardware†,,
International Symposium on Circuits and Systems,CIRSYS,N/A,C,"Computer Hardware†, , ",Computer Hardware†,,
European Signal Processing Conference,EUSIPCO,eusipco,B,"Computer Hardware†, , ",Computer Hardware†,,
IEEE International Conference on Communications,ICC,icc,B,"Computer Hardware†, , ",Computer Hardware†,,
International Conference on Network Protocols,ICNP,icnp,A,"Computer Hardware†, , ",Computer Hardware†,,
IEEE International Conference on Networks,ICON,N/A,B,"Computer Hardware†, , ",Computer Hardware†,,
IEEE International Conference on Radio Frequency Identification,IEEE RFID,N/A,B,"Computer Hardware†, , ",Computer Hardware†,,
IFIP/IEEE International Symposium on Integrated Management (even years sharing with NOMS),IM,im,A,"Computer Hardware†, , ",Computer Hardware†,,
IEEE Conference on Local Computer Networks,LCN,lcn,A,"Computer Hardware†, , ",Computer Hardware†,,
Symposium Model Analysis and Simulation of Computer and Telecommunications Systems,MASCOTS,mascots,A,"Computer Hardware†, , ",Computer Hardware†,,
IEEE International Conference on Mobile Ad-hoc and Sensor Systems,MASS,mass,B,"Computer Hardware†, , ",Computer Hardware†,,
International Workshop on Multimedia Signal Processing,MMSP,mmsp,B,"Computer Hardware†, , ",Computer Hardware†,,
ACM International Conference on Mobile Computing and Networking,MOBICOM,mobicom,A*,"Computer Hardware†, , ",Computer Hardware†,,
"ACM/IEEE International Conference on Modelling, Analysis and Simulation of Wireless and Mobile Systems",MSWIM,mswim,A,"Computer Hardware†, , ",Computer Hardware†,,
IFIP International Conference on Networking,Networking,networking,A,"Computer Hardware†, , ",Computer Hardware†,,
IEEE Network Operations and Management Symposium,NOMS,noms,B,"Computer Hardware†, , ",Computer Hardware†,,
SPIE Conference on Performance and Control of Network Systems,PCNS,N/A,C,"Computer Hardware†, , ",Computer Hardware†,,
IEEE International Symposium on Personal and Indoor Mobile Radio Conference,PIMRC,pimrc,B,"Computer Hardware†, , ",Computer Hardware†,,
"International Conference on Heterogeneous Networking for Quality, Reliability, Security and Robustness (was International Conference on Quality of Service in Heterogeneous Wired/Wireless Networks)",Qshine,qshine,B,"Computer Hardware†, , ",Computer Hardware†,,
IEEE Real-Time and Embedded Technology and Applications Symposium,RTAS,rtas,A,"Computer Hardware†, , ",Computer Hardware†,,
International Conference on Embedded and Real Time Computing Systems and Applications,RTCSA,rtcsa,B,"Computer Hardware†, , ",Computer Hardware†,,
Real Time Systems Symposium,RTSS,rtss,A*,"Computer Hardware†, , ",Computer Hardware†,,
"IEEE International Conference on Sensing, Communication and Networking",SECON,secon,B,"Computer Hardware†, , ",Computer Hardware†,,
Sensor Networks,Sensor Networks,N/A,C,"Computer Hardware†, , ",Computer Hardware†,,
Measurement and Modeling of Computer Systems,SIGMETRICS,sigmetrics,A*,"Computer Hardware†, , ",Computer Hardware†,,
Conference on Software in Telecommunications and Computer Networks,SOFTCOM,softcom,B,"Computer Hardware†, , ",Computer Hardware†,,
IEEE Wireless Communications and Networking Conference,WCNC,wcnc,B,"Computer Hardware†, , ",Computer Hardware†,,
"International Symposium on Modelling and Optimization in Mobile, Ad Hoc, and Wireless Networks",WiOpt,wiopt,B,"Computer Hardware†, , ",Computer Hardware†,,
Workshop on Theoretical and Algorithmic Aspects of Sensor and Ad-hoc Networks,WTASA,N/A,C,"Computer Hardware†, , ",Computer Hardware†,,
HCist - International Conference on Health and Social Care Information Systems and Technologies,HCist,N/A,Unranked,"Public Health and Health Services†, Library and Information Studies†, ",Public Health and Health Services†,Library and Information Studies†,
Asia-Pacific Computer Human Interaction Conference,APCHI,N/A,C,"Design Practice and Management†, , ",Design Practice and Management†,,
IEEE International Conference on Advanced Learning Technologies,ICALT,icalt,B,"Design Practice and Management†, , ",Design Practice and Management†,,
ProjMAN - International Conference on Project MANagement,ProjMAN,N/A,Unranked,"Business and Management†, , ",Business and Management†,,
