Title,Acronym,DblpSeries,has CORE2026 Rank,Field,field_of_research_1,field_of_research_2,field_of_research_3,has CORE2023 Rank,has CORE2021 Rank,has CORE2020 Rank,has CORE2018 Rank,has CORE2017 Rank,has CORE2014 Rank,has CORE2013 Rank,has CORE2010 Rank,has CORE2008 Rank
1st International Conference on Building Energy and Environment,COBEE,,,"Building†, , ",Building†,,,,,,,,,,,
1st International Conference on Engineering Management,ICEM,,,"Engineering†, , ",Engineering†,,,,,,,,,,,
2008 International Conference on Biomedical Robotics and Biomechatronics,BIO ROB,,,"Biomedical Engineering †, , ",Biomedical Engineering †,,,,,,,,,,B,
3-D Digital Imaging and Modelling,3DIM,,,"Artificial Intelligence and Image Processing†, , ",Artificial Intelligence and Image Processing†,,,,,,C,C,C,C,C,
A Satellite workshop on Formal Approaches to Testing of Software,FATES,,,"Computation Theory and Mathematics†, , ",Computation Theory and Mathematics†,,,,,,C,C,C,C,C,C
AAAI Conference on Human Computation and Crowdsourcing,HCOMP,hcomp,B,"Human-centred computing, Data management and data science, ",Human-centred computing,Data management and data science,,B,B,,,,,,,
"AAAI/ACM Conference on AI, Ethics, and Society",AIES,aies,C,"Human-centred computing, Artificial intelligence, Machine learning",Human-centred computing,Artificial intelligence,Machine learning,,,,,,,,,
AAEE - Annual Conference of Australasian Association for Engineering Education,,,,"Engineering†, , ",Engineering†,,,,,,,,,,B,
"ACIS Conference on Software Engineering Research, Management and Applications",SERA,sera,C,"Software engineering, , ",Software engineering,,,C,C,C,C,C,C,C,C,
ACM Annual Computer Science Conference,CSC,,,"Information and Computing Sciences†, , ",Information and Computing Sciences†,,,,,,C,C,C,C,C,
"ACM Conference on Applications, Technologies, Architectures, and Protocols for Computer Communication",SIGCOMM,sigcomm,A*,"Distributed computing and systems software, , ",Distributed computing and systems software,,,A*,A*,A*,A*,A*,A*,A*,A,A*
ACM Conference on Computer Supported Cooperative Work,CSCW,cscw,A,"Human-centred computing, , ",Human-centred computing,,,A,A,A,A,A,A,A,A,A
ACM Conference on Computer and Communications Security,CCS,ccs,A*,"Cybersecurity and privacy, , ",Cybersecurity and privacy,Distributed Computing†,Communications Technologies†,A*,A*,A*,A*,A*,A*,A*,A,A*
ACM Conference on Digital Libraries,JCDL,jcdl,,"Information Systems†, , ",Information Systems†,,,,,,A*,A*,A*,A*,,A*
ACM Conference on Economics and Computation,EC,sigecom,A*,"Artificial intelligence, Theory of computation, ",Artificial intelligence,Theory of computation,Computation Theory and Mathematics†,A*,A*,A*,A*,B,B,B,B,A
ACM Conference on Embedded Networked Sensor Systems,SENSYS,sensys,unranked: merged,"Distributed computing and systems software, , ",Distributed computing and systems software,Computer Hardware†,,A*,A*,A*,A*,A*,A*,A*,A,A*
ACM Conference on Hypertext and Social Media,Hypertext,ht,,"Distributed Computing†, Information Systems†, ",Distributed Computing†,Information Systems†,,,,,A,A,A,A,A,A
ACM Conference on Learning @ Scale,L@S,lats,B,"Applied computing, Machine learning, CSE - Computer Systems Engineering",Applied computing,Machine learning,CSE - Computer Systems Engineering,,,,,,,,,
ACM Conference on Object Oriented Programming Systems Languages and Applications,OOPSLA,oopsla,A,"Software engineering, , ",Software engineering,,,A,A,A*,A*,A*,A*,A*,A,A*
ACM Conference on Security and Privacy in Wireless and Mobile Networks,ACM_WiSec,wisec,B,"Cybersecurity and privacy, , ",Cybersecurity and privacy,,,B,,,,,,,,
ACM Creativity and Cognition,CC,,,"Design Practice and Management†, , ",Design Practice and Management†,,,,,,,,,,A,
ACM Digital Rights Management Workshop,DRM,,,"Computer Software†, , ",Computer Software†,,,,,,C,C,C,C,C,
ACM Information Technology Education,SIGITE,sigite,National: USA,"Human-centred computing, , ",Human-centred computing,,,National: USA,National: USA,National: USA,C,C,C,C,C,
ACM Int'l Symposium on Field Programmable Gate Arrays,FPGA,fpga,A,"CSE - Computer Systems Engineering, , ",CSE - Computer Systems Engineering,,,TBR,,,,,,,,
"ACM International Conference on Advances in Computer Entertainment (merged with DIMEA, Digital Interactive Media in Entertainment and Arts, in 2009)",ACE,,C,"Graphics, augmented reality and games, Human-centred computing, ","Graphics, augmented reality and games",Human-centred computing,,C,B,B,B,B,B,B,B,
ACM International Conference on Advances in Geographic Information Systems,SIGSPATIAL,gis,A,"Applied computing, Machine learning, Data management and data science",Applied computing,Machine learning,Data management and data science,A,A,National: USA,A,B,B,B,B,
ACM International Conference on Emerging Networking Experiments and Technologies,CoNEXT,conext,A,"Distributed computing and systems software, , ",Distributed computing and systems software,,,A,A,A,A,A,A,A,A,
ACM International Conference on Information and Knowledge Management,CIKM,cikm,A,"Data management and data science, Artificial intelligence, ",Data management and data science,Artificial intelligence,Library and Information Studies†,A,A,A,A,A,A,A,A,A
ACM International Conference on Interactive Media Experiences,IMX,tvx,C,"Human-centred computing, Graphics, augmented reality and games, Computer vision and multimedia computation",Human-centred computing,"Graphics, augmented reality and games",Computer vision and multimedia computation,,,,,,,,,
ACM International Conference on Interactive Surfaces and Spaces (was International Workshop on Horizontal Interactive Human-Computer Systems: Tabletop),ISS,tabletop,Journal Published,"Human-centred computing, , ",Human-centred computing,,,Journal Published,Journal Published,A,A,A,A,B,B,
ACM International Conference on Knowledge Discovery and Data Mining,KDD,kdd,A*,"Data management and data science, Machine learning, ",Data management and data science,Machine learning,,A*,A*,A*,A*,A*,A*,A*,A,A*
ACM International Conference on Mobile Computing and Networking,MOBICOM,mobicom,A*,"Distributed computing and systems software, , ",Distributed computing and systems software,,,A*,A*,A*,A*,A*,A*,A*,A,A*
ACM International Conference on Multimedia in Asia,MM_Asia,mmasia,C,"Computer vision and multimedia computation, Data management and data science, ",Computer vision and multimedia computation,Data management and data science,,,,,,,,,,
ACM International Conference on Recommender Systems,RecSys,recsys,A,"Data management and data science, , ",Data management and data science,,,A,A,B,B,B,B,B,B,
ACM International Conference on Research and Development in Information Retrieval,SIGIR,sigir,A*,"Data management and data science, , ",Data management and data science,Library and Information Studies†,,A*,A*,A*,A*,A*,A*,A*,A,A*
ACM International Conference on Supercomputing,ICS,ics,A,"CSE - Computer Systems Engineering, Distributed computing and systems software, ",CSE - Computer Systems Engineering,Distributed computing and systems software,,A,A,A,A,A,A,A,A,A
ACM International Conference on Systems for Energy-Efficient Built Environments,BuildSys,,,"Distributed Computing†, Computer Hardware†, ",Distributed Computing†,Computer Hardware†,,,,,A,,,,,
ACM International Conference on Web Search and Data Mining,WSDM,wsdm,A,"Data management and data science, Machine learning, ",Data management and data science,Machine learning,Library and Information Studies†,A,A*,A*,A*,A*,A*,B,B,
"ACM International Conference on the Foundations of Software Engineering (was ESEC/FSE, changed 2024; duplicate previously listed as ESEC, removed from DB)",FSE,sigsoft,A*,"Software engineering, , ",Software engineering,,,A*,,,A*,B,A,A,A,A
ACM International Joint Conference on Pervasive and Ubiquitous Computing (PERVASIVE and UbiComp combined from 2013),UbiComp,huc,journal published,"Human-centred computing, , ",Human-centred computing,,,journal published,journal published,journal published,A*,A*,A*,A*,A,A*
ACM International Symposium on Computer Architecture,ISCA,isca,A*,"CSE - Computer Systems Engineering, Distributed computing and systems software, Software engineering",CSE - Computer Systems Engineering,Distributed computing and systems software,Software engineering,A*,A*,A*,A*,A*,A*,A*,A,A*
ACM International Symposium on High Performance Distributed Computing,HPDC,hpdc,A,"Distributed computing and systems software, CSE - Computer Systems Engineering, ",Distributed computing and systems software,CSE - Computer Systems Engineering,,A,A,A,A,A,A,A,A,A
ACM International Wireless Communications and Mobile Computing Conference,IWCMC,iwcmc,B,"Distributed computing and systems software, , ",Distributed computing and systems software,Computer Hardware†,,B,B,B,B,B,B,B,B,B
ACM International Workshop On Multimedia Databases,MMDB,,,"Data Format†, , ",Data Format†,,,,,,C,C,C,C,C,
ACM International Workshop on. Mobility Management and Wireless Access,MobiWac,,,"Communications Technologies†, , ",Communications Technologies†,,,,,,,,,,B,
ACM Multimedia,ACMMM,mm,A*,"Computer vision and multimedia computation, , ",Computer vision and multimedia computation,Design Practice and Management†,,A*,A*,A*,A*,A*,A*,A*,A,A*
ACM Multimedia Systems Conference,MMSys,mmsys,A,"Distributed computing and systems software, Computer vision and multimedia computation, Graphics, augmented reality and games",Distributed computing and systems software,Computer vision and multimedia computation,"Graphics, augmented reality and games",,,,,,,,,
ACM SIG International Conference on Computer Graphics and Interactive Techniques,SIGGRAPH,siggraph,A*,"Graphics, augmented reality and games, Computer vision and multimedia computation, Human-centred computing","Graphics, augmented reality and games",Computer vision and multimedia computation,Human-centred computing,A*,A*,A*,A*,A*,A*,A*,A,A*
ACM SIGCHI_NZ Conference on Human-Computer Interaction,SIGCHI-NZ,,,"Information Systems†, , ",Information Systems†,,,,,,Australasian,,,,C,
ACM SIGCOMM Internet Measurement Conference,ACM IMC,,,"Communications Technologies†, , ",Communications Technologies†,,,,,,,,,,A,
ACM SIGGRAPH conference on Motion Interaction and Games,MIG,mig,C,"Graphics, augmented reality and games, Machine learning, ","Graphics, augmented reality and games",Machine learning,,,,,,,,,,
ACM SIGGRAPH/Eurographics Symposium on Computer Animation,SCA,sca,B,"Graphics, augmented reality and games, Computer vision and multimedia computation, ","Graphics, augmented reality and games",Computer vision and multimedia computation,,B,B,B,B,B,B,B,B,A
ACM SIGIR Conference on Human Information Interaction And Retrieval,CHIIR,chiir,B,"Data management and data science, Human-centred computing, ",Data management and data science,Human-centred computing,,,,,,,,,,
ACM SIGIR Workshop on XML and Information Retrieval,SIGIR/XML,,,"Data Format†, , ",Data Format†,,,,,,C,C,C,C,C,
ACM SIGMIS Computers and People Research,ACM-SIGMIS CPR,sigcpr,,"Information Systems†, , ",Information Systems†,,,,,,B,B,B,B,B,
"ACM SIGMOBILE International Conference on Mobile Systems, Applications and Services",Mobisys,mobisys,A,"Distributed computing and systems software, , ",Distributed computing and systems software,,,A,B,B,B,B,B,B,B,A
ACM SIGMOD-SIGACT-SIGART Conference on Principles of Database Systems,PODS,pods,A*,"Data management and data science, , ",Data management and data science,,,A*,A*,A*,A*,A*,A*,A*,A,A*
ACM SIGOPS European Workshops,SIGOPS-EW,,,"Computer Software†, , ",Computer Software†,,,,,,,,,,C,B
ACM SIGOPS Symposium on Operating Systems Principles,SOSP,sosp,A*,"Distributed computing and systems software, , ",Distributed computing and systems software,,,A*,A*,A*,A*,A*,A*,A*,A,A*
"ACM SIGPLAN Conference on Languages, Compilers and Tools for Embedded Systems",LCTES,lctrts,B,"Distributed computing and systems software, , ",Distributed computing and systems software,,,B,B,A,A,A,A,A,A,A
ACM SIGPLAN Workshop on Partial Evaluation and Program Manipulation,PEPM,pepm,C,"Software engineering, , ",Software engineering,,,C,C,B,B,B,B,B,B,A
ACM SIGPLAN Workshop on Types in Language Design and Implementation (was TIC),TLDI,,,"Computer Software†, , ",Computer Software†,,,,,,C,C,C,C,C,
ACM SIGSIM Conference on Principles of Advanced Discrete Simulation (was Parallel and Distributed Simulation),PADS,pads,B,"Distributed computing and systems software, , ",Distributed computing and systems software,,,B,B,B,B,B,B,B,B,A
ACM SIGSOFT Workshop on Program Analysis for Software Tools and Engineering,PASTE,,,"Computer Software†, , ",Computer Software†,,,,,,,B,B,B,B,B
ACM SIGUCCS Conference on User Services,SIGUCCS,siguccs,National: USA,"Applied computing, , ",Applied computing,,,National: USA,National: USA,National: USA,C,C,C,C,C,
ACM Special Interest Group on Computer Science Education Conference,SIGCSE,sigcse,A,"Human-centred computing, , ",Human-centred computing,,,A,A,A,A,A,A,A,A,A
ACM Special Interest Group on Management of Data Conference,SIGMOD,sigmod,A*,"Data management and data science, , ",Data management and data science,,,A*,A*,A*,A*,A*,A*,A*,A,A*
ACM Special Interest Group on Supporting Group Work (was SIGGRoup),Group,group,B,"Human-centred computing, , ",Human-centred computing,,,B,,,B,B,B,B,B,A
"ACM Symposium on Access Control Models and Technologies (previously ACM Workshop on Role-Based Access Control, RBAC, changed in 2000)",SACMAT,sacmat,C,"Cybersecurity and privacy, , ",Cybersecurity and privacy,,,C,C,C,C,C,C,C,C,
ACM Symposium on Applied Computing,SAC,sac,Multiconference,"Applied computing, , ",Applied computing,,,Multiconference,Multiconference,B,B,B,B,B,B,B
ACM Symposium on Applied Perception,SAP,apgv,B,"Human-centred computing, Graphics, augmented reality and games, ",Human-centred computing,"Graphics, augmented reality and games",,,,,,,,,,
ACM Symposium on Document Engineering,DocEng,doceng,B,"Data management and data science, , ",Data management and data science,,,B,B,B,B,B,B,A,,A
ACM Symposium on Mobile Ad Hoc Networking and Computing,MOBIHOC,mobihoc,B,"Distributed computing and systems software, , ",Distributed computing and systems software,,,A,A,A,A,A,A,A,A,A
ACM Symposium on Principles of Database Systems,SPDS,,,"Data Format†, , ",Data Format†,,,,,,C,C,C,C,C,C
ACM Symposium on Principles of Distributed Computing,PODC,podc,A*,"Distributed computing and systems software, , ",Distributed computing and systems software,,,A*,A*,A*,A*,A*,A*,A*,A,A*
ACM Symposium on Software Reusability,SSR,ssr,,"Computer Software†, , ",Computer Software†,,,,,,A,A,A,A,,A
ACM Symposium on Solid and Physical Modelling,SPM,,C,"Graphics, augmented reality and games, Computer vision and multimedia computation, ","Graphics, augmented reality and games",Computer vision and multimedia computation,,C,B,B,B,B,B,B,B,
ACM Symposium on Theory of Computing,STOC,stoc,A*,"Theory of computation, , ",Theory of computation,,,A*,A*,A*,A*,A*,A*,A*,A,A*
ACM Symposium on User Interface Software and Technology,UIST,uist,A*,"Human-centred computing, , ",Human-centred computing,,,A*,A*,A,A,A,A,A,A,A
ACM Virtual Reality Software and Technology,VRST,vrst,B,"Graphics, augmented reality and games, , ","Graphics, augmented reality and games",,,A,A,A,A,A,A,A,A,
ACM Workshop on Formal Methods in Security Engineering: From Specifications to Code,FMSE,,,"Computer Software†, , ",Computer Software†,,,,,,C,C,C,C,C,
ACM Workshop on Hot Topics in Networks,HOTNETS,hotnets,National: USA,"Distributed computing and systems software, , ",Distributed computing and systems software,,,National: USA,National: USA,National: USA,A,A,A,A,A,A
ACM Workshop on Hot Topics in Software Upgrades,HotSWUp,,,"Computer Software†, , ",Computer Software†,,,,,,C,C,C,C,C,
ACM Workshop on Role Based Access Control (now SACMAT),RBAC,,,"Computation Theory and Mathematics†, , ",Computation Theory and Mathematics†,,,,,,,,C,C,C,
ACM Workshop on Scalable Trusted Computing,STC,,,"Computer Software†, , ",Computer Software†,,,,,,B,B,B,B,B,
ACM Workshop on Secure Web Services,SWS,,,"Artificial Intelligence and Image Processing†, , ",Artificial Intelligence and Image Processing†,,,,,,C,C,C,C,C,
ACM Workshop on Web Information and Data Management,WIDM,,,"Information Systems†, , ",Information Systems†,,,,,,B,B,B,B,B,C
ACM-SIGACT Symposium on Principles of Programming Languages,POPL,popl,A*,"Software engineering, , ",Software engineering,,,A*,A*,A*,A*,A*,A*,A*,A,A*
ACM-SIGPLAN Conference on Programming Language Design and Implementation,PLDI,pldi,A*,"Software engineering, , ",Software engineering,,,A*,A*,A*,A*,A*,A*,A*,A,A*
ACM-SIGRAPH Interactive 3D Graphics and Games,I3DG,si3d,B,"Graphics, augmented reality and games, Human-centred computing, ","Graphics, augmented reality and games",Human-centred computing,,B,B,B,B,B,B,A*,A,A*
ACM/IEEE International Conference on Distributed Smart Cameras,ICDSC,icdsc,,"Distributed computing and systems software, , ",Distributed computing and systems software,,,,B,B,B,B,B,B,B,
ACM/IEEE International Conference on Human-Robot Interaction,HRI,hri,A*,"Human-centred computing, Artificial intelligence, ",Human-centred computing,Artificial intelligence,,A,,,,,,,,
"ACM/IEEE International Conference on Modelling, Analysis and Simulation of Wireless and Mobile Systems",MSWIM,mswim,A,"Distributed computing and systems software, , ",Distributed computing and systems software,,,A,A,A,A,A,A,A,A,A
ACM/IEEE Symposium on Edge Computing,SEC,ieeesec,unranked,"Distributed computing and systems software, , ",Distributed computing and systems software,,,unranked,unranked,,,,,,,
ACM/IFIP/USENIX International Middleware Conference,Middleware,middleware,A,"Distributed computing and systems software, , ",Distributed computing and systems software,,,A,A,A,A,A,A,A,A,A
ACM/SIAM Symposium on Discrete Algorithms,SODA,soda,A*,"Theory of computation, , ",Theory of computation,,,A*,A*,A*,A*,A*,A*,A*,A,A*
ACM/SPEC International Conference on Performance Engineering,ICPE,wosp,B,"Software engineering, Distributed computing and systems software, ",Software engineering,Distributed computing and systems software,,B,B,,,,,,,
ACM/SPIE Multimedia Computing and Networking,MMCN,,,"Artificial Intelligence and Image Processing†, , ",Artificial Intelligence and Image Processing†,,,,,,A,A,A,A,A,A
ACS/IEEE International Conference on Computer Systems and Applications,AICCSA,aiccsa,C,"Information and Computing Sciences, , ",Information and Computing Sciences,Built Environment and Design†,,C,C,C,C,C,C,C,C,
AISB Convention (Society for the Study of Artificial Intelligence and Simulation of Behaviour),AISB,,,"Design Practice and Management†, , ",Design Practice and Management†,,,,,,,,,,B,
ASIAN Symposium on Programming Languages and Systems,APLAS,aplas,B,"Software engineering, , ",Software engineering,,,B,B,B,B,B,B,B,B,B
Accelerating excellence in the built environment World Conference,WCAEBE,,,"Building†, , ",Building†,,,,,,,,,,C,
Accounting and Finance Association of Australia and New Zealand Conference,AFAANZ,,,"Information Systems†, , ",Information Systems†,,,,,,Australasian,Australasian,Australasian,Australasian,C,
Active and Real-Time Database Systems,ARTDB,,,"Data Format†, , ",Data Format†,,,,,,C,C,C,C,C,C
Advanced Concepts for Intelligent Vision Systems,ACIVS,acivs,B,"Computer vision and multimedia computation, , ",Computer vision and multimedia computation,,,B,B,B,B,B,B,B,B,B
Advanced Course on Artificial Intelligence,ACAI,,,"Artificial Intelligence and Image Processing†, , ",Artificial Intelligence and Image Processing†,,,,,,C,C,C,C,C,
Advanced Research in VLSI,ARVLSI,,,"Distributed Computing†, , ",Distributed Computing†,,,,,,C,C,C,C,C,C
Advanced Visual Interfaces,AVI,avi,B,"Human-centred computing, , ",Human-centred computing,,,B,B,B,B,B,B,B,B,
Advances in Cryptology,CRYPTO,crypto,A*,"Cybersecurity and privacy, , ",Cybersecurity and privacy,,,A*,A*,A*,A*,A*,A*,A*,A,A*
Advances in Financial Technologies,AFT,aft,B,"Distributed computing and systems software, Cybersecurity and privacy, ",Distributed computing and systems software,Cybersecurity and privacy,,,,,,,,,,
Advances in Information Systems,ADVIS,,,"Information Systems†, , ",Information Systems†,,,,,,C,C,C,C,C,
Advances in Intelligent Systems,AIS,,,"Artificial Intelligence and Image Processing†, , ",Artificial Intelligence and Image Processing†,,,,,,C,C,C,C,C,C
Advances in Modal Logic,AiML,aiml,B,"Theory of computation, , ",Theory of computation,,,B,B,A,A,A,A,A,A,A
Advances in Neural Information Processing Systems (was NIPS),NeurIPS,nips,A*,"Machine learning, , ",Machine learning,,,A*,A*,A*,A*,A*,A*,A*,A,A*
Advances in the Theory of Computing,AITC,,,"Computation Theory and Mathematics†, , ",Computation Theory and Mathematics†,,,,,,C,C,C,C,C,
Agent-Oriented Information Systems Workshop,AOIS,,,"Artificial Intelligence and Image Processing†, , ",Artificial Intelligence and Image Processing†,,,,,,,,B,B,B,B
Agent-Oriented Software Engineering Workshop (merged into EMAS in 2013),AOSE,,,"Artificial Intelligence and Image Processing†, Computer Software†, ",Artificial Intelligence and Image Processing†,Computer Software†,,,,,,,,,C,B
Algebraic Methodology and Software Technology,AMAST,,,"Computation Theory and Mathematics†, Computer Software†, ",Computation Theory and Mathematics†,Computer Software†,,,,,C,C,C,C,C,C
Algorithmic Learning Theory,ALT,alt,B,"Machine learning, , ",Machine learning,,,B,B,B,B,B,B,A,A,
Algorithms and Complexity in Durham,ACID,,,"Computation Theory and Mathematics†, , ",Computation Theory and Mathematics†,,,,,,C,C,C,C,C,L
Algorithms and Data Structures Symposium (was Workshop on Algorithms and Data Structures),WADS,wads,B,"Theory of computation, , ",Theory of computation,,,B,B,B,B,B,B,A,A,A
Algorithms and Experiments,ALEX,,,", , ",,,,,,,B,B,B,B,,B
Ambient Intelligence Developments,Aml.d,,,"Artificial Intelligence and Image Processing†, , ",Artificial Intelligence and Image Processing†,,,,,,C,C,C,C,C,
American Association of Cost Engineers Annual Meeting,AACE,,,"Building†, , ",Building†,,,,,,,,,,A,
American Federation of Information Processing Societies,AFIPS,,,"Artificial Intelligence and Image Processing†, Information Systems†, Computation Theory and Mathematics†",Artificial Intelligence and Image Processing†,Information Systems†,Computation Theory and Mathematics†,,,,A,,,,C,
American Medical Informatics Annual Fall Symposium,AMIA,amia,National: USA,"Applied computing, , ",Applied computing,,,National: USA,National: USA,National: USA,A,A,A,A,,A
"American Society for Heating, Refrigeration and Air Conditioning",ASHRAE,,,"Building†, , ",Building†,,,,,,,,,,A,
Americas Conference on Information Systems,AMCIS,amcis,,"Information Systems†, , ",Information Systems†,,,,,,A,A,A,A,A,B
Annual Computer Security Applications Conference,ACSAC,acsac,A,"Cybersecurity and privacy, , ",Cybersecurity and privacy,,,A,National: usa,National: usa,A,A,A,A,A,
Annual Conference of the Australasian Society for Computers in Learning in Tertiary Education,ASCILITE,,,"Other Information and Computing Sciences†, , ",Other Information and Computing Sciences†,,,,,,Australasian,Australasian,Australasian,Australasian,C,L
Annual Conference of the International Academy for Information Management,IAIM,,,"Information Systems†, , ",Information Systems†,,,,,,C,C,C,C,C,C
Annual Conference of the International Speech Communication Association (was Eurospeech),Interspeech,,,"Artificial Intelligence and Image Processing†, , ",Artificial Intelligence and Image Processing†,,,,,,,,A,A,A,
Annual Conference on Computer Science Logic,CSL,csl,B,"Theory of computation, , ",Theory of computation,,,B,B,B,B,B,B,B,,B
Annual Conference on Evolutionary Programming,EP,,,"Artificial Intelligence and Image Processing†, , ",Artificial Intelligence and Image Processing†,,,,,,C,C,C,C,C,C
Annual Conference on Innovation and Technology in Computer Science Education,ITiCSE,iticse,B,"Human-centred computing, , ",Human-centred computing,,,B,A,A,A,A,A,A,A,A
"Annual Conference on Privacy, Security and Trust",PST,pst,C,"Cybersecurity and privacy, , ",Cybersecurity and privacy,,,C,C,C,C,C,C,C,C,
"Annual Convention for Survey, Mapping and Remote Sensing",RS,,,"Geomatic Engineering †, , ",Geomatic Engineering †,,,,,,C,C,C,C,C,C
Annual Fall Workshop on Computational Geometry,CGW,,,"Computation Theory and Mathematics†, , ",Computation Theory and Mathematics†,,,,,,C,C,C,C,C,
"Annual IASTED International Conference on Networks, Parallel and Distributed Processing and Applications",NPDP,,,", , ",,,,,,,,,C,C,,C
Annual International Conference on Ada,TRI-Ada,,,"Computer Software†, , ",Computer Software†,,,,,,C,C,C,C,C,
Annual International Workshop on Presence,ISPR,,C,"Graphics, augmented reality and games, Human-centred computing, ","Graphics, augmented reality and games",Human-centred computing,,C,B,B,B,B,B,B,B,
Annual Meeting of the Cognitive Science Society,CogSci,cogsci,B,"Artificial intelligence, , ",Artificial intelligence,,,B,A,A,A,A,A,A,A,A
Annual Meeting of the Decision Sciences Institute,DSI,,,"Information Systems†, , ",Information Systems†,,,,,,C,C,C,C,C,C
Annual Meeting of the Special Interest Group on Discourse and Dialog,SIGdial,sigdial,B,"Artificial intelligence, , ",Artificial intelligence,,,B,B,C,C,C,C,C,C,
Annual PKI R&D Workshop,PKI,,,"Computer Software†, , ",Computer Software†,,,,,,C,C,C,C,C,
Annual PPIG Workshop,PPIG,ppig,,"Information Systems†, , ",Information Systems†,,,,,,B,B,B,B,B,B
Annual Simulation Symposium,ANSS,,,"Computation Theory and Mathematics†, , ",Computation Theory and Mathematics†,,,,,,B,B,C,C,C,
Annual conference of American Society for Information Science and Technology,ASIS&T,,,", , ",,,,,,,,,,,,A
AoM Organizational Communication and Information Systems,OCIS,,,"Information Systems†, , ",Information Systems†,,,,,,A,A,A,A,A,
Apple University Consortium Academic and Developers Conference,AUCADC,,,"Other Information and Computing Sciences†, , ",Other Information and Computing Sciences†,,,,,,C,C,C,C,C,L
Application of Computers and Operations Research in the Minerals Industries,APCOMin,,,"Geomatic Engineering †, Resources Engineering and Extractive Metallurgy†, ",Geomatic Engineering †,Resources Engineering and Extractive Metallurgy†,,,,,A,A,A,A,A,C
Application of Concurrency to System Design,ACSD,acsd,,"Distributed computing and systems software, , ",Distributed computing and systems software,,,,B,B,B,B,B,B,B,B
Applications of Information Visualization,IV-App,,C,"Human-centred computing, , ",Human-centred computing,,,C,C,C,C,C,C,C,C,
Applications of Natural Language to Data Bases,NLDB,nldb,C,"Artificial intelligence, Data management and data science, ",Artificial intelligence,Data management and data science,,C,C,C,C,C,C,C,C,C
Applied Computing Conference,ACC,,C,"Applied computing, , ",Applied computing,,,C,C,C,C,C,C,C,C,
Applied Perception in Graphics and Visualization,APGV,,,"Artificial Intelligence and Image Processing†, , ",Artificial Intelligence and Image Processing†,,,,,,C,C,C,C,C,
Architectural Support for Programming Languages and Operating Systems,ASPLOS,asplos,A*,"Software engineering, Distributed computing and systems software, ",Software engineering,Distributed computing and systems software,,A*,A*,A*,A*,A*,A*,A*,A,A*
Argentine Symposium on Artificial Intelligence,ASAI,,,"Artificial Intelligence and Image Processing†, , ",Artificial Intelligence and Image Processing†,,,,,,,C,C,C,C,
Argentine Workshop on Theoretical Informatics,AWTI,,,", , ",,,,,,,,,,,,B
Artificial Intelligence Applications and Innovations,AIAI,aiai,National/Regional,"Applied computing, Artificial intelligence, ",Applied computing,Artificial intelligence,,C,C,Regional,Regional,,,,,
Artificial Intelligence and Applications Conference,AIA,,,", , ",,,,,,,C,C,C,C,,C
Artificial Intelligence in Knowledge Management,AIKM,,,"Artificial Intelligence and Image Processing†, , ",Artificial Intelligence and Image Processing†,,,,,,C,C,C,C,C,
Artificial Intelligence in Medicine,AIIM,,,"Artificial Intelligence and Image Processing†, , ",Artificial Intelligence and Image Processing†,,,,,,A,A,A,A,A,A
Artificial Neural Networks in Engineering Conference,ANNIE,,,"Artificial Intelligence and Image Processing†, , ",Artificial Intelligence and Image Processing†,,,,,,B,B,B,B,B,B
"ArtsIT, Interactivity & Game Creation (was International Conference on Arts and Technology)",ArtsIT,artsit,C,"Graphics, augmented reality and games, Human-centred computing, ","Graphics, augmented reality and games",Human-centred computing,,C,C,C,C,C,C,C,C,
"Asia Conference on Information, Computer and Communications Security",AsiaCCS,asiaccs,A,"Cybersecurity and privacy, , ",Cybersecurity and privacy,,,A,A,B,B,B,B,B,B,
Asia Information Retrieval Symposium,AIRS,airs,,"Data management and data science, , ",Data management and data science,Library and Information Studies†,,,C,C,C,C,C,C,C,
Asia International Conference on Modelling and Simulation,AMS,,,"Computation Theory and Mathematics†, , ",Computation Theory and Mathematics†,,,,,,C,C,C,C,C,
Asia Pacific Association for Medical Informatics Conference,APAMI,,,", , ",,,,,,,,,,,,B
Asia Pacific Conference on Communications,APCC,apcc,C,"Distributed computing and systems software, , ",Distributed computing and systems software,,,C,C,B,B,B,B,B,B,B
Asia Pacific Conference on Hardware Description Languages (was Asia Pacific CHipDesign Languages),APCHDL,,,"Computer Hardware†, , ",Computer Hardware†,,,,,,C,C,C,C,C,L
Asia Pacific Decision Science Institute Conference,APDSI,,,"Computation Theory and Mathematics†, , ",Computation Theory and Mathematics†,,,,,,C,C,C,C,C,L
Asia Pacific Industrial Engineering and Management Systems and Chinese Institute of Industrial Engineers Conference,APIEMS CIIEC,,,"Design Practice and Management†, , ",Design Practice and Management†,,,,,,,,,,C,
Asia Pacific Research Symposium on Accounting Information Systems,APRSAIS,,,"Information Systems†, , ",Information Systems†,,,,,,C,C,C,C,C,
Asia Pacific Symposium on Intelligent and Evolutionary Systems (was Australia-Japan Joint Workshop on Intelligent and Evolutionary Systems),IES,,C,"Artificial intelligence, , ",Artificial intelligence,,,C,C,C,C,C,C,C,C,L
Asia and South Pacific Design Automation Conference,ASPDAC,aspdac,B,"Distributed computing and systems software, , ",Distributed computing and systems software,,,C,C,C,C,C,C,C,C,L
Asia-Pacific Bioinformatics Conference,APBC,apbc,B,"Applied computing, , ",Applied computing,,,B,B,B,B,B,B,B,B,B
Asia-Pacific Computer Human Interaction Conference,APCHI,,,"Design Practice and Management†, , ",Design Practice and Management†,,,,,,C,C,C,C,C,B
Asia-Pacific Conference on Complex Systems,Complex,,,"Artificial Intelligence and Image Processing†, , ",Artificial Intelligence and Image Processing†,,,,,,C,C,C,C,C,
Asia-Pacific Conference on Conceptual Modelling,APCCM,,Australasian C,"Data management and data science, , ",Data management and data science,,,Australasian C,Australasian C,Australasian C,B,B,B,B,B,
Asia-Pacific Conference on Simulated Evolution and Learning,SEAL,seal,,"Machine learning, , ",Machine learning,,,,,B,B,B,B,B,B,B
Asia-Pacific Forum on Engineering and Technology Education,AFETE,,,"Other Engineering†, , ",Other Engineering†,,,,,,C,C,C,C,C,L
Asia-Pacific Network Operations and Management Symposium,APNOMS,apnoms,C,"Distributed computing and systems software, , ",Distributed computing and systems software,,,C,C,C,C,C,C,C,C,B
Asia-Pacific Services Computing Conference,APSCC,,C,"Distributed computing and systems software, , ",Distributed computing and systems software,,,C,C,C,C,C,C,C,C,
Asia-Pacific Software Engineering Conference,APSEC,apsec,C,"Software engineering, , ",Software engineering,,,C,B,B,B,B,B,C,C,B
Asian Computing Science Conference,ASIAN,,,"Information and Computing Sciences†, , ",Information and Computing Sciences†,,,,,,B,B,B,B,B,B
Asian Conference on Computer Vision,ACCV,accv,B,"Computer vision and multimedia computation, , ",Computer vision and multimedia computation,,,B,B,B,B,B,B,B,B,B
Asian Conference on Intelligent Information and Database Systems,ACIIDS,aciids,B,"Data management and data science, Artificial intelligence, ",Data management and data science,Artificial intelligence,Library and Information Studies†,B,B,Unranked,Unranked,,,,,
Asian Conference on Machine Learning,ACML,acml,C,"Machine learning, , ",Machine learning,,,Unranked,Unranked,Unranked,Unranked,Unranked,Unranked,,,
Asian International Mobile Computing Conference,AMOC,,,"Distributed Computing†, , ",Distributed Computing†,,,,,,C,C,C,C,C,B
Asian Symposium on Computer Mathematics,ASCM,,,"Computation Theory and Mathematics†, , ",Computation Theory and Mathematics†,,,,,,C,C,C,C,C,
Asian-Pacific Conference on Computational Mechanics,APCOM,,,"Civil Engineering†, , ",Civil Engineering†,,,,,,,,,,A,
Asian-Pacific conferences on unsaturated soils,Unsat-Asian,,,"Civil Engineering†, , ",Civil Engineering†,,,,,,,,,,A,
"Asilomar Conference on Signals, Systems and Computing",ACSSC,acssc,National: USA,"Distributed computing and systems software, , ",Distributed computing and systems software,,,National: USA,National: USA,National: USA,C,C,C,C,C,L
Aspect-Orientation Asia,AO-Asia,,,"Computer Software†, , ",Computer Software†,,,,,,C,C,C,C,C,
Aspect-Oriented Software Development,AOSD,,,"Computer Software†, , ",Computer Software†,,,,,,A,A,A,A,A,A
Association for Computational Linguistics,ACL,acl,A*,"Artificial intelligence, , ",Artificial intelligence,,,A*,A*,A*,A*,A*,A*,A*,A,A*
Association for Computer Aided Design in Architecture (ACADIA) Conference,ACADIA,,,"Architecture†, , ",Architecture†,,,,,,,,,,A,
Association for Computer-Aided Architectural Design Research in Asia (CAADRIA) annual conference,CAADRIA,,C,"Applied computing, , ",Applied computing,Design Practice and Management†,Architecture†,C,B,B,B,B,B,B,B,C
Association of Architecture Schools of Australasia Annual Conference (AASA),AASA,,,"Architecture†, , ",Architecture†,,,,,,,,,,C,
Association of Collegiate Schools of Architecture (ACSA) Annual Meeting,ACSA,,,"Architecture†, , ",Architecture†,,,,,,,,,,B,
Association of Researchers in Construction Management Annual Conference,ARCOM,,,"Building†, , ",Building†,,,,,,,,,,A,
Athens Colloquium on Algorithms and Complexity,ACAC,,,"Computation Theory and Mathematics†, , ",Computation Theory and Mathematics†,,,,,,,,,,C,
Australasia Conference on Information Security and Privacy,AISP,,,"Information Systems†, , ",Information Systems†,,,,,,Australasian,Australasian,Australasian,Australasian,C,B
Australasian Cognitive Science Society Conference,AuCSS,,,"Artificial Intelligence and Image Processing†, , ",Artificial Intelligence and Image Processing†,,,,,,Australasian,Australasian,Australasian,Australasian,C,L
Australasian Compumod Users' Conference,COMPUMOD,,,"Computer Software†, , ",Computer Software†,,,,,,Australasian,Australasian,Australasian,Australasian,C,L
Australasian Computer Architecture Conference,ACAC,,,"Computer Software†, , ",Computer Software†,,,,,,Australasian,Australasian,Australasian,Australasian,,L
Australasian Computer Music Conference,ACMA,,,"Other Information and Computing Sciences†, , ",Other Information and Computing Sciences†,,,,,,Australasian,Australasian,Australasian,Australasian,C,L
Australasian Computer Science Conference,ACSC,,,"Information and Computing Sciences†, , ",Information and Computing Sciences†,,,,,,Australasian,Australasian,Australasian,Australasian,B,B
Australasian Computer Systems Architecture Conference (now Asia-Pacific Computer Systems Architecture Conference),ACSAC,,,", , ",,,,,,,,,,,,B
Australasian Computers in Education Conference,ACEC,,,"Other Information and Computing Sciences†, , ",Other Information and Computing Sciences†,,,,,,Australasian,Australasian,Australasian,Australasian,C,L
Australasian Computing Education Conference (ACE),ACE,ace,,", , ",,,,,,,,,,,,B
Australasian Conference on Combinatorial Mathematics and Combinatorial Computing,ACCMCC,,Australasian C,"Theory of computation, , ",Theory of computation,,,Australasian C,Australasian C,Australasian C,Australasian,Australasian,Australasian,Australasian,C,L
Australasian Conference on Information Security and Privacy,ACISP,acisp,Australasian B,"Cybersecurity and privacy, , ",Cybersecurity and privacy,,,Australasian B,Australasian B,Australasian B,Australasian,Australasian,Australasian,Australasian,B,B
Australasian Conference on Information Systems,ACIS,,,"Information Systems†, , ",Information Systems†,,,,,,Australasian,Australasian,Australasian,Australasian,A,B
Australasian Conference on Parallel and Real-Time Systems,APRTS,,,"Distributed Computing†, , ",Distributed Computing†,,,,,,Australasian,Australasian,Australasian,Australasian,C,L
Australasian Conference on Pattern Languages of Programs,KoalaPLoP,,,"Computer Software†, , ",Computer Software†,,,,,,Australasian,Australasian,Australasian,Australasian,C,
Australasian Conference on Robotics and Automation,ACRA,,Australasian C,"Artificial intelligence, Computer vision and multimedia computation, ",Artificial intelligence,Computer vision and multimedia computation,,Australasian C,Australasian C,Australasian C,Australasian,Australasian,Australasian,Australasian,B,B
Australasian Database Conference,ADC,adc,Australasian B,"Data management and data science, , ",Data management and data science,,,Australasian B,Australasian B,Australasian B,Australasian,Australasian,Australasian,Australasian,B,B
Australasian Document Computing Symposium,ADCS,adcs,Australasian B,"Data management and data science, , ",Data management and data science,,,Australasian B,Australasian B,Australasian B,Australasian,Australasian,Australasian,Australasian,,B
Australasian Housing Researchers Conference,AHRC,,,"Urban and Regional Planning†, , ",Urban and Regional Planning†,,,,,,,,,,A,
Australasian Information Security Conference,AISC,auisc,Australasian C,"Cybersecurity and privacy, , ",Cybersecurity and privacy,,,Australasian C,Australasian B,Australasian B,Australasian,Australasian,Australasian,Australasian,B,
Australasian Information Security Workshop 2007 (Privacy Enhancing Technologies),AISW-PET,,,"Computer Software†, , ",Computer Software†,,,,,,Australasian,Australasian,Australasian,Australasian,C,
Australasian Joint Conference on Artificial Intelligence,AI,ausai,Australasian B,"Artificial intelligence, Machine learning, Computer vision and multimedia computation",Artificial intelligence,Machine learning,Computer vision and multimedia computation,Australasian B,Australasian B,Australasian B,Australasian,Australasian,,,B,
Australasian Language Technology Workshop,ALTA,acl-alta,Australasian C,"Artificial intelligence, , ",Artificial intelligence,,,Australasian C,Australasian B,Australasian B,Australasian,Australasian,Australasian,Australasian,,B
Australasian Refinement Workshop,AuRW,,,"Computer Software†, , ",Computer Software†,,,,,,Australasian,Australasian,Australasian,Australasian,C,L
Australasian Remote Sensing Conference,ARSC,,,", , ",,,,,,,Australasian,Australasian,Australasian,Australasian,,L
Australasian Remote Sensing Conference and Photogrammetry Conference,ARSPC,,,"Communications Technologies†, , ",Communications Technologies†,,,,,,,,,,C,
Australasian Speech Science and Technology,SST,,Australasian C,"Artificial intelligence, , ",Artificial intelligence,,,Australasian C,Australasian C,Australasian C,Australasian,Australasian,Australasian,Australasian,B,B
Australasian Symposium on Grid Computing and e-Research (now AusPDC),AusGrid,,,"Distributed Computing†, , ",Distributed Computing†,,,,,,Australasian,Australasian,Australasian,Australasian,C,
Australasian Symposium on Parallel and Distributed Computing (was AusGrid),AusPDC,,Australasian C,"Distributed computing and systems software, , ",Distributed computing and systems software,,,Australasian C,Australasian C,Australasian C,Australasian,Australasian,Australasian,Australasian,C,
Australasian Transport Research Forum,ATRF,,,"Urban and Regional Planning†, Civil Engineering†, ",Urban and Regional Planning†,Civil Engineering†,,,,,,,,,A,
Australasian Urban and Regional Information Systems Association Conference,AURISA,,,"Information Systems†, , ",Information Systems†,,,,,,Australasian,Australasian,Australasian,Australasian,C,L
Australasian User Interface Conference,AUIC,,,"Information Systems†, , ",Information Systems†,,,,,,Australasian,Australasian,Australasian,Australasian,B,B
Australasian Women in Computing Workshop,WIC,,,"Other Information and Computing Sciences†, , ",Other Information and Computing Sciences†,,,,,,Australasian,Australasian,Australasian,Australasian,C,L
Australasian Workshop on Combinatorial Algorithms,AWOCA,,,"Computation Theory and Mathematics†, , ",Computation Theory and Mathematics†,,,,,,Australasian,Australasian,Australasian,Australasian,B,L
Australasian Workshop on Health Data and Knowledge Management,HDKM,,,"Data Format†, , ",Data Format†,,,,,,Australasian,Australasian,Australasian,Australasian,B,
Australian Computer Human Interaction Conference,OZCHI,ozchi,Australasian B,"Human-centred computing, , ",Human-centred computing,Design Practice and Management†,,Australasian B,Australasian B,Australasian B,Australasian,Australasian,Australasian,Australasian,B,B
Australian Conference for Knowledge Management and Intelligent Decision Support,ACKMIDS,,,"Artificial Intelligence and Image Processing†, , ",Artificial Intelligence and Image Processing†,,,,,,Australasian,Australasian,Australasian,Australasian,B,L
Australian Conference on Artificial Life and Computational Intelligence,ACALCI,acalci,,"Artificial intelligence, , ",Artificial intelligence,,,,,Australasian B,Australasian,Australasian,Australasian,Australasian,B,B
Australian Conference on Mathematics and Computers in Sport,MCSpo,,,", , ",,,,,,,Australasian,Australasian,Australasian,Australasian,,L
Australian Conference on Neural Networks,ACNN,,,"Artificial Intelligence and Image Processing†, , ",Artificial Intelligence and Image Processing†,,,,,,Australasian,Australasian,Australasian,Australasian,C,L
Australian Conference on Software Metrics,ACOSM,,,"Computer Software†, , ",Computer Software†,,,,,,Australasian,Australasian,Australasian,Australasian,C,B
Australian Data Mining Conference,AusDM,ausdm,Australasian C,"Data management and data science, Machine learning, ",Data management and data science,Machine learning,,Australasian C,Australasian B,Australasian B,Australasian,Australasian,Australasian,Australasian,B,B
Australian Game Developers Conference,AGDC,,,"Information Systems†, , ",Information Systems†,,,,,,Australasian,Australasian,Australasian,Australasian,C,
Australian Information Security Management Conference,ISM,,,"Data Format†, , ",Data Format†,,,,,,,,,,B,
Australian Information Warfare and Security Conference,WarSec,,,"Information Systems†, , ",Information Systems†,,,,,,Australasian,Australasian,Australasian,Australasian,C,L
Australian Institute of Building Surveyors International Refereed Conference,AIBS,,,"Building†, , ",Building†,,,,,,,,,,B,
Australian Institute of Computer Ethics Conference,AICE,,Australasian C,"Human-centred computing, , ",Human-centred computing,,,Australasian C,Australasian C,Australasian C,Australasian,Australasian,Australasian,Australasian,C,L
Australian Institute of Computer Ethics Conference,AICEC,,,", , ",,,,,,,Australasian,Australasian,Australasian,Australasian,,Australasian
Australian Joint Conference on Artificial Intelligence,AusAI,ausai,,", , ",,,,,,,Australasian,Australasian,Australasian,Australasian,,B
Australian Knowledge Acquisition Workshop,AKAW,,,"Artificial Intelligence and Image Processing†, , ",Artificial Intelligence and Image Processing†,,,,,,Australasian,Australasian,Australasian,Australasian,C,L
Australian MADYMO Users Meeting,MADYMO,,,"Artificial Intelligence and Image Processing†, , ",Artificial Intelligence and Image Processing†,,,,,,Australasian,Australasian,Australasian,Australasian,C,L
Australian MATLAB Conference,MATLAB,,,"Computation Theory and Mathematics†, , ",Computation Theory and Mathematics†,,,,,,Australasian,Australasian,Australasian,Australasian,C,L
Australian Pattern Recognition Society Conference,DICTA,,,", , ",,,,,,,,Australasian,Australasian,Australasian,,B
Australian Software Engineering Conference,ASWEC,aswec,,"Software engineering, , ",Software engineering,,,,,Australasian B,Australasian,Australasian,Australasian,Australasian,B,B
Australian Supercomputing Conference,ACS,,,"Distributed Computing†, , ",Distributed Computing†,,,,,,Australasian,Australasian,Australasian,Australasian,C,B
Australian Symposium on Information Visualisation,ASIV,,,"Artificial Intelligence and Image Processing†, , ",Artificial Intelligence and Image Processing†,,,,,,Australasian,Australasian,Australasian,Australasian,B,L
Australian UNIX Users Group National Conference,AUUG,,,"Computer Software†, , ",Computer Software†,,,,,,Australasian,Australasian,Australasian,Australasian,C,L
Australian Universities Building Education Association Annual Conference,AUBEA,,,"Building†, , ",Building†,,,,,,,,,,B,
Australian Women in IT Conference,AusWIT,,,", , ",,,,,,,Australasian,Australasian,Australasian,Australasian,,B
Australian Women in IT Conference,OzWIT,,,"Other Information and Computing Sciences†, , ",Other Information and Computing Sciences†,,,,,,Australasian,Australasian,Australasian,Australasian,B,
"Australian Workshop on Mobile Computing, Databases and Applications",MCDA,,,"Information Systems†, , ",Information Systems†,,,,,,Australasian,Australasian,Australasian,Australasian,C,L
Australian Workshop on Requirements Engineering,AWRE,,,"Computer Software†, Information Systems†, ",Computer Software†,Information Systems†,,,,,Australasian,Australasian,Australasian,Australasian,B,B
Australian Workshop on Safety Critical Systems and Software,SCSS,,,"Communications Technologies†, , ",Communications Technologies†,,,,,,Australasian,Australasian,Australasian,Australasian,C,L
Australian Workshop on Software Architecture,AWSA,,,"Computer Software†, , ",Computer Software†,,,,,,Australasian,Australasian,Australasian,Australasian,C,L
Australian World Wide Web Conference,AusWeb,,,"Distributed Computing†, , ",Distributed Computing†,,,,,,Australasian,Australasian,Australasian,Australasian,C,L
Australian and New Zealand Academy of Management Conference,ANZAM,,,"Information Systems†, , ",Information Systems†,,,,,,Australasian,Australasian,Australasian,Australasian,C,
Australian and New Zealand Architectural Science Association (ANZAScA) Annual Conference,ANZAScA,,,"Architecture†, Building†, ",Architecture†,Building†,,,,,,,,,B,
Australian and New Zealand Association of Planning schools,ANZAPS,,,"Building†, Urban and Regional Planning†, ",Building†,Urban and Regional Planning†,,,,,,,,,B,
Australian and New Zealand Intelligent Information Systems Conference,ANZIIS,,,"Information Systems†, , ",Information Systems†,,,,,,Australasian,Australasian,Australasian,Australasian,C,B
Australian and New Zealand Marketing Academy Conference,ANZMAC,,,"Information Systems†, , ",Information Systems†,,,,,,Australasian,Australasian,Australasian,Australasian,C,
Automated Software Engineering Conference,ASE,kbse,A*,"Software engineering, , ",Software engineering,,,A*,A*,A,A,A,A,A,A,A
Automation and Robotics International Symposium,ISARC,,,"Technology†, , ",Technology†,,,,,,,,,,B,
Automation of Software Test,AST,ast,C,"Software engineering, , ",Software engineering,,,C,C,C,C,C,C,C,C,
Benelux Workshop on Information and System Security,WISSec,,,"Computer Software†, , ",Computer Software†,,,,,,,,,,C,
Bioinformatics Visualization,BioViz,,,"Artificial Intelligence and Image Processing†, , ",Artificial Intelligence and Image Processing†,,,,,,C,C,C,C,C,
Bled Electronic Commerce Conference,BECC,,,"Information Systems†, , ",Information Systems†,,,,,,,,,,B,C
Body Sensor Networks,BSN,bsn,C,"Applied computing, , ",Applied computing,,,C,C,C,C,C,C,C,C,
Brazilian Symposium on Computer Graphics and Image Processing,SIBGRAPI,,,"Artificial Intelligence and Image Processing†, , ",Artificial Intelligence and Image Processing†,,,,,,,,,,C,
Brazilian Symposium on Databases,SBBD,,,"Data Format†, , ",Data Format†,,,,,,,,,,C,B
"Brazilian Symposium on Graphs, Algorithms and Combinatorics",GRACO,,,"Computation Theory and Mathematics†, , ",Computation Theory and Mathematics†,,,,,,,,,,C,
Brazilian Symposium on Information and Computer Systems Security,SBSEG,,,"Computer Software†, , ",Computer Software†,,,,,,,,,,C,
British Colloquium for Theoretical Computer Science,BCTCS,,,"Computation Theory and Mathematics†, , ",Computation Theory and Mathematics†,,,,,,,,,,C,
British Computer Society Conference on Human-Computer Interaction,HCI,,National,"Human-centred computing, , ",Human-centred computing,,,National,National,National,National,National,National,National,A,C
British Computer Society Formal Aspects of Computing Science Specialist Group Workshop,BCS-FMW,,,"Computation Theory and Mathematics†, , ",Computation Theory and Mathematics†,,,,,,,,,,C,L
British Machine Vision Conference,BMVC,bmvc,A,"Computer vision and multimedia computation, , ",Computer vision and multimedia computation,,,A,,,,,,,B,A
British National Conference on Databases,BNCOD,,,"Data Format†, , ",Data Format†,,,,,,,,,,B,B
Built Environment Education Conference,BEECON,,,"Built Environment and Design†, , ",Built Environment and Design†,,,,,,,,,,B,
CAADFutures Biennial conference,CAADFutures,,,"Architecture†, , ",Architecture†,,,,,,,,,,A,
CENTERIS - Conference on ENTERprise Information Systems,CENTERIS,,,"Information Systems†, , ",Information Systems†,,,,,,Unranked,,,,,
CGAL User Workshop,CGAL,,,"Computation Theory and Mathematics†, , ",Computation Theory and Mathematics†,,,,,,C,C,C,C,C,
CHI PLAY: The Annual Symposium on Computer-Human Interaction in Play,CHI PLAY,chiplay,Journal Published,"Human-centred computing, Graphics, augmented reality and games, ",Human-centred computing,"Graphics, augmented reality and games",,Journal Published,Journal Published,,,,,,,
CONFERENCE ON COMPUTER SCIENCE AND INTELLIGENCE SYSTEMS,FedCSIS,fedcsis,C,"Artificial intelligence, Software engineering, Applied computing",Artificial intelligence,Software engineering,Applied computing,Multi-conference,Multi-conference,,,,,,,
Canadian Artificial Intelligence Conference,CAAI,,,"Artificial Intelligence and Image Processing†, , ",Artificial Intelligence and Image Processing†,,,,,,,,,,B,B
Canadian Conference on Computational Geometry,CCCG,,,"Computation Theory and Mathematics†, , ",Computation Theory and Mathematics†,,,,,,,,,,C,B
Canadian Conference on Computer and Robot Vision,CRV,,,"Artificial Intelligence and Image Processing†, , ",Artificial Intelligence and Image Processing†,,,,,,,,,,C,
Canadian Conference on Electrical and Computer Engineering,CCECE,,,"Civil Engineering†, , ",Civil Engineering†,,,,,,,,,,C,
Canadian Discrete and Algorithmic Mathematics Conference,CanaDAM,,,"Computation Theory and Mathematics†, , ",Computation Theory and Mathematics†,,,,,,,,,,C,L
"Canadian Society for Civil Engineering, International Construction Specialty Conference",ICSC,,,"Civil Engineering†, , ",Civil Engineering†,,,,,,,,,,C,
Centre for Asian and Middle Eastern Architecture conference,CAMEA,,,"Architecture†, , ",Architecture†,,,,,,,,,,A,
Certified Programs and Proofs,CPP,cpp,B,"Theory of computation, Software engineering, ",Theory of computation,Software engineering,,,,,,,,,,
Challenges of Large Applications in Distributed Environments,CLADE,,,"Distributed Computing†, , ",Distributed Computing†,,,,,,C,C,C,C,C,
Chicago ASA Data Mining Conference- A Hard Look at DM,ASADM,,,", , ",,,,,,,,,,,,B
Chilean Database Workshop,JCC/WBD(CDW),,,"Data Format†, , ",Data Format†,,,,,,,,,,C,
ChinaGrid Annual Conference,ChinaGrid,,,"Distributed Computing†, , ",Distributed Computing†,,,,,,,,,,C,
Collaborative Electronic Commerce Technology and Research,CollECTeR,,,"Information Systems†, , ",Information Systems†,,,,,,B,B,B,B,B,C
"Colloquium on Mathematics and Computer Science: Algorithms, Trees, Combinatorics and Probabilities",MathInfo,,,"Computation Theory and Mathematics†, , ",Computation Theory and Mathematics†,,,,,,C,C,C,C,C,
Cologne-Twente Workshop on Graphs and Combinatorial Optimization,CTW,,C,"Theory of computation, , ",Theory of computation,,,C,C,C,C,C,C,C,C,
CombinaTexas: Combinatorics in the South-Central U.S.,Combina Texas,,,"Computation Theory and Mathematics†, , ",Computation Theory and Mathematics†,,,,,,,,,,C,
Combinatorial Pattern Matching,CPM,cpm,B,"Computer vision and multimedia computation, , ",Computer vision and multimedia computation,Data Format†,,B,B,B,B,B,B,B,B,B
Committee on Data for Science and Technology,CODATA,,,"Data Format†, , ",Data Format†,,,,,,C,C,C,C,C,
Complex Objects Visualization Workshop,COV,,,"Artificial Intelligence and Image Processing†, , ",Artificial Intelligence and Image Processing†,,,,,,C,C,C,C,C,
Complexity and information-theoretic approaches to biology,CITB,,,"Computer Software†, , ",Computer Software†,,,,,,B,B,B,B,B,B
Computability in Europe: Logic and Theory of Algorithms,CiE,cie,C,"Theory of computation, , ",Theory of computation,,,C,C,C,C,C,C,C,C,
Computational Intelligence in Security for Information Systems,CISIS,cisis-spain,National: Spain,"Cybersecurity and privacy, , ",Cybersecurity and privacy,,,National: Spain,National: Spain,National: Spain,National-Spanish,B,B,B,B,
Computational Techniques and Applications Conference,CTAC,,,"Computation Theory and Mathematics†, , ",Computation Theory and Mathematics†,,,,,,C,C,C,C,C,C
Computational Topology Workshop,CT,,,"Computation Theory and Mathematics†, , ",Computation Theory and Mathematics†,,,,,,C,C,C,C,C,
Computer Aided Verification,CAV,cav,A*,"Software engineering, Theory of computation, ",Software engineering,Theory of computation,,A*,A*,A*,A*,A*,A*,A*,A,A*
Computer Algebra in Scientific Computing,CASC,casc,B,"Theory of computation, , ",Theory of computation,,,B,B,,,,,,,
"Computer Animation, Information Visualisation, and Digital Effects",CAivDE,,C,"Graphics, augmented reality and games, Computer vision and multimedia computation, ","Graphics, augmented reality and games",Computer vision and multimedia computation,,C,C,C,C,C,C,C,C,
Computer Graphics International,CGI,cgi,C,"Graphics, augmented reality and games, Computer vision and multimedia computation, ","Graphics, augmented reality and games",Computer vision and multimedia computation,,C,B,B,B,B,B,B,B,A
Computer Science Research Conference,CSRC,,,"Information and Computing Sciences†, , ",Information and Computing Sciences†,,,,,,C,C,C,C,C,
Computer Sciences and Information Technologies,CSIT,,National,"Artificial intelligence, Software engineering, Data management and data science",Artificial intelligence,Software engineering,Data management and data science,National,National,,,,,,,
Computer Supported Collaborative Learning,CSCL,cscl,,"Human-centred computing, , ",Human-centred computing,,,,B,A,A,A,A,A*,A,A*
Computing in Civil Engineering and Building International Conference,ICCCBE,,,"Civil Engineering†, Building†, ",Civil Engineering†,Building†,,,,,,,,,C,
Computing in Education Group of Victoria Conference,CEG,,,"Other Information and Computing Sciences†, , ",Other Information and Computing Sciences†,,,,,,C,C,C,C,C,L
Computing: The Australasian Theory Symposium,CATS,,,"Computation Theory and Mathematics†, , ",Computation Theory and Mathematics†,,,,,,Australasian,Australasian,Australasian,Australasian,B,B
Conference for the International Simulation and Gaming Association,ISAGA,isaga,C,"Graphics, augmented reality and games, Human-centred computing, ","Graphics, augmented reality and games",Human-centred computing,,C,C,C,C,C,C,C,C,
Conference in Uncertainty in Artificial Intelligence,UAI,uai,A,"Artificial intelligence, , ",Artificial intelligence,,,A,A,A*,A*,A*,A*,A*,A,A*
Conference of South African Institute of Computer Scientists and Information Technologists,SAICSIT,,,"Information and Computing Sciences†, , ",Information and Computing Sciences†,,,,,,,,,,C,
Conference of the Association for Machine Translation in the Americas,AMTA,amta,National/Regional,"Artificial intelligence, , ",Artificial intelligence,,,National/Regional,National/Regional,B,B,B,B,B,B,
Conference of the Association of Asian-Pacific Operational Research Societies,APORS,,C,"Artificial intelligence, , ",Artificial intelligence,,,C,C,C,C,C,C,C,C,C
Conference of the Australian Institutes of Transport Research,CAITR,,,"Urban and Regional Planning†, , ",Urban and Regional Planning†,,,,,,,,,,C,
Conference of the Commission Internationale pour l'Etude et l'Amelioration de l'Enseignement des Mathematiques,CIEAEM,,,"Computation Theory and Mathematics†, , ",Computation Theory and Mathematics†,,,,,,C,C,C,C,C,C
Conference of the European Association for Machine Translation,EAMT,eamt,C,"Artificial intelligence, , ",Artificial intelligence,,,C,B,B,B,B,B,B,B,
Conference of the European Society for Fuzzy Logic and Technologies,EUSFLAT,eusflat,C,"Artificial intelligence, Theory of computation, Applied computing",Artificial intelligence,Theory of computation,Applied computing,C,C,,,,,,,
Conference of the International Society for Decision Support Systems,ISDSS,,,"Artificial Intelligence and Image Processing†, , ",Artificial Intelligence and Image Processing†,,,,,,C,C,C,C,C,C
Conference of the Pacific Association for Computational Linguistics,PACLING,pacling,,"Artificial intelligence, , ",Artificial intelligence,,,,B,B,B,B,B,B,B,B
Conference on Agile Software Development,XP,xpu,B,"Software engineering, , ",Software engineering,,,B,B,B,B,B,B,B,B,
Conference on Algebra and Coalgebra in Computer Science,CALCO,calco,B,"Theory of computation, , ",Theory of computation,,,B,B,,,,,,,
Conference on Algorithmic Aspects in Information and Management,AAIM,aaim,C,"Theory of computation, , ",Theory of computation,,,C,C,C,C,C,C,C,C,B
Conference on Algorithms and Hardware for Parallel Processing,CONPAR,,,"Distributed Computing†, , ",Distributed Computing†,,,,,,C,C,C,C,C,
Conference on Artificial Intelligence for Applications,CAIA,,,"Artificial Intelligence and Image Processing†, , ",Artificial Intelligence and Image Processing†,,,,,,B,B,B,B,B,B
Conference on Artificial Neural Networks and Expert systems,ANNES,,,"Artificial Intelligence and Image Processing†, , ",Artificial Intelligence and Image Processing†,,,,,,C,C,C,C,C,C
Conference on Combinatorial Optimization and Applications,COCOA,cocoa,C,"Artificial intelligence, , ",Artificial intelligence,,,C,B,B,B,B,B,B,B,B
Conference on Computational Natural Language Learning,CoNLL,conll,B,"Artificial intelligence, Machine learning, ",Artificial intelligence,Machine learning,,B,A,A,A,A,A,A,A,A
"Conference on Computers, Freedom, and Privacy",CFP,,,"Computer Software†, , ",Computer Software†,,,,,,C,C,C,C,C,
Conference on Construction Partnering,CII-HK,,,"Building†, , ",Building†,,,,,,,,,,C,
"Conference on Discrete Mathematics, Algebra and their Application",DIMA,,,"Computation Theory and Mathematics†, , ",Computation Theory and Mathematics†,,,,,,C,C,C,C,C,
Conference on File and Storage Technologies,FAST,fast,A,"Data management and data science, , ",Data management and data science,,,A,A,A,A,A,A,A,A,
Conference on Fun with Algorithms,FUN,fun,National: Italy,"Theory of computation, Data management and data science, ",Theory of computation,Data management and data science,,National: Italy,National: Italy,National: Italy,B,B,B,B,B,B
Conference on Games (was Computational Intelligence and Games CIG),COG,cig,C,"Graphics, augmented reality and games, Human-centred computing, ","Graphics, augmented reality and games",Human-centred computing,,C,C,C,C,C,C,C,C,
Conference on Graph Theory and Discrete Geometry,CGTDG,,,"Computation Theory and Mathematics†, , ",Computation Theory and Mathematics†,,,,,,C,C,C,C,C,
"Conference on Information Science, Technology and Management",CISTM,,,"Information Systems†, , ",Information Systems†,,,,,,B,B,B,B,B,B
Conference on Information Sciences and Systems,CISS,ciss,National: USA,"Distributed computing and systems software, , ",Distributed computing and systems software,,,National: USA,National: USA,National: USA,C,C,C,C,C,
"Conference on Innovation in Clouds, Internet and Networks",ICIN,icin,National: France,"Distributed computing and systems software, , ",Distributed computing and systems software,,,National: France,National: France,National: France,Unranked,,,,,
Conference on Innovative Data Systems Research,CIDR,cidr,A,"Data management and data science, , ",Data management and data science,,,A,A,A,A,A,A,A,A,A
Conference on Integer Programming and Combinatorial Optimization,IPCO,ipco,B,"Theory of computation, , ",Theory of computation,,,A,A,A,A,A,A,A,A,A
Conference on Intelligent Computer Mathematics,CICM,mkm,C,"Theory of computation, Software engineering, Artificial intelligence",Theory of computation,Software engineering,Artificial intelligence,C,C,,,,,,,
"Conference on Interactive Theorem Proving (previously TPHOLs, changed in 2009)",ITP,itp,B,"Theory of computation, , ",Theory of computation,,,A,A,A,A,A,A,A,A,
Conference on Learning Theory,COLT,colt,A*,"Machine learning, Artificial intelligence, ",Machine learning,Artificial intelligence,,A*,A*,A*,A*,A*,A*,A*,A,A*
Conference on Office Information Systems,SIGOA,,,"Information Systems†, , ",Information Systems†,,,,,,C,C,C,C,C,
Conference on Operational Research Practice in Africa,ORPA,,,"Computation Theory and Mathematics†, , ",Computation Theory and Mathematics†,,,,,,,,,,C,C
"Conference on Orders, Algorithms and Applications",Ordal,,,"Computation Theory and Mathematics†, , ",Computation Theory and Mathematics†,,,,,,C,C,C,C,C,
Conference on RFID Security,RFIDSec,rfidsec,,"Computer Software†, , ",Computer Software†,,,,,,C,C,C,C,C,
Conference on Robot Learning,CoRL,corl,Unranked,"Artificial intelligence, Machine learning, Computer vision and multimedia computation",Artificial intelligence,Machine learning,Computer vision and multimedia computation,Unranked,,,,,,,,
Conference on Security and Cryptography for Networks,SCN,scn,National: Italy,"Cybersecurity and privacy, , ",Cybersecurity and privacy,,,National: Italy,National: Italy,National: Italy,B,B,B,B,B,
Conference on Security in Network Architectures and Information Systems,SAR-SSI,,,"Computer Software†, , ",Computer Software†,,,,,,C,C,C,C,C,
"Conference on Software Engineering Education and Training (previously Conference is Software Engineering Education, CSEE, changed in 1997)",CSEET,csee,C,"Human-centred computing, , ",Human-centred computing,Engineering†,,C,C,C,C,C,C,C,C,
Conference on Software in Telecommunications and Computer Networks,SOFTCOM,softcom,National: Croatia,"Distributed computing and systems software, , ",Distributed computing and systems software,,,National: Croatia,National: Croatia,National: Croatia,B,B,B,B,B,B
Conference on Spatial Information Theory,COSIT,,,"Architecture†, , ",Architecture†,,,,,,,,,,C,
Conference on Theory and Applications of Models of Computation,TAMC,tamc,C,"Theory of computation, , ",Theory of computation,,,C,B,B,B,B,B,B,B,
Conference on Visualization and Data Analysis,VDA,vda,National: USA,"Human-centred computing, , ",Human-centred computing,,,National: USA,National: USA,National: USA,C,C,C,C,C,
Conference on the Quality of Software Architectures,QoSA,,,"Computer Software†, , ",Computer Software†,,,,,,,B,B,A,A,A
Conférence en Recherche d'information et Applications,CORIA,,,"Information and Computing Sciences†, , ",Information and Computing Sciences†,,,,,,,,,,C,
Congress of the Italian Assoc for AI,AI*IA,,,"Artificial Intelligence and Image Processing†, , ",Artificial Intelligence and Image Processing†,,,,,,,,,,B,B
Congress of the Modelling and Simulation Society of Australia and New Zealand,Modsim 03,,,"Environmental Engineering†, Civil Engineering†, ",Environmental Engineering†,Civil Engineering†,,,,,,,,,A,
ConnectED: International Conference on Design Education,ConnectED,,,"Architecture†, Design Practice and Management†, ",Architecture†,Design Practice and Management†,,,,,,,,,C,
Constraint Databases and Applications,CDB,,,"Data Format†, , ",Data Format†,,,,,,C,C,C,C,C,C
Constraint Programming Day,CPD,,,"Computation Theory and Mathematics†, , ",Computation Theory and Mathematics†,,,,,,C,C,C,C,C,C
"Construction Applications of Virtual Reality, International Conference",CAVR,,,"Building†, , ",Building†,,,,,,,,,,C,
Construction Applications to Virtual Reality Conference,CONVR,,,"Architecture†, , ",Architecture†,,,,,,,,,,C,
Construction Management and Economics Conference,CME 25,,,"Building†, , ",Building†,,,,,,,,,,A,
Construction Management and Real Estate International Symposium,CRIOCM,,,"Building†, , ",Building†,,,,,,,,,,B,
Construction in the Twenty-first Century Conferences,CITC,,,"Building†, , ",Building†,,,,,,,,,,B,
"Cooperative Design, Visualization, and Engineering",CDVE,cdve,C,"Human-centred computing, , ",Human-centred computing,,,C,C,C,C,C,C,C,C,
Cooperative Research Centre for Construction Innovation International Conference,CRCCI,,,"Building†, , ",Building†,,,,,,,,,,B,
Coordinated and Multiple Views in Exploratory Visualization,CMV,,,"Artificial Intelligence and Image Processing†, , ",Artificial Intelligence and Image Processing†,,,,,,C,C,C,C,C,
Creativity and Cognition,C&C,candc,B,"Human-centred computing, , ",Human-centred computing,,,,,,,,,,,
Crypto'Puces,Crypto'Puces,,,"Data Format†, , ",Data Format†,,,,,,,,,,C,
Cryptographers Track at RSA Conference,CT-RSA,ctrsa,B,"Cybersecurity and privacy, , ",Cybersecurity and privacy,,,B,B,B,B,B,B,B,B,B
Cryptography Policy and Algorithms Conference,CryPAC,,,"Data Format†, , ",Data Format†,,,,,,C,C,C,C,C,C
Cultural Attitudes towards Technology and Communications,CATAC,,,"Information Systems†, , ",Information Systems†,,,,,,B,B,B,B,B,
Cultural Heritage Knowledge Visualisation,CHKV,,,"Artificial Intelligence and Image Processing†, , ",Artificial Intelligence and Image Processing†,,,,,,C,C,C,C,C,
"Cumulus - International Association of Universities and Colleges of Art, Design and Media",CUMULUS,,,"Design Practice and Management†, , ",Design Practice and Management†,,,,,,,,,,C,
Current Trends in Theory and Practice of Computer Science,SOFSEM,sofsem,B,"Information and Computing Sciences, , ",Information and Computing Sciences,,,B,B,B,B,B,B,B,B,
DIMACS Workshop on Intrinsic Complexity of Computation,DIMACS Intrinsic,,,"Computation Theory and Mathematics†, , ",Computation Theory and Mathematics†,,,,,,C,C,C,C,C,
DNA Computing and Molecular Programming,DNA,dna,B,"Applied computing, , ",Applied computing,,,B,B,B,B,B,B,B,B,B
Data Compression Conference,DCC,dcc,B,"Data management and data science, , ",Data management and data science,,,B,B,A*,A*,A*,A*,A*,A,A*
Data Semantics in Web Information Systems,DASWIS,,,"Information Systems†, , ",Information Systems†,,,,,,C,C,C,C,C,C
Data Warehousing and Knowledge Discovery,DaWaK,dawak,B,"Data management and data science, Machine learning, ",Data management and data science,Machine learning,,B,B,B,B,B,B,B,B,B
Database Programming Languages,DBPL,dbpl,,"Data management and data science, , ",Data management and data science,,,,B,B,B,B,B,B,B,C
"Datenbanksysteme für Business, Technologie und Web",BTW,btw,National:Germany,"Data management and data science, , ",Data management and data science,,,National:Germany,National:Germany,,,,,,,
Declarative Agent Languages and Technologies (merged into EMAS in 2013),DALT,,,"Data Format†, , ",Data Format†,,,,,,,,,,B,
Deductive and Object-Oriented Databases,DOOD,dood,,"Information Systems†, , ",Information Systems†,,,,,,A,A,A,A,,A
Design Automation Conf,DAC,dac,A*,"CSE - Computer Systems Engineering, , ",CSE - Computer Systems Engineering,,,TBR,,,A,A,A,A,,A
Design Research Society (UK) International Conference,DRS,,,"Design Practice and Management†, , ",Design Practice and Management†,,,,,,,,,,B,
Design and Aesthetics in Visualisation,DAViz,,,"Artificial Intelligence and Image Processing†, , ",Artificial Intelligence and Image Processing†,,,,,,C,C,C,C,C,
Design and Emotion Society Conferences,D&E,,,"Design Practice and Management†, , ",Design Practice and Management†,,,,,,,,,,A,
Design and Management of Data Warehouses,DMDW,,,"Data Format†, , ",Data Format†,,,,,,C,C,C,C,C,C
Design for User Experience,DUX,,,"Information Systems†, Design Practice and Management†, ",Information Systems†,Design Practice and Management†,,,,,B,B,B,B,B,A
"Design, Automation and Test in Europe Conference",DATE,date,A,"CSE - Computer Systems Engineering, Software engineering, ",CSE - Computer Systems Engineering,Software engineering,,B,B,B,B,B,B,B,B,A
Designing Interactive Systems,DIS,ACMdis,A,"Human-centred computing, , ",Human-centred computing,Design Practice and Management†,,A,A,B,B,B,B,B,B,A
Designing Pleasurable Products And Interfaces,DPPI,,,"Design Practice and Management†, , ",Design Practice and Management†,,,,,,,,,,B,
Deutsche Arbeitsgemeinschaft für Mustererkennung DAGM e.V,DAGM,,,"Artificial Intelligence and Image Processing†, , ",Artificial Intelligence and Image Processing†,,,,,,,,,,B,
Developments in Language Theory,DLT,dlt,C,"Theory of computation, , ",Theory of computation,,,C,B,B,B,B,B,B,B,B
Developments in eSystems Engineering,DeSE,dese,C,"Information and Computing Sciences, , ",Information and Computing Sciences,Information Systems†,Computation Theory and Mathematics†,C,C,C,C,,,,,
Digital Arts and Culture,DAC,,,"Information Systems†, , ",Information Systems†,,,,,,,,,,C,
Digital Audio Effects Conference,DAFX,dafx,C,"Computer vision and multimedia computation, , ",Computer vision and multimedia computation,,,C,B,B,B,B,B,B,,B
Digital Games Research Conference,DIGRA,digra,C,"Graphics, augmented reality and games, Human-centred computing, ","Graphics, augmented reality and games",Human-centred computing,,C,C,C,C,C,C,C,C,A
Digital Image Computing Techniques and Applications,DICTA,dicta,Australasian C,"Computer vision and multimedia computation, , ",Computer vision and multimedia computation,,,Australasian C,Australasian B,Australasian B,Australasian,,,,B,
Discourse Anaphora and Anaphor Resolution Colloquium,DAARC,,,"Artificial Intelligence and Image Processing†, , ",Artificial Intelligence and Image Processing†,,,,,,C,C,C,C,C,
Discovery Science,DS,dis,B,"Machine learning, Artificial intelligence, Applied computing",Machine learning,Artificial intelligence,Applied computing,B,Unranked,Unranked,Unranked,,,,,
"Discrete Models: Combinatorics, Computation and Geometry",DM-CCG,,,"Computation Theory and Mathematics†, , ",Computation Theory and Mathematics†,,,,,,C,C,C,C,C,
Discrete and Algorithmic Geometry,DAG,,,"Computation Theory and Mathematics†, , ",Computation Theory and Mathematics†,,,,,,C,C,C,C,C,
Distributed Communities on the Web Workshop,Dcw,,,"Information Systems†, , ",Information Systems†,,,,,,C,C,C,C,C,C
Distributed Simulation Symposium,DSS,,,", , ",,,,,,,B,B,B,B,,B
Doing IT at Melbourne,DITAM,,,", , ",,,,,,,,L,L,L,,L
Domain - Specific Languages for Software Engineering,DSLSE,,,"Computer Software†, , ",Computer Software†,,,,,,C,C,C,C,C,C
Domain Specific Aspect Languages,DSAL,,,"Computer Software†, , ",Computer Software†,,,,,,C,C,C,C,C,
Durability of Building Materials and Components Conference,DBMC,,,"Civil Engineering†, , ",Civil Engineering†,,,,,,,,,,C,
Dutch Computational Geometry Day,DutchCG,,,"Computation Theory and Mathematics†, , ",Computation Theory and Mathematics†,,,,,,C,C,C,C,C,
Dynamic Graph Workshop,DGW,,,"Computation Theory and Mathematics†, , ",Computation Theory and Mathematics†,,,,,,C,C,C,C,C,
Dynamic Languages Symposium,DLS,dls,C,"Software engineering, , ",Software engineering,,,C,C,B,B,B,B,B,B,
ECRYPT Workshop on Cryptographic Hash Functions,ECRYPT,,,"Data Format†, , ",Data Format†,,,,,,C,C,C,C,C,
"EMAS (merger of DALT, AOSE and PROMAS)",EMAS,emas,B,"Artificial intelligence, , ",Artificial intelligence,Artificial Intelligence and Image Processing†,Computer Software†,B,B,B,B,B,B,B,,
ENVI and IDL Data Analysis and Visualization Symposium,VISualize,,,"Artificial Intelligence and Image Processing†, , ",Artificial Intelligence and Image Processing†,,,,,,C,C,C,C,C,
ERATO Conference on Quantum Information Science,EQIS,,,"Computation Theory and Mathematics†, , ",Computation Theory and Mathematics†,,,,,,C,C,C,C,C,
ERCIM Annual Workshop on Constraint Solving and Constraint Logic Programming,ERCIM/CSCLP,,,"Computation Theory and Mathematics†, , ",Computation Theory and Mathematics†,,,,,,B,B,B,B,B,B
ETHICOMP Conference,ETHICOMP,,C,"Human-centred computing, , ",Human-centred computing,,,C,B,B,B,B,B,B,B,C
EURO AMERICAN CONFERENCE ON TELEMATICS AND INFORMATION SYSTEMS,EATIS,eatis,C,"Distributed computing and systems software, Human-centred computing, ",Distributed computing and systems software,Human-centred computing,Information and Computing Sciences†,C,C,C,C,Unranked,Unranked,,,
East Asia Society for Transportation Studies Conference (biennial),EASTS,,,"Urban and Regional Planning†, , ",Urban and Regional Planning†,,,,,,,,,,C,
Education and Research in Computer Aided Architectural Design in Europe,eCAADe,,,"Architecture†, , ",Architecture†,,,,,,,,,,B,
Educational Data Mining,EDM,edm,B,"Applied computing, , ",Applied computing,,,B,B,B,,,,,B,
Embedded Sensor Networks Workshop,Emnets,,,"Communications Technologies†, , ",Communications Technologies†,,,,,,C,C,C,C,C,B
Empirical Methods in Natural Language Processing,EMNLP,emnlp,A*,"Artificial intelligence, , ",Artificial intelligence,,,A*,A,A,A,A,A,A,A,A
Enabling Grids for E-Science European Conference,EGEE,,,"Distributed Computing†, , ",Distributed Computing†,,,,,,C,C,C,C,C,
Engineering Applications of Artifical Intelligence,EAAI,,,"Artificial Intelligence and Image Processing†, , ",Artificial Intelligence and Image Processing†,,,,,,A,A,A,A,,A
Engineering Federated Information (Database) Systems,EFIS/EFDBS,,,", , ",,,,,,,C,C,C,C,,C
Engineering Interactive Computing Systems,EICS,eics,Journal Published,"Human-centred computing, Software engineering, ",Human-centred computing,Software engineering,,Journal Published,Journal Published,Unranked,Unranked,,,,,
Entertainment and media in the ubiquitous era (ACM),MINDTREK,,,"Design Practice and Management†, , ",Design Practice and Management†,,,,,,,,,,B,
Environmental Design Research Association,EDRA,,,"Design Practice and Management†, , ",Design Practice and Management†,,,,,,,,,,B,
Ershov Conference,PSI,ershov,,"Software engineering, Data management and data science, ",Software engineering,Data management and data science,,,,National: Russia,B,B,B,B,B,B
Euro XR International Conference (was Euro VR),Euro XR,eurovr,C,"Graphics, augmented reality and games, Human-centred computing, ","Graphics, augmented reality and games",Human-centred computing,,C,C,C,C,C,C,C,C,
"EuroConference on Combinatorics, Graph Theory and Applications",EUroComb,,C,"Theory of computation, , ",Theory of computation,,,C,C,C,C,C,C,C,C,
Eurographics Symposium on Parallel Graphics and Visualization,EGPGV,egpgv,C,"Graphics, augmented reality and games, Computer vision and multimedia computation, ","Graphics, augmented reality and games",Computer vision and multimedia computation,,C,B,B,B,B,B,B,B,
Eurographics/IEEE Symposium on Visualization,EuroVis,vissym,B,"Graphics, augmented reality and games, Human-centred computing, ","Graphics, augmented reality and games",Human-centred computing,,B,B,B,B,B,B,B,B,
Euromicro Conference Series on Digital System Design,DSD,dsd,C,"CSE - Computer Systems Engineering, Distributed computing and systems software, ",CSE - Computer Systems Engineering,Distributed computing and systems software,,,,,,,,,,
Euromicro Conference on Real-Time Systems,ECRTS,ecrts,B,"Distributed computing and systems software, , ",Distributed computing and systems software,,,B,A,A,A,A,A,A,A,A
Euromicro Conference on Software Engineering and Advanced Applications,SEAA,euromicro,B,"Software engineering, Applied computing, ",Software engineering,Applied computing,,B,B,B,B,B,C,C,C,
"Euromicro International Conference on Parallel, Distributed and Network Based Processing",PDP,pdp,C,"Distributed computing and systems software, , ",Distributed computing and systems software,,,C,C,C,C,C,C,C,C,C
European Academy of Design conferences,EAD,,,"Design Practice and Management†, , ",Design Practice and Management†,,,,,,,,,,C,
European Association for Computational Linguistics,EACL,eacl,A,"Artificial intelligence, , ",Artificial intelligence,,,A,A,A,A,A,A,A,A,A
European Chapter on Combinatorial Optimization,ECCO,,C,"Theory of computation, , ",Theory of computation,,,C,C,C,C,C,C,C,C,
European Computing Conference,ECC,,,"Information and Computing Sciences†, , ",Information and Computing Sciences†,,,,,,C,C,C,C,C,
European Conference of Information Warfare,ECIW,,,"Information Systems†, , ",Information Systems†,,,,,,C,C,C,C,C,
European Conference on Ambient Intelligence,AmI,ami,,"Distributed computing and systems software, Human-centred computing, Artificial intelligence",Distributed computing and systems software,Human-centred computing,Artificial intelligence,,C,C,C,C,C,C,C,
European Conference on Artificial Intelligence,ECAI,ecai,A,"Artificial intelligence, Computer vision and multimedia computation, Machine learning",Artificial intelligence,Computer vision and multimedia computation,Machine learning,A,A,A,A,A,A,A,A,A
European Conference on Artificial Life,ECAL,,,"Artificial Intelligence and Image Processing†, , ",Artificial Intelligence and Image Processing†,,,,,,B,B,B,B,B,B
European Conference on Computational Biology,ECCB,,C,"Applied computing, , ",Applied computing,,,C,B,B,B,B,B,B,B,B
European Conference on Computational Learning Theory (Now in COLT),EuroCOLT,,,"Artificial Intelligence and Image Processing†, , ",Artificial Intelligence and Image Processing†,,,,,,C,C,C,C,C,A
European Conference on Computational Mechanics,ECCM,,,"Civil Engineering†, , ",Civil Engineering†,,,,,,,,,,A,
European Conference on Computer Supported Cooperative Work,ECSCW,ecscw,B,"Human-centred computing, , ",Human-centred computing,,,B,B,B,B,B,B,B,B,A
European Conference on Computer Vision,ECCV,eccv,A*,"Computer vision and multimedia computation, , ",Computer vision and multimedia computation,,,A*,A*,A,A,A,A,A,A,A
European Conference on Digital Government (was European Conference on e-Government ECEG),ECDG,,C,"Applied computing, , ",Applied computing,,,C,C,C,C,C,C,C,C,B
European Conference on Evolutionary Computation in Combinatorial Optimisation,EvoCOP,evoW/evocop2019.html,B,"Artificial intelligence, , ",Artificial intelligence,Computation Theory and Mathematics†,,B,B,Unranked,Unranked,,,,,
European Conference on Genetic Programming,EUROGP,eurogp,B,"Artificial intelligence, , ",Artificial intelligence,,,B,B,B,B,B,B,B,B,B
European Conference on Information Management and Evaluation,ECIME,,,"Information Systems†, , ",Information Systems†,,,,,,C,C,C,C,C,B
European Conference on Information Retrieval,ECIR,ecir,A,"Data management and data science, , ",Data management and data science,Library and Information Studies†,,A,A,A,A,B,B,B,B,B
European Conference on Information Systems,ECIS,ecis,,"Information Systems†, , ",Information Systems†,,,,,,A,A,A,A,A,A
European Conference on Knowledge Management,EKM,,,"Information Systems†, , ",Information Systems†,,,,,,B,B,B,B,B,C
European Conference on Machine Learning (Joined with PKDD from 2008),ECML,,,"Artificial Intelligence and Image Processing†, , ",Artificial Intelligence and Image Processing†,,,,,,,,A,A,A,A
European Conference on Machine Learning and Principles and Practice of Knowledge Discovery in Database (PKDD and ECML combined from 2008),ECML PKDD,pkdd,A,"Machine learning, Data management and data science, ",Machine learning,Data management and data science,,A,A,A,A,A,A,A,A,A
European Conference on Modelling Foundations and Applications,ECMFA,ecmdafa,B,"Software engineering, , ",Software engineering,,,B,NEW,,,,,,,
European Conference on Multi-Agent Systems,EUMAS,eumas,C,"Artificial intelligence, , ",Artificial intelligence,,,C,C,C,C,C,C,C,C,
European Conference on Numerical Methods in Geotechnical Engineering,NUMGE,,,"Civil Engineering†, , ",Civil Engineering†,,,,,,,,,,A,
European Conference on Object-Oriented Programming,ECOOP,ecoop,A,"Software engineering, , ",Software engineering,,,A,A,A,A,A,A,A,A,A
European Conference on Operations Research,EURO,,C,"Artificial intelligence, , ",Artificial intelligence,,,C,C,C,C,C,C,C,C,
European Conference on Pattern Languages of Programs,EuroPLop,europlop,National: Germany,"Software engineering, , ",Software engineering,,,National: Germany,National: Germany,National: Germany,B,B,B,B,B,
European Conference on Research Methodology for Business and Management Studies,ECRM,,,"Information Systems†, , ",Information Systems†,,,,,,C,C,C,C,C,
European Conference on Software Architecture,ECSA,ecsa,B,"Software engineering, , ",Software engineering,,,A,A,A,A,A,A,,,
European Conference on Software Maintenance and Reengineering,CSMR,,,"Computer Software†, , ",Computer Software†,,,,,,C,C,C,C,C,
European Conference on Symbolic and Quantitative Approaches to Reasoning with Uncertainty,ECSQARU,ecsqaru,C,"Artificial intelligence, , ",Artificial intelligence,,,C,C,C,C,C,C,C,C,
European Conference on Technology Enhanced Learning,EC-TEL,ectel,B,"Applied computing, Human-centred computing, ",Applied computing,Human-centred computing,,B,B,,,,,,,
European Conference on Universal Multiservice Networks,ECUMN,,,"Distributed Computing†, , ",Distributed Computing†,,,,,,C,C,C,C,C,
European Congress on Intelligent Techniques and Soft Computing,EUFIT,,,"Artificial Intelligence and Image Processing†, , ",Artificial Intelligence and Image Processing†,,,,,,C,C,C,C,C,C
European Dependable Computing Conference,EDCC,edcc,Unranked,"Cybersecurity and privacy, Software engineering, Distributed computing and systems software",Cybersecurity and privacy,Software engineering,Distributed computing and systems software,Unranked,Unranked,Unranked,Unranked,,,,,
European Graphics Conference,EUROGRAPH,,,"Artificial Intelligence and Image Processing†, , ",Artificial Intelligence and Image Processing†,,,,,,A,A,A,A,A,A
European Grid Conference,EGC,,,", , ",,,,,,,B,B,B,B,,B
European Institute for Computer Anti-Virus Research EICAR Conference,EICAR,,,"Data Format†, , ",Data Format†,,,,,,C,C,C,C,C,C
European Lisp Workshop,ELW,,,"Computer Software†, , ",Computer Software†,,,,,,C,C,C,C,C,
European MPI Users' Group Conference,EuroMPI,pvm,C,"Distributed computing and systems software, , ",Distributed computing and systems software,,,C,C,C,C,C,C,C,C,A
European Natural Language Generation Workshop,EuroNLG,,,"Information Systems†, , ",Information Systems†,,,,,,B,B,B,B,B,
European PKI Workshop: Theory and Practice,EUROPKI,,,"Computer Software†, , ",Computer Software†,,,,,,B,B,B,B,B,
European SPI,EuroSPI,eurospi,B,"Software engineering, , ",Software engineering,,,B,B,B,B,B,B,B,B,A
European Signal Processing Conference,EUSIPCO,eusipco,,"Computer Hardware†, , ",Computer Hardware†,,,,,,B,B,B,B,B,B
European Simulation Symposium,ESS,,,"Artificial Intelligence and Image Processing†, , ",Artificial Intelligence and Image Processing†,,,,,,B,B,B,B,B,B
European Symposium On Research In Computer Security,ESORICS,esorics,A,"Cybersecurity and privacy, , ",Cybersecurity and privacy,,,A,A,A,A,A,A,A,A,A
European Symposium on Algorithms,ESA,esa,A,"Theory of computation, , ",Theory of computation,,,A,A,A,A,A,A,A,A,A
European Symposium on Artificial Neural Networks,ESANN,esann,B,"Machine learning, , ",Machine learning,,,B,B,B,B,B,B,B,B,
European Symposium on Gender and ICT,ESGICT,,,"Other Information and Computing Sciences†, , ",Other Information and Computing Sciences†,,,,,,C,C,C,C,C,
European Symposium on Programming,ESOP,esop,A,"Software engineering, , ",Software engineering,,,A,A,A,A,A,A,A,A,A
European Transport Conference,ETC,,,"Urban and Regional Planning†, , ",Urban and Regional Planning†,,,,,,,,,,B,
European Workshop on Advanced Mobile Robots,EuroBot,,,"Manufacturing Engineering†, , ",Manufacturing Engineering†,,,,,,C,C,C,C,C,C
European Workshop on Computational Geometry,EuroCG,,C,"Theory of computation, , ",Theory of computation,,,C,C,C,C,C,C,C,C,
European Workshop on Learning Robots,EWLR,,,", , ",,,,,,,B,B,B,B,,B
European Workshop on Modelling Autonomous Agents in a Multi-Agent World,MAAMAW,,,"Artificial Intelligence and Image Processing†, , ",Artificial Intelligence and Image Processing†,,,,,,C,C,C,C,C,
European Workshop on Security and Privacy in Ad -Hoc and Sensor Networks,ESAS,,,"Computer Software†, , ",Computer Software†,,,,,,C,C,C,C,C,
"European, Mediterranean and Middle Eastern Conference on Information Systems",EMCIS,,,"Information Systems†, , ",Information Systems†,,,,,,B,B,B,B,B,C
European-Japanese Conference on Information Modelling and Knowledge Bases,EJC,ejc,C,"Data management and data science, , ",Data management and data science,,,C,C,C,C,C,C,C,C,
Eurosys Conference,EuroSys,eurosys,A,"Distributed computing and systems software, , ",Distributed computing and systems software,,,A,A,A,A,A,A,A,A,A
Exploring Modelling Methods in Systems Analysis and Design,EMMSAD,emmsad,C,"Software engineering, , ",Software engineering,,,C,C,C,C,C,C,C,C,A
Extended Semantic Web Conference (was European Semantic Web Conference),ESWC,esws,B,"Data management and data science, , ",Data management and data science,Information Systems†,Data Format†,B,A,A,A,A,A,A,,A
Extending Database Technology,EDBT,edbt,B,"Data management and data science, , ",Data management and data science,,,A,A,A,A,A,A,A,A,A
Extreme Markup Languages,Extreme,,,"Computer Software†, , ",Computer Software†,,,,,,C,C,C,C,C,
Eye Tracking Research and Applications,ETRA,etra,B,"Human-centred computing, Graphics, augmented reality and games, Computer vision and multimedia computation",Human-centred computing,"Graphics, augmented reality and games",Computer vision and multimedia computation,B,B,,,,,,,
FIRA Robot World Congress,FIRA,,,"Manufacturing Engineering†, , ",Manufacturing Engineering†,,,,,,C,C,C,C,C,C
Far East Workshop on Future DB Systems,FEWFDB,,,"Data Format†, , ",Data Format†,,,,,,,,,,C,B
Field Programmable Logic and Applications,FPL,fpl,B,"CSE - Computer Systems Engineering, , ",CSE - Computer Systems Engineering,,,TBR,,,,,,,,
Financial Cryptography and Data Security Conference,FC,fc,A,"Cybersecurity and privacy, , ",Cybersecurity and privacy,,,A,A,B,B,B,B,A,A,
Finite Differences-Finite Elements-Finite Volumes-Boundary Elements,F-and-B,,,"Artificial Intelligence and Image Processing†, , ",Artificial Intelligence and Image Processing†,,,,,,C,C,C,C,C,
Flexible Query-Answering Systems,FQAS,fqas,C,"Data management and data science, , ",Data management and data science,,,C,C,C,C,C,C,C,C,C
Florida Artificial Intelligence Research Society Conference,FlAIRS,,National: USA,"Artificial intelligence, , ",Artificial intelligence,,,National: USA,National: USA,,,,,,C,L
Formal Methods Pacific,FMP,,,"Computation Theory and Mathematics†, , ",Computation Theory and Mathematics†,,,,,,C,C,C,C,C,C
Formal Methods in Computer-Aided Design,FMCAD,fmcad,B,"Software engineering, , ",Software engineering,Electrical and Electronic Engineering†,,B,B,Unranked,Unranked,,,,,
Formal Methods in Software Engineering and Defence Systems Workshop,FMSEDS,,,"Computer Software†, , ",Computer Software†,,,,,,C,C,C,C,C,C
Formal Power Series and Algebraic Combinatorics,FPSAC,,,"Computation Theory and Mathematics†, , ",Computation Theory and Mathematics†,,,,,,B,B,B,B,B,A
Formal Techniques in Real-Time and Fault Tolerant Systems,FTRTFT,,,", , ",,,,,,,B,B,B,B,,B
Formal and Computational Cryptography,FCC,,,"Data Format†, , ",Data Format†,,,,,,C,C,C,C,C,
Forum on Specification and Design Languages,FDL,fdl,C,"Software engineering, , ",Software engineering,,,C,C,C,C,C,C,C,C,
Foundations of Aspect-Oriented Languages,FOAL,,,"Computer Software†, , ",Computer Software†,,,,,,C,C,C,C,C,
Foundations of Genetic Algorithms,FOGA,foga,A,"Artificial intelligence, , ",Artificial intelligence,,,A,A,A*,A*,A*,A*,A*,A,A*
Foundations of Software Science and Computational Structures,FOSSACS,fossacs,B,"Theory of computation, Software engineering, ",Theory of computation,Software engineering,,A,A,A,A,A,A,C,C,B
Foundations of Software Technology and Theoretical Computer Science,FST&TCS,fsttcs,National: India,"Theory of computation, , ",Theory of computation,,,National: India,National: India,National: India,B,B,B,B,B,A
Franco-Canadian Workshop on Combinatorial Algorithms,ComAI,,,"Computation Theory and Mathematics†, , ",Computation Theory and Mathematics†,,,,,,,,,,C,
French Conference on Knowledge Acquisition and Machine Learning,FCKAML,,,"Artificial Intelligence and Image Processing†, , ",Artificial Intelligence and Image Processing†,,,,,,,,,,B,B
French Journées de Géométrie Algorithmique,JGA,,,"Computation Theory and Mathematics†, , ",Computation Theory and Mathematics†,,,,,,,,,,C,
French Speaking Conference on the Extraction and Management of Knowledge,EGC,,,"Artificial Intelligence and Image Processing†, , ",Artificial Intelligence and Image Processing†,,,,,,,,,,C,
Frontiers in Education,FIE,fie,C,"Human-centred computing, , ",Human-centred computing,,,C,C,B,B,B,B,B,,B
Functional and Declarative Programming in Education,FDPE,,,"Computer Software†, , ",Computer Software†,,,,,,C,C,C,C,C,
Fundamental Approaches to Software Engineering,FASE,fase,B,"Software engineering, , ",Software engineering,,,B,B,B,B,B,B,B,B,B
"GI International Conference on Detection of Intrusions and Malware, and Vulnerability Assessment",DIMVA,dimva,B,"Cybersecurity and privacy, , ",Cybersecurity and privacy,,,C,C,C,C,C,C,C,C,
GIS Planet Conference,GISPlanet,,,"Information Systems†, , ",Information Systems†,,,,,,C,C,C,C,C,
Game Developers Conference,GDC,,,"Information Systems†, , ",Information Systems†,,,,,,C,C,C,C,C,
Genetic and Evolutionary Computations,GECCO,gecco,A,"Artificial intelligence, , ",Artificial intelligence,Engineering†,,A,A,A,A,A,A,A,A,B
GeoShanghai International Conferences,GeoShanghai,,,"Civil Engineering†, , ",Civil Engineering†,,,,,,,,,,A,
GeoVisualization and Information Visualization,GeoViz,,,"Artificial Intelligence and Image Processing†, , ",Artificial Intelligence and Image Processing†,,,,,,C,C,C,C,C,
"Geometric Modelling and Imaging, International Conference (IEEE)",GMAI,,,"Design Practice and Management†, , ",Design Practice and Management†,,,,,,,,,,B,
Geometry Festival: An international workshop on Discrete Geometry and Rigidity,GeomFest,,,"Computation Theory and Mathematics†, , ",Computation Theory and Mathematics†,,,,,,C,C,C,C,C,
Geometry Modeling and Processing,GMP,,C,"Theory of computation, Graphics, augmented reality and games, ",Theory of computation,"Graphics, augmented reality and games",,C,B,B,B,B,B,B,B,B
German Conference on Artificial Intelligence,KI,,National/Regional,"Artificial Intelligence and Image Processing†, , ",Artificial Intelligence and Image Processing†,,,,,,,,,,C,B
German Conference on Multi-Agent system Technologies,MATES,,,"Artificial Intelligence and Image Processing†, , ",Artificial Intelligence and Image Processing†,,,,,,,,,,B,B
Global Chinese Conference on Computers in Education,GCCCE,,,"Other Information and Computing Sciences†, , ",Other Information and Computing Sciences†,,,,,,C,C,C,C,C,L
Global Information Technology Management Association World Conference,GITMA,,,"Information Systems†, , ",Information Systems†,,,,,,B,B,B,B,B,
Grace Hopper Celebration of Women in Computing,GHC,,,"Other Information and Computing Sciences†, , ",Other Information and Computing Sciences†,,,,,,C,C,C,C,C,
Graph Drawing,GD,gd,A,"Theory of computation, , ",Theory of computation,,,A,A,A,A,A,A,A,A,A
Graphics Interface,GI,graphicsinterface,B,"Graphics, augmented reality and games, Human-centred computing, ","Graphics, augmented reality and games",Human-centred computing,,B,,,B,B,B,B,B,
HCist - International Conference on Health and Social Care Information Systems and Technologies,HCist,,Unranked,"Applied computing, , ",Applied computing,Library and Information Studies†,,Unranked,Unranked,Unranked,Unranked,,,,,
Haskell Workshop,HASKELL,haskell,C,"Software engineering, , ",Software engineering,,,C,C,C,C,C,C,C,C,C
Hawaii International Conference on System Sciences,HICSS,hicss,,"Information Systems†, , ",Information Systems†,,,,,,A,A,A,A,A,B
Health Informatics Conference,HIC,,Australasian C,"Applied computing, , ",Applied computing,,,Australasian C,Australasian C,Australasian C,Australasian,Australasian,Australasian,Australasian,C,C
Healthy Buildings,HB,,,"Building†, , ",Building†,,,,,,,,,,A,
Hellenic Conference on Artificial Intelligence,SETN,,,"Artificial Intelligence and Image Processing†, , ",Artificial Intelligence and Image Processing†,,,,,,,,,,C,
Heterogeneity in Computing Workshop,HCW,,C,"Distributed computing and systems software, , ",Distributed computing and systems software,,,C,B,B,B,B,B,B,B,
High Performance Computing Symposium Canada,HPCS-Canada,,,"Distributed Computing†, , ",Distributed Computing†,,,,,,,,,,C,
High-Performance Grid Computing Workshop (part of IPDPS Conference),HPGrid,,,"Distributed Computing†, , ",Distributed Computing†,,,,,,C,C,C,C,C,
Hong Kong Institute of Value Management Conference,HKIVM,,,"Building†, , ",Building†,,,,,,,,,,A,
Human Factors and Ergonomics Conference (Human Factors and Ergonomics Society of Australia),HFESA,,,"Design Practice and Management†, , ",Design Practice and Management†,,,,,,,,,,C,
Human Language Technologies,HLT,,,", , ",,,,,,,B,B,B,B,,B
Human System Interaction,HSI,hsi,C,"Human-centred computing, , ",Human-centred computing,,,C,C,C,C,C,C,C,C,
Human-Agent Interaction,HAI,hai,B,"Human-centred computing, , ",Human-centred computing,,,B,B,Unranked,,,,,,
Hungarian National Conference on Agent Based Computation,HUNABC,,,"Artificial Intelligence and Image Processing†, , ",Artificial Intelligence and Image Processing†,,,,,,,,,,C,
IADIS International Conference Applied Computing,IADIS AC,,C,"Applied computing, , ",Applied computing,,,C,C,C,C,C,C,C,,C
IASTED International Conference on Applied Informatics,AI,,,", , ",,,,,,,,,C,C,,C
IASTED International Conference on Applied Simulation and Modelling,ASM,,,", , ",,,,,,,,,C,C,,C
IASTED International Conference on Artificial Intelligence and Soft Computing,ASC,,,", , ",,,,,,,,,C,C,,C
IASTED International Conference on Computers and Advanced Technology in Education,CATE,,,", , ",,,,,,,,,C,C,,C
IASTED International Conference on Intelligent Systems and Control,ISC,,,", , ",,,,,,,,,C,C,,C
"IASTED International Conference on Internet, Multimedia Systems and Applications",IMSA,,,", , ",,,,,,,,,C,C,,C
IASTED International Conference on Modelling and Simulation,MS,,,", , ",,,,,,,,,C,C,,C
"IASTED International Conference on Modelling, Identification, and Control",MIC,,,", , ",,,,,,,,,C,C,,C
"IASTED International Conference on Modelling, Simulation and Optimisation",ICMSO,,,"Artificial Intelligence and Image Processing†, , ",Artificial Intelligence and Image Processing†,,,,,,,,C,C,C,C
IASTED International Conference on Parallel and Distributed Computing and Networks,PDCN,,,", , ",,,,,,,,,C,C,,C
IASTED International Conference on Parallel and Distributed Computing and Systems,PDCS,,,", , ",,,,,,,,,C,C,,C
IASTED International Conference on Robotics and Manufacturing,RM,,,", , ",,,,,,,,,C,C,,C
IASTED International Conference on Signal and Image Processing,SIP,,,", , ",,,,,,,,,C,C,,C
IASTED International Conference on Software Engineering,SE,,,", , ",,,,,,,,,C,C,,C
IASTED International Conference on Software Engineering and Applications,SEA,,,", , ",,,,,,,,,C,C,,C
"IASTED International Conference on Visualization, Imaging, and Image Processing",VIIP,,,", , ",,,,,,,,,C,C,,C
"IASTED International Conferenceon AI, Exp Sys & Neural Networks",AEN,,,", , ",,,,,,,,,C,C,,C
IASTED International conference Law and Technology,LawTech,,,", , ",,,,,,,,,C,C,,C
IAVoSS Workshop On Trustworthy Elections,WOTE,,,"Computation Theory and Mathematics†, , ",Computation Theory and Mathematics†,,,,,,C,C,C,C,C,
"ICT in Education, Research, and Industrial Applications",ICTERI,icteri,National: Ukraine,"Applied computing, Data management and data science, ",Applied computing,Data management and data science,,National: Ukraine,National: Ukraine,,,,,,,
IDF Congress,IDFC,,,", , ",,,,,,,C,C,C,C,,C
IEEE Automatic Speech Recognition and Understanding Workshop,ASRU,asru,C,"Artificial intelligence, , ",Artificial intelligence,,,C,C,C,C,C,C,C,C,
IEEE Bioinformatics and Bioengineering,BIBE,bibe,C,"Applied computing, , ",Applied computing,,,C,C,C,C,C,C,C,C,C
IEEE Computational Systems Bioinformatics Conference,CSB,,,"Computer Software†, , ",Computer Software†,,,,,,A,A,A,A,A,A
IEEE Computer Communications Workshop,CCW,,,"Communications Technologies†, , ",Communications Technologies†,,,,,,B,B,B,B,B,B
IEEE Computer Security Foundations Symposium (was CSFW),CSF,csfw,A,"Cybersecurity and privacy, , ",Cybersecurity and privacy,,,A,A,A,A,A,A,A,A,
IEEE Computer Security Foundations Workshop,CSFW,,,", , ",,,,,,,,,,,,A
IEEE Conference of the Open Innovations Association FRUCT,FRUCT,fruct,Regional,"Distributed computing and systems software, Theory of computation, ",Distributed computing and systems software,Theory of computation,,Regional,Regional,,,,,,,
IEEE Conference on Cognitive and Computational Aspects of Situation Management,CogSIMA,cogsima,National:USA,"Distributed computing and systems software, , ",Distributed computing and systems software,Cognitive Science†,,National:USA,National:USA,National:USA,National:USA,,,,,
IEEE Conference on Computational Complexity,CCC,coco,A,"Theory of computation, , ",Theory of computation,,,A,A,A,A,A,B,B,B,
IEEE Conference on Computer Vision and Pattern Recognition,CVPR,cvpr,A*,"Computer vision and multimedia computation, , ",Computer vision and multimedia computation,,,A*,A*,A*,A*,A,A,A,A,A
IEEE Conference on Decision and Control,CDC,cdc,,"Communications Technologies†, , ",Communications Technologies†,,,,,,A,A,A,A,A,A
IEEE Conference on Electronic Commerce Technology (merger of CEC and EEE),CEC,,,"Information Systems†, , ",Information Systems†,,,,,,,,,,C,
"IEEE Conference on Electronic Commerce Technology and Enterprise Computing, e_Commerce and e-Services",CBI (was CEC/EEE),,,", , ",,,,,,,B,B,B,B,,B
"IEEE Conference on Information, Decision and Control",IDC,,,", , ",,,,,,,C,C,C,C,,C
IEEE Conference on Local Computer Networks,LCN,lcn,B,"Distributed computing and systems software, , ",Distributed computing and systems software,,,B,B,A,A,A,A,A,A,A
IEEE Conference on Mass Storage Systems and Technologies,MSST,mss,National: USA,"Distributed computing and systems software, , ",Distributed computing and systems software,,,National: USA,National: USA,National: USA,C,C,C,C,C,
IEEE Conference on Open Architecture and Network Programming,OPENARCH,,,"Distributed Computing†, , ",Distributed Computing†,,,,,,A,A,A,A,,A
"IEEE Conference on Systems, Man and Cybernetics",SMC,smc,B,"Human-centred computing, , ",Human-centred computing,,,B,B,B,B,B,B,B,B,B
IEEE Conference on Ultra Wideband Systems and Technologies,ICUWB,,,"Communications Technologies†, , ",Communications Technologies†,,,,,,,,,,C,
IEEE Conference on Virtual Reality and 3D User Interfaces,VR,vr,A*,"Graphics, augmented reality and games, Human-centred computing, ","Graphics, augmented reality and games",Human-centred computing,,A*,A*,A,A,A,A,B,B,
IEEE Conference on Wireless Communication and Sensor Networks,WCSN,,,"Communications Technologies†, , ",Communications Technologies†,,,,,,,,,,C,
IEEE Congress on Evolutionary Computation,CEC,cec,B,"Artificial intelligence, , ",Artificial intelligence,,,B,B,B,B,B,B,A,,A
IEEE Congress on Services,SERVICES,services,B,"Distributed computing and systems software, , ",Distributed computing and systems software,,,B,B,B,B,B,B,B,B,
IEEE Consumer Communications and Networking Conference,IEEE CCNC,ccnc,B,"Distributed computing and systems software, , ",Distributed computing and systems software,,,B,B,B,B,B,B,B,B,
IEEE Dynamic Spectrum Access Networks,DYSPAN,,,", , ",,,,,,,B,B,B,B,,B
IEEE European Conference on Web Services,ECOWS,,,"Information Systems†, , ",Information Systems†,,,,,,C,C,C,C,C,
IEEE European Symposium on Security and Privacy,EuroS&P,eurosp,A,"Cybersecurity and privacy, , ",Cybersecurity and privacy,Computation Theory and Mathematics†,,A,NEW,NEW,NEW,,,,,
IEEE European Test Symposium,ETS,ets,B,"CSE - Computer Systems Engineering, , ",CSE - Computer Systems Engineering,,,TBR,,,,,,,,
IEEE Global Engineering Education Conference,EDUCON,educon,C,"Applied computing, Human-centred computing, ",Applied computing,Human-centred computing,,,,,,,,,,
IEEE Global Information Infrastructure Symposium,GIIS,,,"Communications Technologies†, , ",Communications Technologies†,,,,,,,,,,C,
IEEE Global Internet Symposium,GI,,,"Distributed computing and systems software, , ",Distributed computing and systems software,,,,C,C,,,,,,
IEEE Global Telecommunications Conference,GLOBECOM,globecom,B,"Distributed computing and systems software, , ",Distributed computing and systems software,,,B,B,B,B,B,B,B,,B
IEEE Global Telecommunications Conference,IEEE GLOBECOM,,,"Computer Hardware†, , ",Computer Hardware†,,,,,,,,,,B,
IEEE Industrial Electronics Society,IECON,iecon,C,"CSE - Computer Systems Engineering, , ",CSE - Computer Systems Engineering,,,TBR,,,,,,,,
IEEE Industry Applications Society Annual Conference,IAS,iasam,National: USA,"Applied computing, , ",Applied computing,,,National: USA,National: USA,National: USA,C,C,C,C,,C
"IEEE Information Theory Workshop on Detection, Estimation, Classification and Imaging",DECI,,,"Computation Theory and Mathematics†, , ",Computation Theory and Mathematics†,,,,,,C,C,C,C,C,
IEEE Information Visualization Conference,IEEE InfoVis,infovis,,"Human-centred computing, , ",Human-centred computing,Information Systems†,,,,A*,A*,A*,A*,A*,A,A*
IEEE Intell Network Workshop,IN,,,", , ",,,,,,,B,B,B,B,,B
IEEE International Augmented Reality Toolkit Workshop,IARTW,,,"Information Systems†, , ",Information Systems†,,,,,,C,C,C,C,C,
IEEE International Conference and Workshop on the Engineering of Computer Based Systems,ECBS,,,"Communications Technologies†, , ",Communications Technologies†,,,,,,B,B,B,B,B,B
IEEE International Conference on 3D Systems Integration (combines ASET & 3D),IEEE 3D IC,,,"Civil Engineering†, , ",Civil Engineering†,,,,,,,,,,C,
"IEEE International Conference on Acoustics, Speech and Signal Processing",ICASSP,icassp,Multiconference,"Computer vision and multimedia computation, , ",Computer vision and multimedia computation,,,B,,,B,B,B,B,,B
IEEE International Conference on Adaptive and Intelligent Systems,ICAIS,,,"Artificial Intelligence and Image Processing†, , ",Artificial Intelligence and Image Processing†,,,,,,C,C,C,C,C,
IEEE International Conference on Advanced Learning Technologies,ICALT,icalt,B,"Applied computing, Human-centred computing, ",Applied computing,Human-centred computing,,B,B,,B,B,B,B,B,A
IEEE International Conference on Advanced Video and Signal Based Surveillance,AVSS,avss,B,"Computer vision and multimedia computation, , ",Computer vision and multimedia computation,,,B,B,B,B,B,B,B,B,A
IEEE International Conference on Automatic Face and Gesture Recognition,FG,fgr,B,"Computer vision and multimedia computation, , ",Computer vision and multimedia computation,,,B,C,C,C,C,C,C,C,
IEEE International Conference on Automation Science and Engineering,CASE,case,,"CSE - Computer Systems Engineering, , ",CSE - Computer Systems Engineering,,,TBR,,,,,,,,
IEEE International Conference on Autonomic Computing,ICAC,icac,,"Distributed computing and systems software, , ",Distributed computing and systems software,,,,B,B,B,B,B,B,B,
IEEE International Conference on Big Data,BigData,bigdataconf,B,"Data management and data science, Machine learning, Artificial intelligence",Data management and data science,Machine learning,Artificial intelligence,B,B,,,,,,,
IEEE International Conference on Blockchain and Cryptocurrency,ICBC,icbc2,C,"Distributed computing and systems software, Cybersecurity and privacy, Software engineering",Distributed computing and systems software,Cybersecurity and privacy,Software engineering,C,,,,,,,,
IEEE International Conference on COTS-Based Software Systems,ICCBSS,,,"Computer Software†, , ",Computer Software†,,,,,,C,C,C,C,C,B
IEEE International Conference on Cloud Computing,CLOUD,IEEEcloud,B,"Distributed computing and systems software, , ",Distributed computing and systems software,,,B,B,B,B,B,B,B,B,
IEEE International Conference on Cloud Computing Technology and Science (International Conference on Cloud Computing pre 2010),CloudCom,cloudcom,C,"Distributed computing and systems software, , ",Distributed computing and systems software,,,C,C,C,C,C,C,C,C,
IEEE International Conference on Cloud Computing in Emerging Markets,CCEM,,National:India,"Distributed computing and systems software, Artificial intelligence, Data management and data science",Distributed computing and systems software,Artificial intelligence,Data management and data science,National:India,National:India,,,,,,,
IEEE International Conference on Cluster Computing,CLUSTER,cluster,C,"Distributed computing and systems software, , ",Distributed computing and systems software,,,B,A,A,A,A,A,A,A,A
IEEE International Conference on Cognitive Informatics,ICCI,IEEEicci,C,"Artificial intelligence, Machine learning, ",Artificial intelligence,Machine learning,,C,C,C,,,,,C,
IEEE International Conference on Communications,ICC,icc,,"Computer Hardware†, , ",Computer Hardware†,,,,,,B,B,B,B,B,A
IEEE International Conference on Computational Cybernetics,ICCC,,,"Artificial Intelligence and Image Processing†, , ",Artificial Intelligence and Image Processing†,,,,,,,C,C,C,C,
IEEE International Conference on Computational Intelligence for Measurement Systems and Applications,CIMSA,,,"Artificial Intelligence and Image Processing†, , ",Artificial Intelligence and Image Processing†,,,,,,C,C,C,C,C,
IEEE International Conference on Computational Photography,ICCP,iccp,B,"Computer vision and multimedia computation, , ",Computer vision and multimedia computation,,,,,,,,,,,
IEEE International Conference on Computer Communications,INFOCOM,infocom,A*,"Distributed computing and systems software, , ",Distributed computing and systems software,,,A*,A*,A*,A*,A*,A*,A*,A,A*
IEEE International Conference on Computer Design,ICCD,iccd,C,"CSE - Computer Systems Engineering, , ",CSE - Computer Systems Engineering,,,TBR,,,,,,,,
IEEE International Conference on Computer Languages,ICCL,iccl,,"Computer Software†, , ",Computer Software†,,,,,,A,A,A,A,,A
IEEE International Conference on Computer Vision,ICCV,iccv,A*,"Computer vision and multimedia computation, , ",Computer vision and multimedia computation,,,A*,A*,A*,A*,A*,A*,A*,A,A*
IEEE International Conference on Computer and Information Technology,CIT,cit,C,"Information and Computing Sciences, , ",Information and Computing Sciences,,,C,C,C,C,C,C,C,C,
IEEE International Conference on Content-Based Multimedia Indexing,CBMI,cbmi,C,"Computer vision and multimedia computation, Machine learning, Artificial intelligence",Computer vision and multimedia computation,Machine learning,Artificial intelligence,,,,,,,,,
IEEE International Conference on Control Applications,CCA,,,"Computer Hardware†, , ",Computer Hardware†,,,,,,,,,,B,B
IEEE International Conference on Cybernetics and Intelligent Systems,CIS,,C,"Artificial intelligence, , ",Artificial intelligence,,,C,C,C,C,C,C,C,C,
IEEE International Conference on Data Mining,ICDM,icdm,A*,"Data management and data science, Machine learning, ",Data management and data science,Machine learning,,A*,A*,A*,A*,A*,A*,A*,A,A*
IEEE International Conference on Data Science and Advanced Analytics,DSAA,dsaa,B,"Data management and data science, Machine learning, ",Data management and data science,Machine learning,,B,A,,,,,,,
IEEE International Conference on Data Science and Engineering,ICDSE,,National:India,"Data management and data science, Machine learning, ",Data management and data science,Machine learning,,National:India,National:India,National:India,National:India,,,,,
IEEE International Conference on Digital EcoSystems and Technologies Conference,IEEE DEST,,,"Information Systems†, , ",Information Systems†,,,,,,C,C,C,C,C,
IEEE International Conference on Distributed Computing in Sensor Systems,DCOSS,dcoss,B,"Distributed computing and systems software, , ",Distributed computing and systems software,,,B,B,B,B,B,B,B,B,B
IEEE International Conference on Document Analysis and Recognition,ICDAR,icdar,A,"Data management and data science, , ",Data management and data science,,,A,A,A,A,A,A,A,,A
IEEE International Conference on Emerging Technologies and Factory Automation,ETFA,etfa,C,"CSE - Computer Systems Engineering, , ",CSE - Computer Systems Engineering,,,TBR,,,,,,,,
IEEE International Conference on Engineering of Complex Computer Systems,ICECCS,iceccs,B,"Software engineering, Distributed computing and systems software, ",Software engineering,Distributed computing and systems software,,B,B,A,A,A,A,A,A,A
"IEEE International Conference on Enterprise Computing, E-Commerce and E-Services",EEE,,,"Information Systems†, , ",Information Systems†,,,,,,C,C,C,C,C,B
IEEE International Conference on Fog and Edge Computing,ICFEC,icfec,C,"Distributed computing and systems software, Applied computing, ",Distributed computing and systems software,Applied computing,,C,C,,,,,,,
IEEE International Conference on Fuzzy Systems,FUZZ-IEEE,fuzzIEEE,B,"Artificial intelligence, , ",Artificial intelligence,,,B,B,A,A,A,A,A,A,A
IEEE International Conference on Global Software Engineering,ICGSE,icgse,C,"Software engineering, , ",Software engineering,,,C,C,C,C,C,C,C,C,
IEEE International Conference on Granular Computing,GrC,,,"Artificial Intelligence and Image Processing†, , ",Artificial Intelligence and Image Processing†,,,,,,C,C,C,C,C,
IEEE International Conference on High Performance Computing and Communications,HPCC,hpcc,C,"Distributed computing and systems software, , ",Distributed computing and systems software,,,C,B,B,B,B,B,B,B,
IEEE International Conference on High Performance Computing and Simulation,IEEE HPCS,ieeehpcs,,"Distributed computing and systems software, Artificial intelligence, ",Distributed computing and systems software,Artificial intelligence,,,B,B,B,B,B,B,B,
IEEE International Conference on Image Processing,ICIP,icip,B,"Computer vision and multimedia computation, , ",Computer vision and multimedia computation,,,B,B,B,B,B,B,B,B,A
IEEE International Conference on Industrial Informatics,INDIN,indin,C,"CSE - Computer Systems Engineering, , ",CSE - Computer Systems Engineering,,,TBR,,,,,,,,
IEEE International Conference on Industrial and Information Systems,ICIIS,,,"Communications Technologies†, , ",Communications Technologies†,,,,,,,,,,C,
IEEE International Conference on Information Reuse and Integration,IRI,iri,National: USA,"Data management and data science, Artificial intelligence, ",Data management and data science,Artificial intelligence,,National: USA,National: USA,National: USA,C,C,C,C,C,
IEEE International Conference on Information and Automation,IEEE ICIA,icinfa,,"Artificial intelligence, , ",Artificial intelligence,,,,National: China,National: China,C,C,C,C,C,
IEEE International Conference on Intelligence and Security Informatics,ISI,isi,C,"Cybersecurity and privacy, , ",Cybersecurity and privacy,,,C,C,C,C,C,C,C,C,
IEEE International Conference on Intelligence for Homeland Security and Personal Safety,CIHSPS,,,"Artificial Intelligence and Image Processing†, , ",Artificial Intelligence and Image Processing†,,,,,,C,C,C,C,C,
IEEE International Conference on Intelligent Computer Communication and Processing,ICCP,iccp2,,"Artificial intelligence, , ",Artificial intelligence,,,National: Romania,National: Romania,National: Romania,C,C,C,C,C,
IEEE International Conference on Intelligent Processing Systems,IPS,,,", , ",,,,,,,C,C,C,C,,C
IEEE International Conference on Intelligent Systems,IEEE IS,is,C,"Artificial intelligence, , ",Artificial intelligence,,,C,C,C,C,C,C,C,C,
IEEE International Conference on Mobile Ad-hoc and Sensor Systems,MASS,mass,B,"Distributed computing and systems software, , ",Distributed computing and systems software,,,B,B,B,B,B,B,B,B,A
IEEE International Conference on Multimedia Computing and Systems,ICMCS,,,"Information Systems†, , ",Information Systems†,,,,,,A,A,A,A,,A
IEEE International Conference on Multimedia and Expo,ICME,icmcs,A,"Computer vision and multimedia computation, , ",Computer vision and multimedia computation,,,A,A,B,B,B,B,B,B,B
IEEE International Conference on Multimedia in Education,MME,,,", , ",,,,,,,C,C,C,C,,C
IEEE International Conference on Networks,ICON,,,"Computer Hardware†, , ",Computer Hardware†,,,,,,B,B,B,B,B,B
IEEE International Conference on Neural Networks,ICNN,,,"Artificial Intelligence and Image Processing†, , ",Artificial Intelligence and Image Processing†,,,,,,B,B,B,B,B,A
IEEE International Conference on Parallel Processing Workshops,WoPP,,,"Distributed Computing†, , ",Distributed Computing†,,,,,,C,C,C,C,C,C
IEEE International Conference on Peer to Peer Computing,P2P,,,"Information Systems†, , ",Information Systems†,,,,,,C,C,C,C,C,A
IEEE International Conference on Pervasive Computing and Communications,PERCOM,percom,A*,"Human-centred computing, Distributed computing and systems software, ",Human-centred computing,Distributed computing and systems software,,A*,A*,A*,A*,A*,A*,A*,A,A*
"IEEE International Conference on Program Comprehension (previously IWPC, changed in 2006)",ICPC,iwpc,A,"Software engineering, , ",Software engineering,,,A,A,C,C,C,C,C,C,
IEEE International Conference on Quantum Computing and Engineering,QCE,qce,National/Regional,"CSE - Computer Systems Engineering, , ",CSE - Computer Systems Engineering,,,TBR,,,,,,,,
IEEE International Conference on Radio Frequency Identification,IEEE RFID,,,"Computer Hardware†, , ",Computer Hardware†,,,,,,B,B,B,B,B,B
IEEE International Conference on Robot and Human Interactive Communication,RO-MAN,ro-man,B,"Human-centred computing, Artificial intelligence, Applied computing",Human-centred computing,Artificial intelligence,Applied computing,,,,,,,,,
IEEE International Conference on Robotics and Automation,ICRA,icra,A*,"Artificial intelligence, CSE - Computer Systems Engineering, ",Artificial intelligence,CSE - Computer Systems Engineering,,A*,B (needs review),B,B,B,B,B,,B
"IEEE International Conference on Sensing, Communication and Networking",SECON,secon,B,"Distributed computing and systems software, , ",Distributed computing and systems software,,,B,B,B,B,B,B,B,B,B
IEEE International Conference on Service-Oriented Computing and Applications,SOCA,soca,,"Distributed computing and systems software, , ",Distributed computing and systems software,,,,C,C,C,C,C,C,C,
IEEE International Conference on Signal Processing and Communication,ICSPC,,,"Communications Technologies†, , ",Communications Technologies†,,,,,,,,,,C,
IEEE International Conference on Smart Computing,SmartComp,smartcomp,B,"Applied computing, Machine learning, Distributed computing and systems software",Applied computing,Machine learning,Distributed computing and systems software,,,,,,,,,
"IEEE International Conference on Software Analysis, Evolution and Reengineering",SANER,saner,A,"Software engineering, , ",Software engineering,,,A,A,,,,,,,
"IEEE International Conference on Software Maintenance and Evolution (prior to 2014 was ICSM, IEEE International Conference on Software Maintenance)",ICSME,icsm,A,"Software engineering, , ",Software engineering,,,A,A,A,A,A,A,A,A,A
IEEE International Conference on Software Services Engineering (previously IEEE International Conference on Services Computing SCC),IEEE SSE,IEEEscc,B,"Distributed computing and systems software, , ",Distributed computing and systems software,,,B,B,A,A,A,A,A,A,A
IEEE International Conference on Telecommunications,ICT,,,"Communications Technologies†, , ",Communications Technologies†,,,,,,,,,,C,
IEEE International Conference on Visual Communications and Image Processing (was SPIE ... pre 2011),VCIP,vcip,C,"Computer vision and multimedia computation, , ",Computer vision and multimedia computation,,,C,B,B,B,B,B,B,B,A
IEEE International Conference on Web Services,ICWS,icws,A,"Distributed computing and systems software, , ",Distributed computing and systems software,,,A,A,A,A,A,A,A,A,B
IEEE International Conference on Wireless Information Technology and Systems,ICWITS,,,"Distributed Computing†, , ",Distributed Computing†,,,,,,B,B,B,B,B,
"IEEE International Conference on Wireless and Mobile Computing, Networking and Communications",WiMob,wimob,B,"Distributed computing and systems software, , ",Distributed computing and systems software,Communications Technologies†,,B,B,B,B,,,,C,
IEEE International Conference on e-Business Engineering,ICEBE,,,"Data Format†, Design Practice and Management†, ",Data Format†,Design Practice and Management†,,,,,B,B,B,B,B,B
IEEE International Conference on e-Science and Grid Computing,e-Science,eScience,B,"Distributed computing and systems software, Applied computing, Software engineering",Distributed computing and systems software,Applied computing,Software engineering,B,B,A,A,A,A,A,A,A
IEEE International Dynamic Spectrum Access Networks Symposium,IEEE DYSPAN,,,"Communications Technologies†, , ",Communications Technologies†,,,,,,,,,,B,
IEEE International Enterprise Distributed Object Computing Conference,EDOC,edoc,B,"Distributed computing and systems software, , ",Distributed computing and systems software,,,B,B,B,B,B,B,B,B,
IEEE International Geoscience and Remote Sensing Symposium,IGARSS,igarss,C,"Applied computing, , ",Applied computing,,,C,C,C,C,C,C,C,C,C
IEEE International High Level Design Validation and Test Workshop,HLDVT,,,"Communications Technologies†, , ",Communications Technologies†,,,,,,,,,,C,
IEEE International Joint Conference on Neural Networks,IJCNN,ijcnn,B,"Machine learning, , ",Machine learning,,,B,B,A,A,A,A,A,A,A
IEEE International Multioptic Conference,INMIC,,,"Information and Computing Sciences†, , ",Information and Computing Sciences†,,,,,,C,C,C,C,C,
IEEE International Parallel and Distributed Processing Symposium (was IPPS and SPDP),IPDPS,ipps,A,"Distributed computing and systems software, CSE - Computer Systems Engineering, ",Distributed computing and systems software,CSE - Computer Systems Engineering,,A,A,A,A,A,A,A,A,A
IEEE International Performance Computing and Communications Conference,IPCCC,ipccc,C,"Distributed computing and systems software, , ",Distributed computing and systems software,,,C,B,B,B,B,B,B,B,B
IEEE International Requirements Engineering Conference,RE,re,A,"Software engineering, , ",Software engineering,,,A,A,A,A,A,A,A,A,A
IEEE International Scientific Conference on Informatics,Informatics,,National:Slovakia,"Theory of computation, Software engineering, ",Theory of computation,Software engineering,,National:Slovakia,National:Slovakia,,,,,,,
IEEE International Solid-State Circuits Conference,ISSCC,,,", , ",,,,,,,A,A,A,A,,A
IEEE International Symposium on Adaptive Dynamic Programming and Reinforcement Learning,IEEE ADPRL,,C,"Machine learning, , ",Machine learning,,,C,C,C,C,C,C,C,C,
IEEE International Symposium on Artificial Life,IEEE Alife,,C,"Artificial intelligence, , ",Artificial intelligence,,,C,C,A,A,A,A,A,A,A
IEEE International Symposium on Circuits and Systems,ISCAS,iscas,C,"CSE - Computer Systems Engineering, , ",CSE - Computer Systems Engineering,,,TBR,,,,,,,,
"IEEE International Symposium on Cluster, Cloud and Grid Computing",CCGRID,ccgrid,B,"Distributed computing and systems software, , ",Distributed computing and systems software,,,B,A,A,A,A,A,A,A,A
IEEE International Symposium on Computer-Based Medical Systems,CBMS,cbms,B,"Applied computing, Human-centred computing, Machine learning",Applied computing,Human-centred computing,Machine learning,,,,,,,,,
IEEE International Symposium on High Assurance Systems Engineering,HASE,hase,,"Software engineering, , ",Software engineering,,,,B,B,B,B,B,B,B,B
IEEE International Symposium on Information Theory,ISIT,isit,B,"Information and Computing Sciences, , ",Information and Computing Sciences,,,B,B,B,B,B,B,B,B,
IEEE International Symposium on Intelligence in Neural & Biological Systems,INBS,,,", , ",,,,,,,B,B,B,B,,B
IEEE International Symposium on Intelligent Control,ISIC,,,"Communications Technologies†, , ",Communications Technologies†,,,,,,B,B,B,B,B,B
IEEE International Symposium on Multimedia,ISM,ism,C,"Computer vision and multimedia computation, , ",Computer vision and multimedia computation,,,C,C,C,C,C,C,C,,
IEEE International Symposium on Network Computing and Applications,NCA,nca,B,"Distributed computing and systems software, , ",Distributed computing and systems software,,,B,B,A,A,A,A,A,A,C
IEEE International Symposium on Parallel and Distributed Processing with Applications,ISPA,ispa,C,"Distributed computing and systems software, , ",Distributed computing and systems software,,,C,C,B,B,B,B,B,B,
IEEE International Symposium on Performance Analysis of Systems and Software,ISPASS,ispass,B,"Software engineering, , ",Software engineering,,,B,B,B,B,C,C,C,C,
IEEE International Symposium on Personal and Indoor Mobile Radio Conference,PIMRC,pimrc,B,"Distributed computing and systems software, , ",Distributed computing and systems software,,,B,B,B,B,B,B,B,B,B
IEEE International Symposium on Rapid System Prototyping (was IEEE Symposium on Rapid Prototyping),RSP,rsp,C,"Software engineering, , ",Software engineering,,,C,C,C,C,C,C,C,C,
IEEE International Symposium on Real-Time Distributed Computing,ISORC,isorc,C,"Distributed computing and systems software, , ",Distributed computing and systems software,,,C,C,C,C,C,C,C,C,C
IEEE International Symposium on Security in Networks and Distributed Systems,SSNDS,,,"Computer Software†, , ",Computer Software†,,,,,,C,C,C,C,C,
IEEE International Symposium on Software Metrics,SMS,,,"Computer Software†, , ",Computer Software†,,,,,,A,A,A,A,,A
IEEE International Symposium on Wearable Computers,ISWC,iswc,Journal Published,"Human-centred computing, , ",Human-centred computing,,,Journal Published,,,,,,,A,A*
IEEE International Symposium on Web Systems Evolution,WSE,,,"Information Systems†, , ",Information Systems†,,,,,,C,C,C,C,C,
"IEEE International Symposium on a World of Wireless, Mobile and Multimedia Networks",WoWMoM,wowmom,C,"Distributed computing and systems software, , ",Distributed computing and systems software,,,B,B,A,A,A,A,A,A,A
IEEE International Test Conference,ITC,itc,A,"CSE - Computer Systems Engineering, , ",CSE - Computer Systems Engineering,,,TBR,,,,B,B,B,B,B
IEEE International Working Conference on Mining Software Repositories,MSR,msr,A,"Software engineering, Data management and data science, ",Software engineering,Data management and data science,,A,A,A,A,C,C,C,C,
IEEE International Working Conference on Software Visualisation,VISSOFT,vissoft,B,"Human-centred computing, Software engineering, ",Human-centred computing,Software engineering,,B,B,B,B,B,B,B,B,
IEEE International Working Conference on Source Code Analysis and Manipulation,SCAM,scam,C,"Software engineering, , ",Software engineering,,,C,C,C,C,C,C,C,C,
IEEE International Workshop on Cellular Nanoscale Networks and Applications,CNNA,,,"Artificial Intelligence and Image Processing†, , ",Artificial Intelligence and Image Processing†,,,,,,C,C,C,C,C,
IEEE International Workshop on Cluster Computing and the Grid,IWCC,,,", , ",,,,,,,C,C,C,C,,C
IEEE International Workshop on Databases for Next-Generation Researchers,SWOD,,,"Data Format†, , ",Data Format†,,,,,,C,C,C,C,C,
IEEE International Workshop on Future Trends of Distributed Computing Systems,FTDCS,,,"Distributed Computing†, , ",Distributed Computing†,,,,,,C,C,C,C,C,
IEEE International Workshop on Neural Networks for Signal Processing,NNSP,,,"Artificial Intelligence and Image Processing†, , ",Artificial Intelligence and Image Processing†,,,,,,C,C,C,C,C,C
IEEE International Workshop on Object-Oriented Real-Time Dependable Systems,WORDS,,,"Communications Technologies†, , ",Communications Technologies†,,,,,,B,B,B,B,B,B
IEEE International Workshop on Quality of Service,IWQoS,iwqos,B,"Distributed computing and systems software, , ",Distributed computing and systems software,,,B,B,B,B,B,B,B,B,A*
IEEE International Workshop on the Value of Security through Collaboration,SECOVAL,,,"Communications Technologies†, , ",Communications Technologies†,,,,,,,,,,C,
IEEE LAN/MAN Workshop,LANMAN,lanman,C,"Distributed computing and systems software, , ",Distributed computing and systems software,,,C,C,C,C,C,C,C,,C
IEEE Latin-American Conference on Communications,latincom,,,"Communications Technologies†, , ",Communications Technologies†,,,,,,,,,,C,
IEEE Network Operations and Management Symposium,NOMS,noms,B,"Distributed computing and systems software, , ",Distributed computing and systems software,,,B,B,B,B,B,B,B,B,B
IEEE Pacific Visualization Symposium (was APVIS),PacificVis,pacificvis,B,"Human-centred computing, , ",Human-centred computing,,,B,B,B,B,B,A,B,B,
IEEE Pacific-Rim Conference on Multimedia,PMIP,,,", , ",,,,,,,,,,,,C
IEEE Real-Time and Embedded Technology and Applications Symposium,RTAS,rtas,A,"Distributed computing and systems software, , ",Distributed computing and systems software,,,A,A,A,A,A,A,A,A,A
IEEE Region 10 Conference,Tencon,tencon,C,"Information and Computing Sciences, , ",Information and Computing Sciences,Computer Hardware†,,C,C,C,C,C,C,C,C,C
IEEE Software Engineering Workshop,SEW,,C,"Software engineering, , ",Software engineering,,,C,C,C,C,C,C,C,C,
IEEE Swarm Intelligence Symposium,IEEE SIS,,C,"Artificial intelligence, , ",Artificial intelligence,,,C,C,C,C,C,C,C,C,
IEEE Symposium on 3D User Interfaces,3DUI,,,"Artificial Intelligence and Image Processing†, , ",Artificial Intelligence and Image Processing†,,,,,,,B,B,B,B,
IEEE Symposium on Advanced Management of Information for Globalized Enterprises,AMIGE,,,"Information Systems†, , ",Information Systems†,,,,,,C,C,C,C,C,
IEEE Symposium on Computational Intelligence and Data Mining,CIDM,,C,"Data management and data science, Machine learning, ",Data management and data science,Machine learning,,C,C,C,C,C,C,C,C,
IEEE Symposium on Computational Intelligence for Financial Engineering,IEEE CIFEr,cifer,C,"Applied computing, , ",Applied computing,,,C,C,C,C,C,C,C,C,
IEEE Symposium on Computational Intelligence for Security and Defence Applications,IEEE CISDA,,C,"Applied computing, , ",Applied computing,,,C,C,C,C,C,C,C,C,
IEEE Symposium on Computational Intelligence in Bioinformatics and Computational Biology,CIBCB,cibcb,C,"Applied computing, , ",Applied computing,,,C,C,C,C,C,C,C,C,
IEEE Symposium on Computational Intelligence in Control and Automation,IEEE CICA,,C,"Artificial intelligence, , ",Artificial intelligence,,,C,C,C,C,C,C,C,C,
IEEE Symposium on Computational Intelligence in Cyber Security,IEEE CICS,,C,"Cybersecurity and privacy, , ",Cybersecurity and privacy,Distributed Computing†,,C,C,C,C,C,C,C,C,
IEEE Symposium on Computational Intelligence in Image and Signal Processing,CIISP,,,"Artificial Intelligence and Image Processing†, , ",Artificial Intelligence and Image Processing†,,,,,,C,C,C,C,C,
IEEE Symposium on Computational Intelligence in Multi-Criteria Decision-Making,IEEE MCDM,,,"Artificial Intelligence and Image Processing†, , ",Artificial Intelligence and Image Processing†,,,,,,C,C,C,C,C,
IEEE Symposium on Computational Intelligence in Scheduling,IEEE CI-Sched,,,"Artificial Intelligence and Image Processing†, , ",Artificial Intelligence and Image Processing†,,,,,,C,C,C,C,C,
IEEE Symposium on Computational intelligence for Image Processing,IEEE CIIP,,,"Artificial Intelligence and Image Processing†, , ",Artificial Intelligence and Image Processing†,,,,,,C,C,C,C,C,
IEEE Symposium on Computational intelligence for Multimedia Signal and Vision Processing,IEEE CIMSIVP,,C,"Computer vision and multimedia computation, , ",Computer vision and multimedia computation,,,C,C,C,C,C,C,C,C,
IEEE Symposium on Computer Arithmetic,ARITH,arith,C,"Theory of computation, , ",Theory of computation,,,C,C,C,C,C,C,C,C,
IEEE Symposium on Computers and Communications,ISCC,iscc,C,"Distributed computing and systems software, , ",Distributed computing and systems software,,,C,B,B,B,B,B,B,B,B
IEEE Symposium on Field Programmable Custom Computing Machines,FCCM,fccm,National/Regional,"CSE - Computer Systems Engineering, Distributed computing and systems software, ",CSE - Computer Systems Engineering,Distributed computing and systems software,,B,B,A,A,A,A,A,,A
IEEE Symposium on Foundations of Computer Science,FOCS,focs,A*,"Theory of computation, , ",Theory of computation,,,A*,A*,A*,A*,A*,A*,A*,A,A*
IEEE Symposium on High-Performance Interconnects,HOTI,hoti,National: USA,"Distributed computing and systems software, , ",Distributed computing and systems software,,,National: USA,National: USA,National: USA,B,B,B,B,B,
IEEE Symposium on Intelligent Agents,IEEE IA,,,"Artificial Intelligence and Image Processing†, , ",Artificial Intelligence and Image Processing†,,,,,,C,C,C,C,C,
IEEE Symposium on Logic in Computer Science,LICS,lics,A*,"Theory of computation, , ",Theory of computation,,,A*,A*,A*,A*,A*,A*,A*,A,A*
IEEE Symposium on Security and Privacy,SP,sp,A*,"Cybersecurity and privacy, , ",Cybersecurity and privacy,Computer Software†,,A*,A*,A*,A*,A*,A*,A,A,A
IEEE Symposium on VLSI Circuits,VLSIC,,,"Communications Technologies†, , ",Communications Technologies†,,,,,,,,,,A,
IEEE Symposium on Visual Analytics Science and Technology,IEEE VAST,ieeevast,,"Human-centred computing, , ",Human-centred computing,,,,,C,C,C,C,C,C,
IEEE Symposium on Visual Languages and Human-Centric Computing (was VL),VL/HCC,vl,B,"Human-centred computing, , ",Human-centred computing,,,B,B,B,B,B,B,A,A,A
IEEE Systems Conference,SysCon,,,"Communications Technologies†, , ",Communications Technologies†,,,,,,,,,,C,
IEEE Systems and Information Engineering Design Symposium,SIEDS,,,"Information and Computing Sciences†, , ",Information and Computing Sciences†,,,,,,C,C,C,C,C,
IEEE Transactions on Knowledge and Data Engineering,IEEETKDE,,,"Information Systems†, Artificial Intelligence and Image Processing†, ",Information Systems†,Artificial Intelligence and Image Processing†,,,,,A,A,A,A,,A
IEEE VLSI Test Symposium,VTS,vts,National/Regional,"CSE - Computer Systems Engineering, , ",CSE - Computer Systems Engineering,,,TBR,,,,,,,,
IEEE Vehicular Technology Conference,VTC,vtc,B,"Distributed computing and systems software, , ",Distributed computing and systems software,,,B,B,B,B,B,B,B,B,B
IEEE Visualization,IEEE VIS,visualization,A,"Human-centred computing, , ",Human-centred computing,,,A,A,A,A,A,A,A,A,
IEEE Wireless Communications and Networking Conference,WCNC,wcnc,B,"Distributed computing and systems software, , ",Distributed computing and systems software,,,B,B,B,B,B,B,B,B,B
IEEE WoWMoM Workshop on Hot Topics in Mesh Networking,HotMESH,,,"Communications Technologies†, , ",Communications Technologies†,,,,,,,,,,C,
IEEE Working Conference on Reverse Engineering,WCRE,,,"Computer Software†, , ",Computer Software†,,,,,,B,B,B,B,B,B
IEEE Workshop on Advances in Techniques for Analysis of Remotely Sensed Data,WARDS,,,"Computation Theory and Mathematics†, , ",Computation Theory and Mathematics†,,,,,,C,C,C,C,C,
IEEE Workshop on Applications of Computer Vision,WACV,wacv,A,"Computer vision and multimedia computation, , ",Computer vision and multimedia computation,,,A,A,A,A,A,A,A,A,A
IEEE Workshop on Computational Intelligence for Visual Intelligence,IEEE CIVI,,,"Artificial Intelligence and Image Processing†, , ",Artificial Intelligence and Image Processing†,,,,,,C,C,C,C,C,
IEEE Workshop on Computational Intelligence in Aerospace Applications,IEEE CIAA,,,"Artificial Intelligence and Image Processing†, , ",Artificial Intelligence and Image Processing†,,,,,,C,C,C,C,C,
"IEEE Workshop on Computational Intelligence in Biometrics: Theory, Algorithms, and Applications",IEEE CIB,,,"Artificial Intelligence and Image Processing†, , ",Artificial Intelligence and Image Processing†,,,,,,C,C,C,C,C,
IEEE Workshop on Computational Intelligence in Vehicles and Vehicular Systems,IEEE CIWS,,,"Artificial Intelligence and Image Processing†, , ",Artificial Intelligence and Image Processing†,,,,,,C,C,C,C,C,
IEEE Workshop on Computational Intelligence in Virtual Environments,IEEE CIVE,,,"Artificial Intelligence and Image Processing†, , ",Artificial Intelligence and Image Processing†,,,,,,C,C,C,C,C,
IEEE Workshop on Evolvable and Adaptive Hardware,IEEE WEAH,,,"Artificial Intelligence and Image Processing†, , ",Artificial Intelligence and Image Processing†,,,,,,C,C,C,C,C,
IEEE Workshop on Evolving and Self-Developing Intelligent Systems,IEEE ESDIS,,,"Artificial Intelligence and Image Processing†, , ",Artificial Intelligence and Image Processing†,,,,,,C,C,C,C,C,
IEEE Workshop on High Performance Switching and Routing,HPSR,hpsr,C,"Distributed computing and systems software, , ",Distributed computing and systems software,,,C,C,C,C,C,C,C,C,B
IEEE Workshop on Hot Topics in Web Systems and Technologies,HotWeb,,,"Information Systems†, , ",Information Systems†,,,,,,B,B,B,B,B,
IEEE Workshop on Hybrid Intelligent Models and Applications,IEEE HIMA,,,"Artificial Intelligence and Image Processing†, , ",Artificial Intelligence and Image Processing†,,,,,,C,C,C,C,C,
IEEE Workshop on Memetic Algorithms,IEEE WOMA,,,"Artificial Intelligence and Image Processing†, , ",Artificial Intelligence and Image Processing†,,,,,,C,C,C,C,C,
IEEE Workshop on Organic Computing,IEEE OC,,,"Artificial Intelligence and Image Processing†, , ",Artificial Intelligence and Image Processing†,,,,,,C,C,C,C,C,
IEEE Workshop on Robotic Intelligence in Informationally Structured Space,IEEE RiiSS,,,"Artificial Intelligence and Image Processing†, , ",Artificial Intelligence and Image Processing†,,,,,,C,C,C,C,C,
IEEE Workshop on Speech Coding,SCW,,,"Artificial Intelligence and Image Processing†, , ",Artificial Intelligence and Image Processing†,,,,,,C,C,C,C,C,C
IEEE Workshop on Wireless Mesh Networks,WiMesh,,,"Communications Technologies†, , ",Communications Technologies†,,,,,,,,,,C,
IEEE World Congress on Computational Intelligence,WCCI,,,"Engineering†, , ",Engineering†,,,,,,,,,,A,
IEEE international conference on ehealth networking applications and services (was International Workshop on Enterprise Networking and Computing in Health Care Industry; changed 2006),HealthCom,healthcom,C,"Applied computing, , ",Applied computing,,,C,C,C,C,C,C,C,C,C
IEEE-RAS International Conference on Humanoid Robots,Humanoids,,,"Automotive Engineering†, , ",Automotive Engineering†,,,,,,,,,,C,
IEEE/ACIS International Conference on Computer and Information Science,ICIS,ACISicis,C,"Information and Computing Sciences, , ",Information and Computing Sciences,,,C,C,C,C,C,C,C,C,
IEEE/ACM International Conference on Advances in Social Networks Analysis and Mining,ASONAM,asunam,B,"Data management and data science, Human-centred computing, Machine learning",Data management and data science,Human-centred computing,Machine learning,B,,,,,,,,
"IEEE/ACM International Conference on Big Data Computing, Applications and Technologies",BDCAT,bdc,C,"Machine learning, Data management and data science, Applied computing",Machine learning,Data management and data science,Applied computing,C,C,,,,,,,
IEEE/ACM International Conference on Computer-Aided Design,ICCAD,iccad,A,"CSE - Computer Systems Engineering, Distributed computing and systems software, ",CSE - Computer Systems Engineering,Distributed computing and systems software,,A,A,A,A,A,A,A,A,A
IEEE/ACM International Conference on Grid Computing,GRID,,,"Distributed Computing†, , ",Distributed Computing†,,,,,,A,A,A,A,A,A
IEEE/ACM International Symposium on Low Power Electronics and Design,ISLPED,islped,A,"CSE - Computer Systems Engineering, Applied computing, ",CSE - Computer Systems Engineering,Applied computing,,,,,,,,,,
IEEE/ACM International Symposium on Mixed and Augmented Reality,ISMAR,ismar,A*,"Graphics, augmented reality and games, Human-centred computing, ","Graphics, augmented reality and games",Human-centred computing,,A*,A*,A*,A*,A*,A*,A*,A,A*
IEEE/IFAC Computer Aided Control System Design,CACSD,,,"Computer Hardware†, , ",Computer Hardware†,,,,,,,,,,B,
IEEE/IFAC Joint Symposium on Intelligent Control,CACSD,,,", , ",,,,,,,B,B,B,B,,B
IEEE/IFIP International Conference on Dependable Systems and Networks,DSN,dsn,A,"Distributed computing and systems software, CSE - Computer Systems Engineering, ",Distributed computing and systems software,CSE - Computer Systems Engineering,,A,A,A,A,A,A,A*,A,A*
IEEE/IFIP International Conference on Embedded and Ubiquitous Computing,EUC,euc,C,"Distributed computing and systems software, , ",Distributed computing and systems software,,,C,C,C,C,C,C,C,C,
IEEE/IFIP International Conference on Information Technology for Balanced Automation Systems,BASYS,,,"Automotive Engineering†, , ",Automotive Engineering†,,,,,,B,B,B,B,B,B
IEEE/IFIP International Conference on Very Large Scale Integration of System-on-Chip,VLSI-SOC,vlsi,C,"CSE - Computer Systems Engineering, , ",CSE - Computer Systems Engineering,,,,,,,,,,,
IEEE/RSJ International Conference on Intelligent Robots and Systems,IROS,iros,A,"Artificial intelligence, CSE - Computer Systems Engineering, ",Artificial intelligence,CSE - Computer Systems Engineering,Artificial Intelligence and Image Processing†,A,A,A,A,A,A,A,A,B
IEEE/WIC/ACM International Conference on Web Intelligence (previously joint with Intelligent Agent Technology WI-IAT),WI,,B,"Artificial intelligence, Data management and data science, ",Artificial intelligence,Data management and data science,,B,B,B,B,B,C,C,C,
IFAC Conference on Automation,ICA,,,", , ",,,,,,,C,C,C,C,,C
IFAC Conference on System Structure and Control,SSSC,,C,"Software engineering, Distributed computing and systems software, ",Software engineering,Distributed computing and systems software,,C,C,C,C,C,C,C,C,C
"IFAC Symposium on Fault Detection, Supervision and Safety of Technical Processes",SAFEProcess,,C,"Cybersecurity and privacy, , ",Cybersecurity and privacy,,,C,C,C,C,C,C,C,C,B
IFIP Conference on Biologically Inspired Collaborative Computing,BICC,,,"Artificial Intelligence and Image Processing†, , ",Artificial Intelligence and Image Processing†,,,,,,C,C,C,C,C,
IFIP Congress (Information Processing),Information Processing,,,"Information and Computing Sciences†, , ",Information and Computing Sciences†,,,,,,C,C,C,C,C,
IFIP Information Security & Privacy Conference,IFIP SEC,sec,B,"Cybersecurity and privacy, , ",Cybersecurity and privacy,Information Systems†,,B,B,B,B,B,B,B,B,
IFIP International Conference on Broadband Communications,BC,,,"Communications Technologies†, , ",Communications Technologies†,,,,,,C,C,C,C,C,C
IFIP International Conference on Distributed Applications and Interoperable Systems,DAIS,dais,C,"Distributed computing and systems software, , ",Distributed computing and systems software,,,C,C,B,B,B,B,B,B,B
IFIP International Conference on Network and Parallel Computing,NPC,npc,C,"Distributed computing and systems software, , ",Distributed computing and systems software,,,C,C,C,C,C,C,C,C,
IFIP International Conference on Networking,Networking,networking,B,"Distributed computing and systems software, , ",Distributed computing and systems software,,,B,B,A,A,A,A,A,A,A
IFIP International Conference on Open Distributed Processing,ODP,,,"Distributed Computing†, , ",Distributed Computing†,,,,,,B,B,B,B,B,B
IFIP International Conference on Theoretical Computer Science,IFIP TCS,,,"Computation Theory and Mathematics†, , ",Computation Theory and Mathematics†,,,,,,C,C,C,C,C,
"IFIP International Symposium on Computing Performance, Modelling, Measurement and Evaluation",PERFORMANCE,performance,Journal Published,"Software engineering, , ",Software engineering,,,Journal Published,B,A,A,A,A,A,,A
"IFIP Joint International Conference on Formal Description Techniques and Protocol Specification, Testing, And Verification",FORTE,,C,"Software engineering, , ",Software engineering,,,C,,,B,A,A,A,A,A
IFIP TC13 Conference on Human-Computer Interaction,Interact,interact,B,"Human-centred computing, , ",Human-centred computing,Design Practice and Management†,,B,B,A,A,A,A,A,A,A
IFIP WG 11.3 Working Conference on Data and Applications Security (also known as DBSEC),DBSEC,dbsec,B,"Cybersecurity and privacy, , ",Cybersecurity and privacy,Distributed Computing†,Communications Technologies†,B,B,B,B,A,A,A,,A
IFIP WG8.1 Working Conference on the Practice of Enterprise Modeling,PoEM,ifip8-1,unranked: not primarily CS,"Information and Computing Sciences, , ",Information and Computing Sciences,,,unranked: not primarily CS,unranked: not primarily CS,,,,,,,
IFIP Working Conference on Visual Database Systems,VDbS,,,"Data Format†, , ",Data Format†,,,,,,B,B,C,C,C,C
IFIP Working Conferences on Virtual Enterprises,PRO-VE,,C,"Distributed computing and systems software, Applied computing, ",Distributed computing and systems software,Applied computing,,C,C,C,C,C,C,C,C,A
IFIP/ACM Working Conference on Component Deployment,CD,,,"Computer Software†, , ",Computer Software†,,,,,,B,B,B,B,B,B
IFIP/IEEE International Conference on Performance Evaluation and Modeling in Wired and Wireless Networks,PEMWN,pemwn,C,"Distributed computing and systems software, , ",Distributed computing and systems software,,,C,,,,,,,,
IFIP/IEEE International Symposium on Integrated Management (even years sharing with NOMS),IM,im,B,"Distributed computing and systems software, , ",Distributed computing and systems software,,,B,B,,A,A,A,A,A,A
IFSA World Congress,IFSA,ifsa,C,"Artificial intelligence, , ",Artificial intelligence,,,C,C,B,B,B,B,B,B,B
IMA International Conference on Cryptography and Coding,IMACC,ima,C,"Cybersecurity and privacy, , ",Cybersecurity and privacy,Data Format†,,C,B,B,B,B,B,B,B,
INTERNATIONAL SYMPOSIUM ON PERVASIVE DISPLAYS,PerDis,perdis,,"Human-centred computing, , ",Human-centred computing,,,,B,,,,,,,
INTUITION International Conference,INTUITION,,,"Artificial Intelligence and Image Processing†, , ",Artificial Intelligence and Image Processing†,,,,,,C,C,C,C,C,
ISC High Performance (was International Supercomputing Conference),ISC,supercomputer,,"Distributed Computing†, , ",Distributed Computing†,,,,,,C,C,,,,
ISCA International Conference on Computer Applications in Industry and Engineering,CAINE,,C,"Applied computing, , ",Applied computing,,,C,C,C,C,C,C,C,C,C
ISCA Tutorial and Research Workshop Automatic Speech Recognition,ASR,,,"Artificial Intelligence and Image Processing†, , ",Artificial Intelligence and Image Processing†,,,,,,C,C,C,C,C,
Iberian Conference on Information Systems and Technologies,CISTI,,,"Information Systems†, Computer Software†, ",Information Systems†,Computer Software†,,,,,Regional,,,,,
Iberian Conference on Pattern Recognition and Image Analysis,IBPRIA,,National/Regional,"Artificial Intelligence and Image Processing†, , ",Artificial Intelligence and Image Processing†,,,,,,,,,,C,
IberoAmerican Congress on Pattern Recognition,CIARP,ciarp,C,"Computer vision and multimedia computation, Machine learning, ",Computer vision and multimedia computation,Machine learning,,C,C,C,C,C,C,C,C,
Image and Vision Computing Conference,IVCNZ,ivcnz,Australasian C,"Computer vision and multimedia computation, , ",Computer vision and multimedia computation,,,Australasian C,Australasian B,Australasian B,Australasian,Australasian,Australasian,"Australasian (missed in 2013, modified 2019)",B,A
Indian Conference on Human-Computer Interaction,IndiaHCI,,National: India,"Human-centred computing, , ",Human-centred computing,,,National: India,National: India,,,,,,,
Indoor Air,IA,,,"Building†, , ",Building†,,,,,,,,,,A,
Inductive Logic Programming,ILP,ilp,B,"Theory of computation, , ",Theory of computation,,,B,B,B,B,B,B,B,B,B
Industrial Simulation Conference,ISC,,C,"Artificial intelligence, Applied computing, ",Artificial intelligence,Applied computing,,C,C,C,,,,,C,
Informatics Education Europe,IEE,,,"Other Information and Computing Sciences†, , ",Other Information and Computing Sciences†,,,,,,C,C,C,C,C,
"Informatics in Education (journal, congress, symposium, etc all under this name - can't rank)",,,,", , ",,,,,,,C,C,C,C,,C
Information Hiding and Multimedia Security Workshop,IH&MMSec,ih,C,"Cybersecurity and privacy, , ",Cybersecurity and privacy,,,C,C,C,C,C,C,C,C,
Information Integration and Web-based Applications and Services,IIWAS,iiwas,C,"Information and Computing Sciences, Data management and data science, ",Information and Computing Sciences,Data management and data science,,C,C,C,C,C,C,C,C,C
Information Processing in Sensor Networks,IPSN,ipsn,,"Distributed computing and systems software, , ",Distributed computing and systems software,Computer Hardware†,,A*,A*,A*,A*,A*,A*,A*,A,A*
Information Resources Management Association International Conference,IRMA,,,", , ",,,,,,,B,B,B,B,,B
Information Retrieval Facility Conference,IRFC,,,"Information Systems†, , ",Information Systems†,,,,,,Unranked,Unranked,Unranked,,,
Information Security Practice and Experience Conference,ISPEC,ispec,C,"Cybersecurity and privacy, , ",Cybersecurity and privacy,,,C,B,B,B,B,B,B,B,
Information Security Symposium,CERIAS,,National: USA,"Cybersecurity and privacy, , ",Cybersecurity and privacy,,,National: USA,National: USA,National: USA,C,C,C,C,C,
Information Systems &Technologies /SPIE Conference on Digital Video Compression Algorithms & Techniques,DVAT,,,", , ",,,,,,,C,C,C,C,,C
Information Systems Education Conference,ISECON,,,"Information Systems†, , ",Information Systems†,,,,,,B,B,B,B,B,C
Information Systems Research Seminar in Scandinavia,IRIS,,,"Information Systems†, , ",Information Systems†,,,,,,,,,,C,B
Information Theory Workshop,ITW,itw,B,"Theory of computation, , ",Theory of computation,,,B,B,B,B,B,B,B,B,C
Information Visualisation Theory and Practice,InfVis,,C,"Human-centred computing, , ",Human-centred computing,,,C,C,C,C,C,C,C,C,
Information Visualization Evaluation,IVE,,,"Artificial Intelligence and Image Processing†, , ",Artificial Intelligence and Image Processing†,,,,,,C,C,C,C,C,
Information Visualization in Biomedical Informatics,IVBI,,C,"Applied computing, Human-centred computing, ",Applied computing,Human-centred computing,,C,C,C,C,C,C,C,C,
Informing Science and Information Technology Education,InSITE,,C,"Human-centred computing, , ",Human-centred computing,,,C,C,C,C,C,C,C,C,B
Infrastructure and Environment (International Postgraduate Conference),IPC,,,"Building†, , ",Building†,,,,,,,,,,B,
Innovations in Theoretical Computer Science,ITCS,innovations,A,"Theory of computation, , ",Theory of computation,Computation Theory and Mathematics†,Data Format†,A,A,A,A,,,,,
Innovative Applications in AI,IAAI,,C,"Artificial intelligence, Applied computing, ",Artificial intelligence,Applied computing,,C,B,B,B,B,B,B,B,B
Institute for Small Business and Entrepreneurship Annual Conference,ISBE,,,"Information Systems†, , ",Information Systems†,,,,,,C,C,C,C,C,
Int. Workshop on Formal Methods for Industrial Critical Systems,FMICS,fmics,C,"Software engineering, , ",Software engineering,,,C,C,C,C,C,C,C,C,C
Int. Workshop on Multi-Media Data Base Management Systems,IW-MMDBMS,,,"Data Format†, , ",Data Format†,,,,,,C,C,C,C,C,C
Integrated Data Environments Australia Workshop,IDEAW,,,"Data Format†, , ",Data Format†,,,,,,Australasian,Australasian,Australasian,Australasian,C,L
Integrated Formal Methods,IFM,ifm,B,"Software engineering, Theory of computation, ",Software engineering,Theory of computation,,B,B,B,B,B,B,B,B,B
Integration of Software Engineering and Agent Technology,ISEAT,,,"Artificial Intelligence and Image Processing†, Computer Software†, ",Artificial Intelligence and Image Processing†,Computer Software†,,,,,B,B,B,B,B,B
"Intelligence Tools, Data Mining, Visualization",IDV,,,"Artificial Intelligence and Image Processing†, , ",Artificial Intelligence and Image Processing†,,,,,,C,C,C,C,C,
Intelligent Data Analysis,IDA,ida,B,"Data management and data science, Machine learning, ",Data management and data science,Machine learning,,B,B,A,A,A,A,A,A,A
Intelligent Distributed Computing,IDC,idc,Unranked,"Distributed computing and systems software, , ",Distributed computing and systems software,,,Unranked,Unranked,Unranked,,,,,,
"Intelligent Multimedia, Computing and Communications Technologies and Applications of the Future",CCTAF,,,", , ",,,,,,,C,C,C,C,,C
Intelligent Systems in Molecular Biology,ISMB,ismb,A,"Applied computing, , ",Applied computing,,,journal published,journal published,A,A,A,A,A,A,A
Intelligent Vehicles Conference,IEEE-IV,ivs,B,"Artificial intelligence, , ",Artificial intelligence,,,B,B,B,B,B,B,B,,B
Intelligent Vehicles Symposium,IEEE IV,,,"Automotive Engineering†, , ",Automotive Engineering†,,,,,,,,,,B,
Intelligent Virtual Agents,IVA,iva,B,"Artificial intelligence, Human-centred computing, ",Artificial intelligence,Human-centred computing,,B,B,B,B,B,B,B,B,
Intenational Environmental Modelling and Software Society,iEMSs,,C,"Applied computing, , ",Applied computing,,,C,C,C,C,C,C,C,,C
Interaction,Interaction,,,"Information Systems†, , ",Information Systems†,,,,,,C,C,C,C,C,
Interaction Design and Children (ACM),IDC,,,"Design Practice and Management†, , ",Design Practice and Management†,,,,,,,,,,B,
Interactive Entertainment,IE,,Australasian C,"Graphics, augmented reality and games, Human-centred computing, ","Graphics, augmented reality and games",Human-centred computing,,Australasian C,,,,B,B,B,B,B
Interior Design Educators Association (IDEA) Conference,IDEA,,,"Architecture†, , ",Architecture†,,,,,,,,,,B,
Interiors Forum Scotland conference,IFS,,,"Architecture†, , ",Architecture†,,,,,,,,,,B,
"Interiors Forum World, Politecnico di Milano",IFW,,,"Architecture†, , ",Architecture†,,,,,,,,,,B,
International ACM Conference on Automotive User Interfaces and Interactive Vehicular Applications,Automotive_UI,automotiveUI,B,"Human-centred computing, , ",Human-centred computing,,,,,,,,,,,
International ACM SIGACCESS Conference on Computers and Accessibility,ASSETS,assets,A,"Human-centred computing, , ",Human-centred computing,,,A,A,,,,,,,
International Association for the Study of Traditional Environments (US),IASTE,,,"Architecture†, , ",Architecture†,,,,,,,,,,B,
International Association of Ergonomics Societies Congress,IEA,,,"Design Practice and Management†, , ",Design Practice and Management†,,,,,,,,,,B,
International Association of Societies of Design Research,IASDR,,,"Architecture†, Design Practice and Management†, ",Architecture†,Design Practice and Management†,,,,,,,,,B,
International Atlantic Web Intelligence Conference,AWIC,,,"Artificial Intelligence and Image Processing†, , ",Artificial Intelligence and Image Processing†,,,,,,C,C,C,C,C,
International Baltic Conference on Databases and Information Systems,DB&IS,balt,Regional - Baltic,"Data management and data science, , ",Data management and data science,,,Regional - Baltic,Regional - Baltic,Regional - Baltic,Regional - Baltic,B,B,B,B,B
International Business Information Management,IBIMA,,,"Information Systems†, , ",Information Systems†,,,,,,B,B,B,B,B,C
International CSI Computer Conference,CSICC,,National: Iran,"Theory of computation, , ",Theory of computation,,,National: Iran,National: Iran,National: Iran,C,C,C,C,C,C
International Cognitive Robotics Conference,COGROBO,,,"Artificial Intelligence and Image Processing†, , ",Artificial Intelligence and Image Processing†,,,,,,B,B,B,B,B,
International Colloquium on Automata Languages and Programming,ICALP,icalp,A*,"Theory of computation, , ",Theory of computation,,,A,A,A,A,A,A,A,A,A
"International Colloquium on Data Sciences, Knowledge Discovery and Business Intelligence",DSKDB,,,"Artificial Intelligence and Image Processing†, , ",Artificial Intelligence and Image Processing†,,,,,,C,C,C,C,C,
International Colloquium on Structural Information and Communication Complexity,SIROCCO,sirocco,B,"Theory of computation, , ",Theory of computation,,,B,B,B,B,B,B,B,B,B
International Colloquium on Theoretical Aspects of Computing,ICTAC,ictac,C,"Theory of computation, , ",Theory of computation,,,C,B,B,B,B,B,B,B,B
International Command and Control Research and Technology Symposium,CCRTS,,,", , ",,,,,,,C,C,C,C,,C
International Command and Control Research and Technology Symposium,ICCRTS,,,"Civil Engineering†, Computer Hardware†, ",Civil Engineering†,Computer Hardware†,,,,,,,,,C,
International Computer Science Conference,ICSC,,,"Information and Computing Sciences†, , ",Information and Computing Sciences†,,,,,,B,B,B,B,,B
International Computer Science Symposium in Russia,CSR,csr,National: Russia,"Information and Computing Sciences, , ",Information and Computing Sciences,,,National: Russia,National: Russia,National: Russia,C,C,C,C,C,L
International Computer Software and Applications Conference,COMPSAC,compsac,B,"Applied computing, , ",Applied computing,,,B,B,B,B,B,B,B,B,B
International Computer Symposium Conference,ICSC2,,,", , ",,,,,,,A,A,A,A,,A
International Computer Symposium Workshop,WICS,,,", , ",,,,,,,C,C,C,C,,C
International Computing Education Research Workshop,ICER,icer,A,"Human-centred computing, , ",Human-centred computing,,,A,B,B,B,B,B,B,B,A
"International Conference Abstract State Machines, Alloy, B, TLA, VDM, and Z (Previously International Conference of B and Z Users, ZB, changed in 2008)",ABZ,zum,C,"Software engineering, Theory of computation, ",Software engineering,Theory of computation,,C,C,C,C,C,C,C,C,C
"International Conference Computer Graphics, Imaging and Visualization",CGIV,,,"Artificial Intelligence and Image Processing†, , ",Artificial Intelligence and Image Processing†,,,,,,C,C,C,C,C,
International Conference Formal Concept Analysis Conference,ICFCA,icfca,C,"Theory of computation, , ",Theory of computation,,,C,C,C,C,C,C,C,C,
"International Conference Imaging Science, Systems and Technology",CISST,,,"Artificial Intelligence and Image Processing†, , ",Artificial Intelligence and Image Processing†,,,,,,C,C,C,C,C,C
International Conference Information Systems Architecture and Technology,ISAT,isat,,"Distributed computing and systems software, Software engineering, Applied computing",Distributed computing and systems software,Software engineering,Applied computing,,National:Poland,,,,,,,
International Conference Software and Systems Engineering and their Applications,ICSSEA,,,"Computer Software†, , ",Computer Software†,,,,,,C,C,C,C,C,C
International Conference and Exhibition on High Performance Computing in the Asia-Pacific Region,HPC Asia,hpcasia,C,"Distributed computing and systems software, , ",Distributed computing and systems software,,,C,C,B,B,B,B,B,B,
International Conference and Workshops on Algorithms and Computation,WALCOM,walcom,B,"Theory of computation, , ",Theory of computation,,,B,B,C,C,C,C,C,C,C
"International Conference for High Performance Computing, Networking, Storage and Analysis (was Supercomputing Conference)",SC,sc,A,"CSE - Computer Systems Engineering, Distributed computing and systems software, ",CSE - Computer Systems Engineering,Distributed computing and systems software,,A,A,A,,,,,A,A
International Conference in Business Process Management,BPM,bpm,A,"Software engineering, , ",Software engineering,,,A,A,A,A,A,A,A,A,A
International Conference in Methodologies and Intelligent Systems for Technology Enhanced Learning,MIS4TEL,mis4tel,National: Spain,"Applied computing, Human-centred computing, Artificial intelligence",Applied computing,Human-centred computing,Artificial intelligence,National: Spain,Unranked,,,,,,,
International Conference of Asian Digital Libraries,ICADL,,,", , ",,,,,,,A,A,A,A,,A
"International Conference of Broadband Communication, Information Technology and Biomedical Applications",broadcom,,,"Communications Technologies†, , ",Communications Technologies†,,,,,,,,,,C,
International Conference of Society for Group Decision and Negotiation,GDN,,,"Information Systems†, , ",Information Systems†,,,,,,B,B,B,B,B,
International Conference of the Immersive Learning Research Network,iLRN,ilrn,C,"Applied computing, Human-centred computing, ",Applied computing,Human-centred computing,,C,C,,,,,,,
International Conference of the International Association for Computer Methods and Advances in Geomechanics,IACMAG,,,"Civil Engineering†, , ",Civil Engineering†,,,,,,,,,,A,
International Conference on 3G Mobile Communication Technologies,3G,,,"Artificial Intelligence and Image Processing†, , ",Artificial Intelligence and Image Processing†,,,,,,C,C,C,C,C,
International Conference on AD-HOC Networks and Wireless,ADHOC-NOW,adhoc-now,,"Distributed computing and systems software, , ",Distributed computing and systems software,Communications Technologies†,,,C,B,B,B,B,B,B,B
International Conference on AI Engineering – Software Engineering for AI,CAIN,cain,B,"Software engineering, Artificial intelligence, ",Software engineering,Artificial intelligence,,,,,,,,,,
International Conference on AI in Design,AID,,,"Artificial Intelligence and Image Processing†, , ",Artificial Intelligence and Image Processing†,,,,,,A,A,A,A,,A
International Conference on Adaptive and Natural Computing Algorithms,ICANNGA,,,"Artificial Intelligence and Image Processing†, , ",Artificial Intelligence and Image Processing†,,,,,,,,,,C,
International Conference on Advanced Communications and Computation,INFOCOMP,,Unranked,"Information and Computing Sciences, , ",Information and Computing Sciences,,,Unranked,Unranked,Unranked,Unranked,Unranked,Unranked,,,
International Conference on Advanced Computing and Communications,AdCom,,National: India,"Distributed computing and systems software, , ",Distributed computing and systems software,,,National: India,National: India,National: India,B,B,B,B,B,C
International Conference on Advanced Data Mining and Applications,ADMA,adma,C,"Data management and data science, Machine learning, ",Data management and data science,Machine learning,,C,B,B,B,B,B,B,B,
International Conference on Advanced Information Management,IMS,,,"Information Systems†, , ",Information Systems†,,,,,,C,C,C,C,C,
International Conference on Advanced Information Networking and Applications (was ICOIN),AINA,aina,B,"Distributed computing and systems software, , ",Distributed computing and systems software,,,B,B,B,B,B,B,B,B,B
International Conference on Advanced Information Systems Engineering,CaiSE,caise,A,"Data management and data science, , ",Data management and data science,,,A,A,A,A,A,A,A,A,A
International Conference on Advanced Language Processing and Web Information Technology,ALPIT,,,"Information Systems†, , ",Information Systems†,,,,,,C,C,C,C,C,
International Conference on Advanced Technologies For Signal & Image Processing,ATSIP,atsip,National: Tunisia,"Computer vision and multimedia computation, Data management and data science, ",Computer vision and multimedia computation,Data management and data science,,National: Tunisia,National: Tunisia,,,,,,,
International Conference on Advanced and Trusted Computing (was International Conference on Autonomic and Trusted Computing),ATC,atc,C,"Cybersecurity and privacy, Distributed computing and systems software, Data management and data science",Cybersecurity and privacy,Distributed computing and systems software,Data management and data science,C,C,C,C,C,C,C,C,
International Conference on Advances in Computer-Human Interactions,ACHI,,C,"Human-centred computing, , ",Human-centred computing,,,C,C,C,C,C,C,C,C,
"International Conference on Advances in Infrastructure for Electronic Business, Science, and Education on the Internet",SSGRR,,,"Information Systems†, , ",Information Systems†,,,,,,C,C,C,C,C,C
International Conference on Advances in Intelligent Systems: Theory and Applications,AISTA,,,"Artificial Intelligence and Image Processing†, Information Systems†, ",Artificial Intelligence and Image Processing†,Information Systems†,,,,,B,B,B,B,B,
International Conference on Advances in Mobile Computing and Multimedia,MOMM,momm,C,"Distributed computing and systems software, , ",Distributed computing and systems software,Design Practice and Management†,,C,B,B,B,B,B,B,B,
International Conference on Advances in Pattern Recognition and Digital Techniques,ICAPRDT,,,"Artificial Intelligence and Image Processing†, , ",Artificial Intelligence and Image Processing†,,,,,,C,C,C,C,C,C
International Conference on Affective Computing and Intelligent,ACII,acii,B,"Human-centred computing, , ",Human-centred computing,,,C,C,C,C,C,C,C,C,
International Conference on Agents and Artificial Intelligence,ICAART,icaart,B,"Artificial intelligence, , ",Artificial intelligence,,,B,B,C,C,C,C,C,C,
International Conference on Algebraic and Logic Programming,ALP,,,"Computation Theory and Mathematics†, , ",Computation Theory and Mathematics†,,,,,,B,B,B,B,B,B
International Conference on Algorithms and Architectures for Parallel Processing,ICA3PP,ica3pp,C,"Distributed computing and systems software, , ",Distributed computing and systems software,,,C,B,B,B,B,B,B,B,B
International Conference on Algorithms and Complexity (was Italian Conference ),CIAC,ciac,C,"Theory of computation, , ",Theory of computation,,,C,C,C,C,C,C,C,C,B
"International Conference on Ambient Systems, Networks and Technologies",ANT,ant,Unranked,"Distributed computing and systems software, , ",Distributed computing and systems software,Information Systems†,Communications Technologies†,Unranked,Unranked,Unranked,Unranked,,,,,
"International Conference on Analysis of Images, Social Networks and Texts",AIST,aist,National: Russia,"Artificial intelligence, Computer vision and multimedia computation, Data management and data science",Artificial intelligence,Computer vision and multimedia computation,Data management and data science,National: Russia,National: Russia,,,,,,,
"International Conference on Application-specific Systems, Architectures and Processors",ASAP,asap,,"Distributed Computing†, , ",Distributed Computing†,,,,,,A,A,A,A,A,A
International Conference on Applications of Evolutionary Computation,EvoApplications,evoW/evoappl2019.html,B,"Artificial intelligence, Machine learning, Applied computing",Artificial intelligence,Machine learning,Applied computing,B,B,,,,,,,
International Conference on Applications of Prolog (no information after 2013),INAP,,,", , ",,,,,,,,,C,C,,C
International Conference on Applied Cryptography and Network Security,ACNS,acns,B,"Cybersecurity and privacy, , ",Cybersecurity and privacy,,,B,B,B,B,B,B,B,B,
International Conference on Artificial Intelligence,IC-AI,,National: USA,"Artificial intelligence, Machine learning, ",Artificial intelligence,Machine learning,,National: USA,National: USA,National: USA,C,C,C,C,C,C
International Conference on Artificial Intelligence and Law,ICAIL,icail,C,"Artificial intelligence, Applied computing, ",Artificial intelligence,Applied computing,,C,C,C,C,C,C,C,C,B
International Conference on Artificial Intelligence and Pattern Recognition,AIPR,,,"Artificial Intelligence and Image Processing†, , ",Artificial Intelligence and Image Processing†,,,,,,C,C,C,C,C,
International Conference on Artificial Intelligence and Soft Computing,ICAISC,icaisc,National: Poland,"Artificial intelligence, , ",Artificial intelligence,,,National: Poland,National: Poland,National: Poland,C,C,C,C,C,
International Conference on Artificial Intelligence and Statistics,AISTATS,aistats,A,"Machine learning, Artificial intelligence, ",Machine learning,Artificial intelligence,,A,A,A,A,A,A,B,B,
International Conference on Artificial Intelligence in Education,AIED,aied,A,"Applied computing, Human-centred computing, ",Applied computing,Human-centred computing,,A,A,A,A,A,A,A,,A
International Conference on Artificial Intelligence in Medicine,AIME,aime,B,"Applied computing, , ",Applied computing,,,B,B,B,B,B,A,A,A,A
"International Conference on Artificial Intelligence in Music, Sound, Art and Design",EvoMUSART,evomusart/,C,"Artificial intelligence, Graphics, augmented reality and games, Human-centred computing",Artificial intelligence,"Graphics, augmented reality and games",Human-centred computing,C,,,,,,,,
International Conference on Artificial Intelligence in Science and Technology,AISAT,,,"Artificial Intelligence and Image Processing†, , ",Artificial Intelligence and Image Processing†,,,,,,C,C,C,C,C,C
"International Conference on Artificial Intelligence: Methodology, Systems, Applications",AIMSA,aimsa,National: Bulgaria,"Artificial intelligence, Machine learning, ",Artificial intelligence,Machine learning,,National: Bulgaria,National: Bulgaria,National: Bulgaria,Unranked,Unranked,Unranked,,,
International Conference on Artificial Neural Networks,ICANN,icann,C,"Machine learning, , ",Machine learning,,,C,C,B,B,B,B,B,B,B
International Conference on Artificial Neural Networks and Genetic Algorithms,ICANNGA,,,", , ",,,,,,,C,C,C,C,,C
International Conference on Artificial Reality and Telexistance & Eurographics Symposium on Virtual Environments,EGVE,egve,C,"Graphics, augmented reality and games, Human-centred computing, ","Graphics, augmented reality and games",Human-centred computing,,C,B,B,B,B,B,B,B,
International Conference on Artificial Reality and Telexistence,ICAT,icat,,"Artificial Intelligence and Image Processing†, , ",Artificial Intelligence and Image Processing†,,,,,,,B,B,B,B,
International Conference on Automated Deduction,CADE,cade,A,"Artificial intelligence, , ",Artificial intelligence,,,A,A,A,A,A,A,A,A,A
International Conference on Automated Planning and Scheduling,ICAPS,icaps,A*,"Artificial intelligence, , ",Artificial intelligence,,,A*,A*,A*,A*,A*,A*,A*,A,A*
"International Conference on Automation, Robotics and Control Systems",ARCS,,,"Manufacturing Engineering†, , ",Manufacturing Engineering†,,,,,,,,,,C,
"International Conference on Availability, Reliability and Security",ARES,IEEEares,B,"Cybersecurity and privacy, , ",Cybersecurity and privacy,,,B,B,B,B,B,B,B,B,B
"International Conference on Broadband Communications, Networks and Systems",Broadnets,broadnets,C,"Distributed computing and systems software, , ",Distributed computing and systems software,,,C,B,B,B,B,B,B,B,B
International Conference on Business Information Systems,BIS,,,"Information Systems†, , ",Information Systems†,,,,,,B,B,B,B,B,
"International Conference on CAD/CAM, Robotics and Factories of the Future",RFF,,,"Manufacturing Engineering†, , ",Manufacturing Engineering†,,,,,,C,C,C,C,C,C
International Conference on COMmunication Systems & NETworkS,COMSNETS,comsnets,National:India,"Distributed computing and systems software, Cybersecurity and privacy, ",Distributed computing and systems software,Cybersecurity and privacy,,National:India,National:India,,,,,,,
International Conference on Case-Based Reasoning,ICCBR,iccbr,C,"Artificial intelligence, , ",Artificial intelligence,,,C,B,B,B,B,C,C,C,
International Conference on Chinese Computing,ICCC,,,", , ",,,,,,,,,,,,L
"International Conference on Civil, Structural and Environmental Engineering Computing",CIVIL-COMP,,,"Engineering†, , ",Engineering†,,,,,,,,,,A,
International Conference on Cloud Computing and Services Science,CLOSER,closer,C,"Distributed computing and systems software, , ",Distributed computing and systems software,,,C,C,,,,,,,
International Conference on Cloud Engineering,IC2E,ic2e,B,"Distributed computing and systems software, , ",Distributed computing and systems software,,,,,,,,,,,
"International Conference on Collaborative Computing: Networks, Applications and Worksharing",CollaborateCom,colcom,C,"Distributed computing and systems software, , ",Distributed computing and systems software,,,C,C,C,C,C,C,C,C,
International Conference on Communication System Software and Middleware,COMSWARE,,,"Computer Software†, , ",Computer Software†,,,,,,C,C,C,C,C,C
International Conference on Communication Systems and Applications,ICCSA,,C,"Distributed computing and systems software, , ",Distributed computing and systems software,,,C,,,C,C,C,C,,C
International Conference on Communications in Computing,CIC,,,"Distributed Computing†, , ",Distributed Computing†,,,,,,C,C,C,C,C,
International Conference on Compiler Construction,CC,cc,B,"Distributed computing and systems software, , ",Distributed computing and systems software,,,B,B,A,A,A,A,A,,A
"International Conference on Compilers, Architecture, and Synthesis for Embedded Systems",CASES,cases,Journal published,"Distributed computing and systems software, , ",Distributed computing and systems software,,,Journal published,B,A,A,A,A,A,A,A
International Conference on Complex Systems,CxS,,,"Civil Engineering†, , ",Civil Engineering†,,,,,,C,C,C,C,C,C
"International Conference on Complexity, Future Information Systems and Risk",COMPLEXIS,complexis,C,"Theory of computation, Distributed computing and systems software, ",Theory of computation,Distributed computing and systems software,,C,C,,,,,,,
International Conference on Computability and Complexity in Analysis,CCA,,C,"Theory of computation, , ",Theory of computation,,,C,C,C,C,C,C,C,,
International Conference on Computational Collective Intelligence,ICCCI,iccci,B,"Artificial intelligence, Distributed computing and systems software, ",Artificial intelligence,Distributed computing and systems software,,B,B,C,C,C,C,C,C,
International Conference on Computational Creativity,ICCC,icccrea,C,"Information and Computing Sciences, , ",Information and Computing Sciences,Information Systems†,,C,Unranked,Unranked,Unranked,,,,,
International Conference on Computational Engineering Science,ICES,,,"Computation Theory and Mathematics†, , ",Computation Theory and Mathematics†,,,,,,C,C,C,C,C,
International Conference on Computational Intelligence and Multimedia,ICCIMA,,,"Artificial Intelligence and Image Processing†, , ",Artificial Intelligence and Image Processing†,,,,,,C,C,C,C,C,C
International Conference on Computational Intelligence and Software Engineering,CISE,,,"Artificial Intelligence and Image Processing†, Data Format†, Computer Software†",Artificial Intelligence and Image Processing†,Data Format†,Computer Software†,,,,,,C,C,C,
"International Conference on Computational Intelligence for Modelling, Control and Automation",CIMCA,,,"Artificial Intelligence and Image Processing†, , ",Artificial Intelligence and Image Processing†,,,,,,C,C,C,C,C,C
"International Conference on Computational Intelligence, Robotics and Autonomous Systems",CIRAS,,,"Artificial Intelligence and Image Processing†, , ",Artificial Intelligence and Image Processing†,,,,,,C,C,C,C,C,
International Conference on Computational Linguistics,COLING,coling,B,"Artificial intelligence, , ",Artificial intelligence,,,B,A,A,A,A,A,A,A,A
International Conference on Computational Models of Argument,COMMA,comma,C,"Artificial intelligence, , ",Artificial intelligence,,,,,,,,,,,
International Conference on Computational Molecular Biology,RECOMB,recomb,B,"Applied computing, , ",Applied computing,,,B,B,B,B,B,B,B,B,A
International Conference on Computational Plasticity,COMPLAS,,,"Civil Engineering†, Mechanical Engineering†, ",Civil Engineering†,Mechanical Engineering†,,,,,,,,,A,
International Conference on Computational Science,ICCS,iccS,Multiconference,"Applied computing, , ",Applied computing,,,Multiconference,A,A,A,A,A,A,A,A
International Conference on Computational Science and its Applications,ICCSA,iccsa,,"Information and Computing Sciences, , ",Information and Computing Sciences,,,,C,C,,,,,C,
International Conference on Computational Semiotics for Games and New Media,Cosign,,,"Artificial Intelligence and Image Processing†, , ",Artificial Intelligence and Image Processing†,,,,,,C,C,C,C,C,
International Conference on Computer Analysis of Images and Patterns,CAIP,caip,C,"Computer vision and multimedia computation, , ",Computer vision and multimedia computation,,,C,B,B,B,B,B,B,B,A
International Conference on Computer Communication and Networks,ICCCN,icccn,B,"Distributed computing and systems software, , ",Distributed computing and systems software,,,B,B,A,A,A,A,A,,A
"International Conference on Computer Graphics, Virtual Reality, Visualisation and Interaction in Africa",AFRIGRAPH,,,"Artificial Intelligence and Image Processing†, , ",Artificial Intelligence and Image Processing†,,,,,,C,C,C,C,C,
International Conference on Computer Information Systems and Industrial Management Applications,CISIM,,,"Information Systems†, , ",Information Systems†,,,,,,C,C,C,C,C,
"International Conference on Computer Safety, Reliability and Security",SAFECOMP,safecomp,B,"Cybersecurity and privacy, , ",Cybersecurity and privacy,,,B,B,B,B,B,B,B,B,B
International Conference on Computer Supported Cooperative Work in Design,CSCWD,cscwd,C,"Human-centred computing, , ",Human-centred computing,Design Practice and Management†,,C,B,B,B,B,B,B,B,
International Conference on Computer Supported Education,CSEDU,csedu,B,"Human-centred computing, Applied computing, ",Human-centred computing,Applied computing,,B,B,,,,,,,
International Conference on Computer Theory and Applications,ICCTA,,,"Artificial Intelligence and Image Processing†, , ",Artificial Intelligence and Image Processing†,,,,,,C,C,C,C,C,
International Conference on Computer Vision Systems,ICVS,icvs,C,"Computer vision and multimedia computation, , ",Computer vision and multimedia computation,,,C,C,C,C,C,C,C,C,
International Conference on Computer Vision and Graphics,ICCVG,iccvg,National: Poland,"Computer vision and multimedia computation, Graphics, augmented reality and games, Artificial intelligence",Computer vision and multimedia computation,"Graphics, augmented reality and games",Artificial intelligence,National: Poland,National: Poland,,,,,,,
International Conference on Computer-Human Interaction Research and Applications,CHIRA,chira,C,"Human-centred computing, , ",Human-centred computing,,,C,C,,,,,,,
International Conference on Computers Helping People with Special Needs,ICCHP,icchp,C,"Applied computing, , ",Applied computing,,,C,C,C,C,C,C,C,C,
International Conference on Computers and their Applications,CATA,cata,National: USA,"Applied computing, , ",Applied computing,,,National: USA,National: USA,National: USA,C,C,C,C,C,C
International Conference on Computers in Education,ICCE,,C,"Applied computing, , ",Applied computing,,,C,B,B,B,B,B,B,B,B
International Conference on Computers in Urban Planning and Urban Management,CUPUM,,,"Urban and Regional Planning†, , ",Urban and Regional Planning†,,,,,,,,,,A,
International Conference on Computing Education Research (Baltic Sea Conference on Computing Education Research prior to 2008),Koli Calling,,,"Other Information and Computing Sciences†, , ",Other Information and Computing Sciences†,,,,,,,,,,B,B
International Conference on Computing and Combinatorics,COCOON,cocoon,National:China,"Theory of computation, , ",Theory of computation,,,National:China,National:China,National:China,A,A,A,A,A,A
International Conference on Computing and Informatics,ICOCI,,C,"Information and Computing Sciences, , ",Information and Computing Sciences,,,C,C,C,C,C,C,C,C,
International Conference on Computing and Information,ICCI,,,", , ",,,,,,,B,B,B,B,,B
International Conference on Conceptual Modelling,ER,er,A,"Data management and data science, , ",Data management and data science,,,A,A,A,A,A,A,A,A,B
International Conference on Concurrency Theory,CONCUR,concur,B,"Theory of computation, Distributed computing and systems software, ",Theory of computation,Distributed computing and systems software,,A,A,A,A,A,A,A,A,A
International Conference on Construction Engineering and Management,ICCEM,,,"Civil Engineering†, , ",Civil Engineering†,,,,,,,,,,C,
International Conference on Construction and Real Estate Management,ICCREM,,,"Building†, , ",Building†,,,,,,,,,,B,
International Conference on Construction in Developing Countries,ICCIDC,,,"Building†, , ",Building†,,,,,,,,,,C,
"International Conference on Control, Automation, Robotics and Vision",ICARCV,icarcv,C,"Artificial intelligence, Computer vision and multimedia computation, ",Artificial intelligence,Computer vision and multimedia computation,,C,C,A,A,A,A,A,A,A
"International Conference on Control, Decision and Information Technologies",CoDIT,codit,C,"Software engineering, Applied computing, ",Software engineering,Applied computing,,C,C,,,,,,,
International Conference on Convergence and Hybrid Information Technology,ICHIT,,,"Other Information and Computing Sciences†, , ",Other Information and Computing Sciences†,,,,,,C,C,C,C,C,
International Conference on Cooperative Information Systems,CoopIS,,B,"Human-centred computing, , ",Human-centred computing,,,B,B,A,A,A,A,A,A,A
International Conference on Cooperative and Human Aspects of Software Engineering,CHASE,icse-chase,B,"Human-centred computing, Software engineering, ",Human-centred computing,Software engineering,,,,,,,,,,
International Conference on Coordination Models and Languages,Coordination,coordination,C,"Distributed computing and systems software, , ",Distributed computing and systems software,,,C,C,B,B,A,A,A,A,A
International Conference on Creating Connecting and Collaborating through Computing,C5,,,"Information Systems†, , ",Information Systems†,,,,,,C,C,C,C,C,
International Conference on Cryptology and Network Security,CANS,cans,B,"Cybersecurity and privacy, , ",Cybersecurity and privacy,,,B,B,B,B,B,B,B,B,
International Conference on Cryptology in India,INDOCRYPT,indocrypt,National: India,"Cybersecurity and privacy, , ",Cybersecurity and privacy,,,National: India,National: India,National: India,National: Indian,B,B,B,B,L
International Conference on Cybercrime Forensics Education and Training,CFET,,,"Artificial Intelligence and Image Processing†, Computer Software†, ",Artificial Intelligence and Image Processing†,Computer Software†,,,,,C,C,C,C,C,
International Conference on Cyberworlds (was International Symposium on Cyberworlds),CW,cw,C,"Graphics, augmented reality and games, Human-centred computing, Computer vision and multimedia computation","Graphics, augmented reality and games",Human-centred computing,Computer vision and multimedia computation,C,B,B,B,B,B,B,B,
International Conference on Data Engineering,ICDE,icde,A*,"Data management and data science, , ",Data management and data science,,,A*,A*,A*,A*,A*,A*,A*,A,A*
"International Conference on Data Science, Technology and Applications",DATA,data,C,"Data management and data science, Machine learning, ",Data management and data science,Machine learning,,C,C,,,,,,,
International Conference on Database Systems for Advanced Applications,DASFAA,dasfaa,B,"Data management and data science, , ",Data management and data science,,,B,B,B,B,B,C,C,C,C
International Conference on Database Theory,ICDT,icdt,A,"Data management and data science, , ",Data management and data science,,,A,A,A,A,A,A,A,A,A
International Conference on Database and Expert Systems Applications,DEXA,dexa,C,"Data management and data science, Artificial intelligence, ",Data management and data science,Artificial intelligence,Information Systems†,C,B,B,B,B,B,B,B,A
International Conference on Decision Support Through Knowledge Management,DSTKM,,,", , ",,,,,,,C,C,C,C,,C
International Conference on Declarative Programming and Knowledge Management (no information after 2013),INAP,,,"Computation Theory and Mathematics†, , ",Computation Theory and Mathematics†,,,,,,,,,,C,
International Conference on Dependability of Computer Systems,DEPCoS,depcos,National: Poland,"Distributed computing and systems software, , ",Distributed computing and systems software,,,National: Poland,National: Poland,National: Poland,C,C,C,C,C,
"International Conference on Dependable, Autonomic and Secure Computing",DASC,dasc,C,"Cybersecurity and privacy, , ",Cybersecurity and privacy,,,C,C,C,C,C,C,C,C,
International Conference on Design Science Research in Information Systems and Technology,DESRIST,desrist,,"Information Systems†, , ",Information Systems†,,,,,,A,A,A,A,A,
International Conference on Design Theory and Methodology (ASME),DTM,,,"Design Practice and Management†, , ",Design Practice and Management†,,,,,,,,,,A,
International Conference on Digital Economy,ICDEc,icdec,,"Information Systems†, Business and Management†, ",Information Systems†,Business and Management†,,,,,Unranked,,,,,
International Conference on Digital Government Research,DGO,,,"Information Systems†, , ",Information Systems†,,,,,,B,B,B,B,B,
International Conference on Digital Society,ICDS,,C,"Applied computing, , ",Applied computing,,,C,C,C,C,C,C,C,C,
International Conference on Discrete Geometry for Computer Imagery,DGCI,dgci,,"Graphics, augmented reality and games, Computer vision and multimedia computation, ","Graphics, augmented reality and games",Computer vision and multimedia computation,,,C,C,C,C,C,C,C,
International Conference on Discrete Mathematics and Theoretical Computer Science,DMTCS,,,"Computation Theory and Mathematics†, , ",Computation Theory and Mathematics†,,,,,,B,B,B,B,B,B
International Conference on Distributed Computing Systems,ICDCS,icdcs,A,"Distributed computing and systems software, , ",Distributed computing and systems software,,,A,A,A,A,A,A,A,A,A
International Conference on Distributed Computing and Artificial Intelligence,DCAI,dcai,National(Spain),"Artificial intelligence, Distributed computing and systems software, ",Artificial intelligence,Distributed computing and systems software,,National(Spain),National(Spain),,,,,,,
International Conference on Distributed Computing and Internet Technologies,ICDCIT,icdcit,National: India,"Distributed computing and systems software, , ",Distributed computing and systems software,,,National: India,National: India,National: India,C,C,C,C,C,
International Conference on Distributed Computing and Networking,ICDCN,icdcn,National: India,"Distributed computing and systems software, , ",Distributed computing and systems software,,,National: India,National: India,National: India,B,B,B,B,B,B
International Conference on Distributed Frameworks for Multimedia Applications,DFMA,,,"Distributed Computing†, , ",Distributed Computing†,,,,,,C,C,C,C,C,
International Conference on Dublin Core and Metadata Applications,DC,,C,"Data management and data science, , ",Data management and data science,,,C,C,C,C,C,C,C,C,
International Conference on Electronic Commerce,ICEC,,C,"Applied computing, , ",Applied computing,,,C,C,C,,C,C,C,C,C
International Conference on Electronic Commerce and Web Technology,ECWeb,,,"Information Systems†, , ",Information Systems†,,,,,,B,B,B,B,B,A
International Conference on Electronic Voting,EVOTE,,,"Data Format†, , ",Data Format†,,,,,,C,C,C,C,C,
International Conference on Email and Anti-Spam,CEAS,,,"Information Systems†, , ",Information Systems†,,,,,,B,B,B,B,B,B
International Conference on Embedded Software,EMSOFT,emsoft,Journal Published,"Distributed computing and systems software, , ",Distributed computing and systems software,,,Journal published,Journal published,A,A,A,A,A,A,A
International Conference on Embedded Software and Systems,ICESS,,,"Civil Engineering†, , ",Civil Engineering†,,,,,,,,,,C,
International Conference on Embedded Wireless Systems and Networks (wasEuropean Conference on Wireless Sensor Networks),EWSN,ewsn,B,"Distributed computing and systems software, , ",Distributed computing and systems software,Communications Technologies†,,B,B,A,A,A,A,A,A,A
International Conference on Embedded and Real Time Computing Systems and Applications,RTCSA,rtcsa,B,"Distributed computing and systems software, , ",Distributed computing and systems software,,,B,B,B,B,B,B,B,B,B
International Conference on Emerging Ubiquitous Systems and Pervasive Networks,EUSPN,euspn,Unranked,"Distributed computing and systems software, , ",Distributed computing and systems software,,,Unranked,Unranked,Unranked,Unranked,,,,,
International Conference on Engineering Applications of Neural Networks,EANN,eann,C,"Machine learning, , ",Machine learning,,,C,C,C,C,C,C,C,C,
"International Conference on Engineering Design (ICED), The Design Society",ICED,,,"Design Practice and Management†, , ",Design Practice and Management†,,,,,,,,,,B,
International Conference on Engineering Education,ICEE,,,"Other Engineering†, , ",Other Engineering†,,,,,,C,C,C,C,C,C
International Conference on Enterprise Information Systems,ICEIS,,,"Information Systems†, , ",Information Systems†,,,,,,C,C,C,C,C,B
International Conference on Enterprise Information Systems and Web Technologies,EISWT,,,"Information Systems†, , ",Information Systems†,,,,,,C,C,C,C,C,
International Conference on Enterprise Integration and Modelling Technology,ICEIMT,,,"Information Systems†, , ",Information Systems†,,,,,,C,C,C,C,C,B
International Conference on Entertainment Computing,ICEC,iwec,,"Information Systems†, , ",Information Systems†,,,,,,C,,,,,
International Conference on Evaluation and Assessment in Software Engineering,EASE,ease,A,"Software engineering, , ",Software engineering,,,A,A,A,A,A,A,A,A,A
International Conference on Evaluation of Novel Approaches to Software Engineering,ENASE,enase,B,"Software engineering, , ",Software engineering,,,B,B,B,B,B,B,B,B,
International Conference on Evolutionary Multi-Criterion Optimization,EMO,emo,C,"Artificial intelligence, Human-centred computing, ",Artificial intelligence,Human-centred computing,,,,,,,,,,
International Conference on Experimental Implementation of Quantum Computation,QuantCom,,,"Computation Theory and Mathematics†, , ",Computation Theory and Mathematics†,,,,,,C,C,C,C,C,C
International Conference on Factory Communication Systems,WFCS,wfcs,C,"CSE - Computer Systems Engineering, Distributed computing and systems software, Applied computing",CSE - Computer Systems Engineering,Distributed computing and systems software,Applied computing,,,,,,,,,
International Conference on Field and Service Robotics,FSR,fsr,,"Artificial Intelligence and Image Processing†, Manufacturing Engineering†, ",Artificial Intelligence and Image Processing†,Manufacturing Engineering†,,,,,A,A,A,A,A,A
International Conference on Formal Engineering Methods,ICFEM,icfem,C,"Software engineering, , ",Software engineering,,,C,B,B,B,B,B,B,B,B
International Conference on Formal Methods and Models for Co-Design,MEMOCODE,memocode,C,"Software engineering, Theory of computation, ",Software engineering,Theory of computation,,C,C,,,,,,,
International Conference on Formal Methods for Open Object-Based Distributed Systems,FMOOD,,,"Other Information and Computing Sciences†, , ",Other Information and Computing Sciences†,,,,,,C,C,C,C,C,C
International Conference on Formal Ontology in Information Systems,FOIS,fois,C,"Artificial intelligence, Theory of computation, ",Artificial intelligence,Theory of computation,,B,B,A,A,A,A,A,A,
International Conference on Formal Structures for Computation and Deduction,FSCD,fscd,B,"Theory of computation, , ",Theory of computation,,,B,unranked:NEW,,,,,,,
International Conference on Foundation on Data Organization,FODO,,,"Data Format†, , ",Data Format†,,,,,,A,A,A,A,A,A
International Conference on Frontiers of Handwriting Recognition,ICFHR,icfhr,B,"Computer vision and multimedia computation, , ",Computer vision and multimedia computation,,,B,B,B,B,B,B,B,B,
International Conference on Frontiers of Information Technology,FIT,fit,National: Pakistan,"Information and Computing Sciences, , ",Information and Computing Sciences,,,National: Pakistan,National: Pakistan,National: Pakistan,C,C,C,C,C,
International Conference on Functional Programming,ICFP,icfp,A,"Software engineering, , ",Software engineering,,,A,A,A*,A*,A*,A*,A*,A,A*
International Conference on Fuzzy Systems and Knowledge Discovery,FSKD,,,"Artificial Intelligence and Image Processing†, , ",Artificial Intelligence and Image Processing†,,,,,,C,C,C,C,C,
International Conference on Generative Programming and Component Engineering,GPCE,gpce,B,"Software engineering, , ",Software engineering,,,B,B,B,B,B,B,B,B,B
International Conference on Genetic Algorithms,ICGA,,,"Artificial Intelligence and Image Processing†, , ",Artificial Intelligence and Image Processing†,,,,,,B,B,B,B,B,B
International Conference on GeoComputation,GeoComp,,,"Geomatic Engineering †, , ",Geomatic Engineering †,,,,,,C,C,C,C,C,C
International Conference on Graph Transformations,ICGT,gg,B,"Theory of computation, Data management and data science, ",Theory of computation,Data management and data science,,B,B,B,B,B,B,B,B,B
"International Conference on Green, Pervasive and Cloud Computing (was Grid and Pervasive Computing)",GPC,gpc,C,"Distributed computing and systems software, , ",Distributed computing and systems software,,,C,C,C,C,C,C,C,C,
International Conference on Grid Computing and Applications,GCA,,,"Distributed Computing†, , ",Distributed Computing†,,,,,,C,C,C,C,C,
International Conference on Grid and Cooperative Computing,GCC,,,"Distributed Computing†, , ",Distributed Computing†,,,,,,C,C,C,C,C,
"International Conference on Grid computing, high-performance and Distributed Applications",GADA,,,"Distributed Computing†, , ",Distributed Computing†,,,,,,C,C,C,C,C,
"International Conference on Hardware/Software Codesign and System Synthesis (previously ISSN, changed in 2003)",CODES+ISSS,codesisss,Journal Published,"CSE - Computer Systems Engineering, Distributed computing and systems software, ",CSE - Computer Systems Engineering,Distributed computing and systems software,,C,C,C,C,C,C,C,C,C
International Conference on Health Informatics,Healthinf,,,"Information Systems†, , ",Information Systems†,,,,,,C,C,C,C,C,
"International Conference on Heterogeneous Networking for Quality, Reliability, Security and Robustness (was International Conference on Quality of Service in Heterogeneous Wired/Wireless Networks)",Qshine,qshine,C,"Distributed computing and systems software, , ",Distributed computing and systems software,,,C,C,B,B,B,B,B,B,B
International Conference on High Performance Computing,HiPC,hipc,National: India,"Distributed computing and systems software, , ",Distributed computing and systems software,,,National: India,National: India,National: India,B,C,A,A,A,A
International Conference on High Performance Computing and Networking,HPCN,,,", , ",,,,,,,B,B,B,B,,B
"International Conference on High Performance Computing, Networking and Communication Systems",HPCNCS,,,"Distributed Computing†, Computer Hardware†, ",Distributed Computing†,Computer Hardware†,,,,,B,B,B,B,B,
International Conference on High Performance Scientific Computing,HPSC,,National: Vietnam,"Distributed computing and systems software, , ",Distributed computing and systems software,,,National: Vietnam,National: Vietnam,National: Vietnam,C,C,C,C,C,
International Conference on High-Performance Clustered Computing (International Conference on Linux Clusters),LCI,,,"Distributed Computing†, , ",Distributed Computing†,,,,,,C,C,C,C,C,
International Conference on Human Factors in Computing Systems,CHI,chi,A*,"Human-centred computing, , ",Human-centred computing,Design Practice and Management†,,A*,A*,A*,A*,A*,A*,A*,A,A*
International Conference on Human-Computer Interaction with Mobile Devices and Services,MobileHCI,mhci,B,"Human-centred computing, , ",Human-centred computing,,,B,B,B,B,B,B,B,B,A
International Conference on Hybrid Artificial Intelligence Systems,HAIS,hais,National: Spain,"Artificial intelligence, , ",Artificial intelligence,,,National: Spain,National: Spain,National: Spain,C,C,C,C,C,
International Conference on Hybrid Intelligent Systems,HIS,his,C,"Artificial intelligence, , ",Artificial intelligence,,,C,C,C,C,C,C,C,C,
International Conference on IT Based Higher Education and Training,ITHET,,,", , ",,,,,,,C,C,C,C,,C
International Conference on Image Analysis and Processing,ICIAP,iciap,National: Italy,"Computer vision and multimedia computation, , ",Computer vision and multimedia computation,,,National: Italy,National: Italy,National: Italy,Nationai: Italian,B,B,B,B,A
International Conference on Image Analysis and Recognition,ICIAR,iciar,,"Computer vision and multimedia computation, , ",Computer vision and multimedia computation,,,,C,C,C,C,C,,,
International Conference on Image Processing Applications and Systems,IPAS,ipas2,C,"Computer vision and multimedia computation, Artificial intelligence, CSE - Computer Systems Engineering",Computer vision and multimedia computation,Artificial intelligence,CSE - Computer Systems Engineering,,,,,,,,,
International Conference on Image and Graphics,ICIG,icig,National: China,"Graphics, augmented reality and games, Computer vision and multimedia computation, ","Graphics, augmented reality and games",Computer vision and multimedia computation,,National: China,National: China,National: China,C,C,C,C,C,
International Conference on Image and Signal Processing,ICISP,icisp,C,"Computer vision and multimedia computation, , ",Computer vision and multimedia computation,,,C,C,C,C,C,C,C,C,
International Conference on Immersive Telecommunications,IMMERSCOM,,,"Artificial Intelligence and Image Processing†, , ",Artificial Intelligence and Image Processing†,,,,,,C,C,C,C,C,
International Conference on Implementation and Application of Automata,CIAA,wia,C,"Theory of computation, , ",Theory of computation,,,C,B,B,B,B,B,B,B,B
"International Conference on Indoor Air Quality, Ventilation and Energy Conservation in Buildings",IAQVEC,,,"Building†, , ",Building†,,,,,,,,,,A,
International Conference on Indoor Positioning and Indoor Navigation,IPIN,ipin,C,"Distributed computing and systems software, Applied computing, ",Distributed computing and systems software,Applied computing,,C,C,,,,,,,
International Conference on Industrial and Engineering Applications of Artificial Intelligence and Expert Systems,IEA/AIE,ieaaie,C,"Artificial intelligence, Machine learning, Computer vision and multimedia computation",Artificial intelligence,Machine learning,Computer vision and multimedia computation,C,C,B,B,B,C,C,C,
International Conference on Informatics & Data-Driven Medicine,IDDM,iddm,C,"Machine learning, Artificial intelligence, ",Machine learning,Artificial intelligence,,C,C,,,,,,,
International Conference on Informatics Education and Research,AIS SIGED: IAIM,,,"Information Systems†, , ",Information Systems†,,,,,,B,B,B,B,B,
"International Conference on Informatics in Control, Automation and Robotics",ICINCO,icinco,C,"Artificial intelligence, , ",Artificial intelligence,,,C,C,,,,,,,
International Conference on Information Fusion,FUSION,fusion,C,"Data management and data science, , ",Data management and data science,,,C,C,C,C,C,C,C,C,C
International Conference on Information Processing and Management of Uncertainty,IPMU,ipmu,C,"Data management and data science, Artificial intelligence, ",Data management and data science,Artificial intelligence,,C,C,C,C,C,C,C,C,C
International Conference on Information Quality,ICIQ,,,"Information Systems†, , ",Information Systems†,,,,,,Unranked,Unranked,Unranked,,,
International Conference on Information Resources Management,Conf-IRM,,,"Information Systems†, , ",Information Systems†,,,,,,B,B,B,B,B,
International Conference on Information Security and Assurance,ISA,,,"Computer Software†, , ",Computer Software†,,,,,,C,C,C,C,C,
International Conference on Information Security and Cryptography,SECRYPT,secrypt,C,"Cybersecurity and privacy, , ",Cybersecurity and privacy,,,C,B,B,B,B,B,B,B,C
International Conference on Information Security and Cryptology,ICISC,icisc,National: Korea,"Cybersecurity and privacy, , ",Cybersecurity and privacy,,,National: Korea,National: Korea,National: Korea,B,B,B,B,B,
International Conference on Information Systems,ICIS,icis,,", , ",,,,,,,,,,,,A*
International Conference on Information Systems Analysis and Synthesis,ISAS,,,"Information Systems†, , ",Information Systems†,,,,,,C,C,C,C,C,
International Conference on Information Systems Development,ISD,,,"Information Systems†, , ",Information Systems†,,,,,,A,A,A,A,A,A
International Conference on Information Systems Security,ICISS,iciss,National: India,"Cybersecurity and privacy, , ",Cybersecurity and privacy,,,National: India,National: India,National: India,National: India,B,B,B,B,
International Conference on Information Systems Security and Privacy,ICISSP,icissp,C,"Cybersecurity and privacy, , ",Cybersecurity and privacy,,,C,C,,,,,,,
International Conference on Information Systems Technology and its Application,ISTA,,,"Information Systems†, , ",Information Systems†,,,,,,B,B,B,B,B,A
International Conference on Information Technology Interfaces,ITI,,,"Information and Computing Sciences†, , ",Information and Computing Sciences†,,,,,,C,C,C,C,C,
International Conference on Information Technology and Applications,ICITA,,Australasian C,"Applied computing, , ",Applied computing,,,Australasian C,Australasian C,Australasian C,C,C,C,C,C,C
International Conference on Information Technology in Regional Areas,ITiRA,,,"Other Information and Computing Sciences†, Information Systems†, ",Other Information and Computing Sciences†,Information Systems†,,,,,C,C,C,C,C,C
International Conference on Information Technology: Coding and Computing,ITCC,itcc,,"Information and Computing Sciences, , ",Information and Computing Sciences,,,,,C,C,C,C,C,C,
International Conference on Information Theoretic Security,ICITS,,,"Computer Software†, , ",Computer Software†,,,,,,C,C,C,C,C,
International Conference on Information Visualisation,IV,iv,C,"Human-centred computing, Graphics, augmented reality and games, ",Human-centred computing,"Graphics, augmented reality and games",,C,B,B,B,B,B,B,B,
International Conference on Information and Communication Technologies and Development,ICTD,ictd,C,"Applied computing, , ",Applied computing,,,C,C,C,C,C,C,C,C,
International Conference on Information and Communication Technologies for Ageing Well and e-Health,ICT4AWE,,C,"Applied computing, Computer vision and multimedia computation, Artificial intelligence",Applied computing,Computer vision and multimedia computation,Artificial intelligence,C,C,,,,,,,
International Conference on Information and Communication Technologies in Tourism,ENTER,enter,C,"Applied computing, , ",Applied computing,,,C,C,C,C,C,C,C,C,
International Conference on Information and Communications Security,ICICS,icics,C,"Cybersecurity and privacy, , ",Cybersecurity and privacy,,,C,B,B,B,B,B,B,B,
International Conference on Information and Communications Technology,ICICT,,,"Information and Computing Sciences†, , ",Information and Computing Sciences†,,,,,,C,C,C,C,C,
International Conference on Information and Emerging Technologies,ICIET,,,"Information and Computing Sciences†, , ",Information and Computing Sciences†,,,,,,C,C,C,C,C,
International Conference on Information and Knowledge Engineering,IKE,,National: USA,"Artificial intelligence, , ",Artificial intelligence,,,National: USA,National: USA,National: USA,C,C,C,C,C,
"International Conference on Innovation in Architecture, Engineering and Construction",AEC,,,"Civil Engineering†, Architecture†, ",Civil Engineering†,Architecture†,,,,,,,,,C,
International Conference on Innovations for Community Services (was Innovative Internet Computer Systems IICS until 2014),I4CS,iics,C,"Applied computing, , ",Applied computing,,,C,C,C,C,C,C,C,C,C
International Conference on Integration of Artificial Intelligence and Operations Research Techniques in Constraint Programming for Combinatorial Optimization Problems,CPAIOR,cpaior,B,"Artificial intelligence, , ",Artificial intelligence,,,B,B,B,B,B,B,B,B,A
"International Conference on Intelligent Agents, Web Technologies, and Internet Commerce",IAWTIC,,,"Information Systems†, , ",Information Systems†,,,,,,B,B,B,B,B,C
International Conference on Intelligent Data Engineering and Automated Learning,IDEAL,ideal,C,"Information and Computing Sciences, , ",Information and Computing Sciences,,,C,C,C,C,C,C,C,C,C
International Conference on Intelligent Pervasive Computing,IPC,,,"Distributed Computing†, , ",Distributed Computing†,,,,,,C,C,C,C,,
"International Conference on Intelligent Sensors, Sensor Networks and Information Processing",ISSNIP,,,"Automotive Engineering†, , ",Automotive Engineering†,,,,,,,,,,B,
"International Conference on Intelligent Software Methodologies, Tools, and Techniques (was International Conference on Software Methods and Tools)",SoMeT,somet,C,"Software engineering, , ",Software engineering,,,C,C,B,B,B,B,B,B,B
International Conference on Intelligent Systems,ICIL,,,"Artificial Intelligence and Image Processing†, , ",Artificial Intelligence and Image Processing†,,,,,,C,C,C,C,C,C
International Conference on Intelligent Systems Designs and Applications,ISDA,isda,C,"Artificial intelligence, Applied computing, ",Artificial intelligence,Applied computing,,C,C,C,C,C,C,C,C,
International Conference on Intelligent Systems and Knowledge Engineering,ISKE,iske,National: China,"Artificial intelligence, , ",Artificial intelligence,,,National: China,National: China,National: China,B,B,B,B,B,
International Conference on Intelligent Text Processing and Computational Linguistics,CICLING,cicling,C,"Artificial intelligence, , ",Artificial intelligence,,,C,B,B,B,B,B,B,B,B
International Conference on Intelligent Tutoring Systems,ITS,its,B,"Applied computing, Human-centred computing, ",Applied computing,Human-centred computing,,B,B,A,A,A,A,A,A,A
International Conference on Intelligent User Interfaces,IUI,iui,A,"Human-centred computing, , ",Human-centred computing,,,A,A,A,A,A,A,A,A,A
International Conference on Intelligent and Advanced Systems,ICIAS,,,"Communications Technologies†, , ",Communications Technologies†,,,,,,,,,,C,
International Conference on Interactive Digital Storytelling (2008 merger of 'ICVS International Conference on Virtual Storytelling' and 'TIDSE Technology for Interactive Digital Storytelling'),ICIDS,icids,C,"Graphics, augmented reality and games, Human-centred computing, ","Graphics, augmented reality and games",Human-centred computing,,C,C,C,C,C,C,C,,
International Conference on International and Communication Technologies,ICICTE,,,"Information and Computing Sciences†, , ",Information and Computing Sciences†,,,,,,C,C,C,C,C,
International Conference on Internet Computing,IC,,,"Information Systems†, , ",Information Systems†,,,,,,B,B,B,B,B,C
International Conference on Internet Computing in Science and Engineering,ICICSE,,C,"Distributed computing and systems software, , ",Distributed computing and systems software,,,C,C,C,C,C,C,C,C,
International Conference on Internet Monitoring and Protection,ICIMP,,C,"Cybersecurity and privacy, , ",Cybersecurity and privacy,,,C,C,C,C,C,C,C,C,
International Conference on Internet Technologies and Applications,ITA,ita,National: USA,"Information and Computing Sciences, , ",Information and Computing Sciences,,,National: USA,National: USA,National: USA,B,B,B,B,B,
International Conference on Internet and Web Applications and Services,ICIW,,C,"Distributed computing and systems software, Data management and data science, ",Distributed computing and systems software,Data management and data science,,C,C,C,C,C,C,C,C,
"International Conference on Internet of Things, Big Data and Security",IoTBDS,iotbd,C,"Cybersecurity and privacy, , ",Cybersecurity and privacy,,,C,C,,,,,,,
International Conference on Knowledge Discovery and Data Mining,WKDD,,,"Data Format†, , ",Data Format†,,,,,,C,C,C,C,C,
International Conference on Knowledge Engineering and Knowledge Management,EKAW,ekaw,B,"Data management and data science, , ",Data management and data science,Information Systems†,,B,B,B,B,B,B,B,B,A
International Conference on Knowledge Engineering and Ontology Development,KEOD,,C,"Data management and data science, , ",Data management and data science,Information Systems†,,C,C,C,C,C,C,C,C,
"International Conference on Knowledge Science, Engineering and Management",KSEM,ksem,C,"Artificial intelligence, Data management and data science, ",Artificial intelligence,Data management and data science,,C,B,B,B,B,B,B,B,
International Conference on Knowledge-Based and Intelligent Information and Engineering Systems,KES,kes,B,"Artificial intelligence, , ",Artificial intelligence,,,B,B,B,B,B,B,B,B,B
International Conference on Knowledge-based Intelligent Electronic Systems,KIES,,,"Artificial Intelligence and Image Processing†, , ",Artificial Intelligence and Image Processing†,,,,,,C,C,C,C,C,
International Conference on Language and Automata Theory and Applications,LATA,lata,C,"Theory of computation, , ",Theory of computation,,,C,C,C,C,C,C,C,C,
International Conference on Learning Analytics and Knowledge,LAK,lak,A,"Human-centred computing, Applied computing, ",Human-centred computing,Applied computing,,A,A,,,,,,,
International Conference on Learning Representations,ICLR,iclr,A*,"Machine learning, , ",Machine learning,,,A*,A*,,,,,,,
International Conference on Legal Knowledge and Information Systems,JURIX,jurix,C,"Applied computing, , ",Applied computing,,,C,C,C,C,C,C,C,C,C
International Conference on Logic Programming,ICLP,iclp,B,"Theory of computation, Software engineering, ",Theory of computation,Software engineering,,A,A,A,A,A,A,A,A,A
International Conference on Logic Programming and Non-monotonic Reasoning,LPNMR,lpnmr,B,"Artificial intelligence, Theory of computation, ",Artificial intelligence,Theory of computation,,B,B,A,A,A,A,A,A,A
International Conference on Machine Learning,ICML,icml,A*,"Machine learning, , ",Machine learning,,,A*,A*,A*,A*,A*,A*,A*,A,A*
International Conference on Machine Learning and Applications,ICMLA,icmla,C,"Machine learning, , ",Machine learning,,,C,C,C,C,C,C,C,C,
International Conference on Machine Learning and Cybernetics,ICMLC,icmlc,National: China,"Machine learning, , ",Machine learning,,,National: China,National: China,National: China,C,C,C,C,C,
International Conference on Machine Vision,ICMV,icmv,C,"Computer vision and multimedia computation, , ",Computer vision and multimedia computation,,,C,C,C,C,C,C,C,C,
International Conference on Managed Programming Languages and Runtimes (was ManLang and previously Principles and Practice of Programming in Java: PPPJ),MPLR,pppj,C,"Software engineering, , ",Software engineering,,,C,C,C,C,C,C,C,C,
International Conference on Management of Data,COMAD,comad,National: India,"Data management and data science, , ",Data management and data science,,,National: India,National: India,National: India,B,B,B,B,B,B
International Conference on Management of Digital EcoSystems,MEDES,medes,C,"Distributed computing and systems software, , ",Distributed computing and systems software,Information Systems†,Interdisciplinary Engineering†,C,Unranked,Unranked,Unranked,,,,,
International Conference on Management of Technology,IAMOT,,,"Technology†, , ",Technology†,,,,,,,,,,C,
International Conference on Massively Parallel Computing Systems,MPCS,,,"Distributed Computing†, , ",Distributed Computing†,,,,,,B,B,B,B,B,B
International Conference on Mathematical Foundations of Programming Semantics,MFPS,mfps,B,"Theory of computation, , ",Theory of computation,,,B,B,,,,,,,
International Conference on Medical Information Visualisation,MediVis,,,"Artificial Intelligence and Image Processing†, , ",Artificial Intelligence and Image Processing†,,,,,,C,C,C,C,C,
International Conference on Methods and Models in Automation and Robotics,MMAR,mmar,National:Poland,"Machine learning, Artificial intelligence, ",Machine learning,Artificial intelligence,,National:Poland,National:Poland,,,,,,,
International Conference on Mobile Business,ICMB,,,"Distributed Computing†, , ",Distributed Computing†,,,,,,C,C,C,C,C,
International Conference on Mobile Data Management,MDM,mdm,B,"Data management and data science, Distributed computing and systems software, ",Data management and data science,Distributed computing and systems software,,B,B,C,C,C,C,C,C,B
International Conference on Mobile Systems and Pervasive Computing,MobiSPC,,Unranked,"Distributed computing and systems software, , ",Distributed computing and systems software,Distributed Computing†,Artificial Intelligence and Image Processing†,Unranked,Unranked,Unranked,Unranked,,,,,
"International Conference on Mobile Ubiquitous Computing, Systems, Services and Technologies",UBICOMM,,C,"Distributed computing and systems software, , ",Distributed computing and systems software,,,C,C,C,C,C,C,C,C,
International Conference on Mobile and Ubiquitous Systems: Networks and Services,Mobiquitous,mobiquitous,C,"Distributed computing and systems software, , ",Distributed computing and systems software,,,C,B,A,A,A,A,A,A,A
"International Conference on Model Driven Engineering Languages and Systems (Previously UML, changed in 2005)",MODELS,models,A,"Software engineering, , ",Software engineering,,,A,A,A,A,B,B,B,B,A
International Conference on Model Transformation,ICMT,icmt,,"Software engineering, , ",Software engineering,,,,,B,B,B,B,B,B,
International Conference on Model and Data Engineering,MEDI,medi,C,"Data management and data science, Applied computing, ",Data management and data science,Applied computing,,C,C,,,,,,,
International Conference on Model-Driven Engineering and Software Development,MODELSWARD,modelsward,C,"Distributed computing and systems software, Software engineering, ",Distributed computing and systems software,Software engineering,,C,C,,,,,,,
"International Conference on Modeling, Simulation and Visualization Methods",MSV,,,"Technology†, , ",Technology†,,,,,,,,,,C,
International Conference on Modelling Decisions for Artificial Intelligence,MDAI,mdai,B,"Artificial intelligence, , ",Artificial intelligence,,,B,B,B,B,B,B,B,B,
International Conference on Modelling and Simulation,ECMS,ecms,C,"Artificial intelligence, , ",Artificial intelligence,,,Multiconference,B,B,B,B,B,B,B,B
International Conference on Multi Agent Systems,ICMAS,,,", , ",,,,,,,,,,,,A
International Conference on Multimedia,ICMR,,,"Computer Software†, , ",Computer Software†,,,,,,,,B,,,
International Conference on Multimedia Modelling,MMM,mmm,B,"Computer vision and multimedia computation, , ",Computer vision and multimedia computation,,,B,B,C,C,C,C,C,C,B
International Conference on Multimedia Retrieval (previously MIR),ICMR,mir,B,"Computer vision and multimedia computation, Data management and data science, ",Computer vision and multimedia computation,Data management and data science,,B,B,B,B,B,,B,B,A
International Conference on Multimodal Interaction (was International Conference on Multimodal Interfaces),ICMI,icmi,B,"Human-centred computing, , ",Human-centred computing,,,B,B,B,B,B,B,B,B,
International Conference on Natural Computation,ICNC,icnc,National: China,"Artificial intelligence, , ",Artificial intelligence,,,National: China,National: China,National: China,C,C,C,C,C,
International Conference on Network Protocols,ICNP,icnp,B,"Distributed computing and systems software, , ",Distributed computing and systems software,,,B,A,A,A,A,A,A,A,A
International Conference on Network Softwarization,NetSoft,netsoft/,B,"Distributed computing and systems software, Software engineering, ",Distributed computing and systems software,Software engineering,,B,B,,,,,,,
International Conference on Network and Service Management (amalgamation of DSOM and related workshops from 2010),CNSM,cnsm,B,"Distributed computing and systems software, , ",Distributed computing and systems software,,,B,B,B,B,B,B,B,B,B
International Conference on Networked Computing,INC,,,"Distributed Computing†, , ",Distributed Computing†,,,,,,C,C,C,C,C,
International Conference on Networking and Mobile Computing,ICCNMC,,,"Communications Technologies†, , ",Communications Technologies†,,,,,,,,,,C,
"International Conference on Networking, Sensing and Control",ICNSC,,,"Automotive Engineering†, , ",Automotive Engineering†,,,,,,,,,,C,
International Conference on Networks and Communications,NetCoM,,,"Communications Technologies†, , ",Communications Technologies†,,,,,,,,,,C,
International Conference on Neural Information Processing,ICONIP,iconip,B,"Machine learning, , ",Machine learning,,,B,B,A,A,A,A,A,A,A
"International Conference on Neural, Parallel and Scientific Computations",NPSC,,,"Artificial Intelligence and Image Processing†, , ",Artificial Intelligence and Image Processing†,,,,,,C,C,C,C,C,C
International Conference on Neurosymbolic Learning and Reasoning,NeSy,nesy,C,"Artificial intelligence, Machine learning, Theory of computation",Artificial intelligence,Machine learning,Theory of computation,,,,,,,,,
International Conference on New Trends of Information and Service Science,NISS,,,"Information Systems†, , ",Information Systems†,,,,,,C,C,C,C,C,
International Conference on Next Generation Web Services Practices,NWESP,,,"Information Systems†, , ",Information Systems†,,,,,,C,C,C,C,C,
International Conference on Next Generation Wired/Wireless Advanced Networking,NEW2AN,,,"Communications Technologies†, , ",Communications Technologies†,,,,,,,,,,C,
International Conference on Object Oriented Information Systems,OOIS,,,", , ",,,,,,,C,C,C,C,,C
International Conference on Operations Research,GOR,,,"Computation Theory and Mathematics†, , ",Computation Theory and Mathematics†,,,,,,C,C,C,C,C,
International Conference on Operations Research and Enterprise Systems,ICORES,icores,C,"Artificial intelligence, , ",Artificial intelligence,,,C,C,,,,,,,
International Conference on Optimization: Techniques And Applications,ICOTA,,C,"Artificial intelligence, , ",Artificial intelligence,,,C,C,C,C,C,C,C,C,C
International Conference on Pairing-based Cryptography,Pairing,,C,"Cybersecurity and privacy, , ",Cybersecurity and privacy,,,C,C,C,C,C,C,C,C,
International Conference on Parallel Architecture and Compilation Techniques,PACT,IEEEpact,B,"Distributed computing and systems software, , ",Distributed computing and systems software,,,B,B,A,A,A,A,A,A,A
International Conference on Parallel Processing,ICPP,icpp,B,"Distributed computing and systems software, , ",Distributed computing and systems software,,,B,A,A,A,A,A,A,A,A
International Conference on Parallel Processing and Applied Mathematics,PPAM,ppam,National: Poland,"Distributed computing and systems software, , ",Distributed computing and systems software,,,National: Poland,National: Poland,National: Poland,C,C,C,C,C,
"International Conference on Parallel and Distributed Computing, Applications and Technologies",PDCAT,pdcat,C,"Distributed computing and systems software, , ",Distributed computing and systems software,,,C,C,B,B,B,B,B,B,B
International Conference on Parallel and Distributed Processing Techniques and Applications,PDPTA,,National: USA,"Distributed computing and systems software, , ",Distributed computing and systems software,,,National: USA,National: USA,National: USA,B,B,B,B,B,C
International Conference on Parallel and Distributed Systems,ICPADS,icpads,B,"Distributed computing and systems software, , ",Distributed computing and systems software,,,B,B,B,B,B,B,B,B,B
International Conference on Pattern Recognition,ICPR,icpr,B,"Computer vision and multimedia computation, , ",Computer vision and multimedia computation,,,B,B,B,B,B,B,B,B,A
International Conference on Pattern Recognition Applications and Methods,ICPRAM,icpram,C,"Computer vision and multimedia computation, , ",Computer vision and multimedia computation,,,C,C,,,,,,,
International Conference on Persuasive Technology,Persuasive,persuasive,B,"Information Systems†, , ",Information Systems†,,,,,,B,B,B,B,B,
International Conference on Pervasive Computing (Joined with UbiComp from 2013),PERVASIVE,,,"Distributed Computing†, Design Practice and Management†, ",Distributed Computing†,Design Practice and Management†,,,,,,,A*,A*,A,A*
International Conference on Pervasive Computing and Applications,ICPCA,,,"Distributed Computing†, , ",Distributed Computing†,,,,,,C,C,C,C,C,
International Conference on Pervasive Services,ICPS,,,"Distributed Computing†, , ",Distributed Computing†,,,,,,C,C,C,C,C,
International Conference on Practical Applications of Computational Biology & Bioinformatics,PACBB,pacbb,National(Spain),"Artificial intelligence, Machine learning, ",Artificial intelligence,Machine learning,,National(Spain),National(Spain),,,,,,,
International Conference on Practice and Theory in Public Key Cryptography,PKC,pkc,B,"Cybersecurity and privacy, , ",Cybersecurity and privacy,,,B,B,B,B,B,B,B,B,B
International Conference on Principles and Practice of Constraint Programming,CP,cp,A,"Artificial intelligence, , ",Artificial intelligence,,,A,A,A,A,A,A,A,A,A
International Conference on Principles and Practice of Declarative Programming,PPDP,ppdp,C,"Theory of computation, Software engineering, ",Theory of computation,Software engineering,,C,C,B,B,B,B,B,B,B
International Conference on Principles of Distributed Systems,OPODIS,opodis,B,"Distributed computing and systems software, , ",Distributed computing and systems software,,,B,B,B,B,B,B,B,B,B
International Conference on Principles of Practice in Multi-Agent Systems (prior to 2009 was Pacific Rim International Workshop on Multi-Agents),PRIMA,prima,B,"Artificial intelligence, , ",Artificial intelligence,,,B,B,B,B,B,B,B,B,B
International Conference on Principles of Security and Trust,POST,post,,"Cybersecurity and privacy, , ",Cybersecurity and privacy,Data Format†,Distributed Computing†,,Unranked,Unranked,Unranked,,,,,
"International Conference on Probabilistic, Combinatorial, and Asymptotic Methods in the Analysis of Algorithms (was Conference on Analysis of Algorithms)",AofA,aofa,C,"Theory of computation, , ",Theory of computation,,,C,B,B,B,B,B,B,B,B
"International Conference on Probability, Statistics and Operational Research",PSOR,,,"Computation Theory and Mathematics†, , ",Computation Theory and Mathematics†,,,,,,C,C,C,C,C,C
International Conference on Process Mining,ICPM,icpm,B,"Data management and data science, Artificial intelligence, ",Data management and data science,Artificial intelligence,,B,,,,,,,,
International Conference on Provable Security,ProvSec,provsec,C,"Cybersecurity and privacy, , ",Cybersecurity and privacy,,,C,B,B,B,B,B,B,B,
International Conference on Qualitative Research in IT & IT in Qualitative Research,QualIT,,,"Information Systems†, , ",Information Systems†,,,,,,B,B,B,B,B,B
International Conference on Quality of Multimedia Experience,QoMEX,qomex/,B,"Human-centred computing, Computer vision and multimedia computation, Graphics, augmented reality and games",Human-centred computing,Computer vision and multimedia computation,"Graphics, augmented reality and games",B,,,,,,,,
International Conference on Real-Time and Network Systems,RTNS,rtns,National: France,"Distributed computing and systems software, Software engineering, ",Distributed computing and systems software,Software engineering,,National: France,National: France,,,,,,,
International Conference on Recent Advances in Information Technology and Applications,RAITA,,,"Information and Computing Sciences†, , ",Information and Computing Sciences†,,,,,,C,C,C,C,C,
International Conference on Recent Advances in Natural Language Processing,RANLP,ranlp,National: bulgaria,"Artificial intelligence, , ",Artificial intelligence,,,National: bulgaria,National: bulgaria,National: bulgaria,C,C,C,C,C,
International Conference on Relational and AlgebraicMethods in Computer Science (was International Conference on Relational Methods in Computer Science RelMiCS),RAMiCS,RelMiCS,C,"Theory of computation, , ",Theory of computation,,,C,C,C,C,C,C,C,C,
"International Conference on Relations, Orders and Graphs: Interaction with Computer Science",ROGICS,,,"Computation Theory and Mathematics†, , ",Computation Theory and Mathematics†,,,,,,C,C,C,C,C,
International Conference on Reliable Software Technologies,Ada-Europe,adaEurope,Journal Published,"Software engineering, , ",Software engineering,,,Journal Published,B,B,B,B,A,A,A,A
International Conference on Research Challenges in Information Science,RCIS,rcis,B,"Information and Computing Sciences, , ",Information and Computing Sciences,,,B,B,B,B,B,B,B,B,
International Conference on Reversible Computation,RC,rc,C,"Theory of computation, Applied computing, ",Theory of computation,Applied computing,,C,,,,,,,,
International Conference on Rewriting Techniques and Applications (now merged with FSCD Formal Structures for Computation and Deduction),RTA,,,"Computation Theory and Mathematics†, , ",Computation Theory and Mathematics†,,,,,,A,A,A,A,,A
International Conference on Risks and Security of Internet and Systems,CRiSIS,crisis,C,"Cybersecurity and privacy, , ",Cybersecurity and privacy,,,C,C,C,C,C,C,C,C,
"International Conference on Robotics, Vision, Signal Processing and Power Applications (was ROVPIA)",RoVISP,,National: Malaysia,"Computer vision and multimedia computation, , ",Computer vision and multimedia computation,,,National: Malaysia,National: Malaysia,National: Malaysia,C,C,C,C,C,C
International Conference on Runtime Verification (was workshop pre 2010),RV,rv,B,"Software engineering, , ",Software engineering,,,B,B,C,C,C,C,C,C,
International Conference on Scientific and Statistical Data Base Management,SSDBM,ssdbm,B,"Data management and data science, , ",Data management and data science,,,B,B,A,A,A,A,A,A,A
International Conference on Security and Privacy for Communication Networks,SecureComm,securecomm,C,"Cybersecurity and privacy, , ",Cybersecurity and privacy,,,C,C,B,B,B,A,A,A,
International Conference on Security in Pervasive Computing,ICSPC,,,"Information Systems†, , ",Information Systems†,,,,,,A,A,A,A,,A
International Conference on Security of Information and Networks,SIN,sin,C,"Cybersecurity and privacy, , ",Cybersecurity and privacy,,,C,C,C,C,C,C,C,C,
International Conference on Semantic and Digital Media Technologies,SAMT,,,"Information Systems†, , ",Information Systems†,,,,,,C,C,C,C,C,
International Conference on Semantics Knowledge and Grid,SKG,skg,,"Distributed computing and systems software, , ",Distributed computing and systems software,,,,National: China,National: China,C,C,C,C,C,
International Conference on Sequences and their Applications,SETA,,C,"Cybersecurity and privacy, Theory of computation, ",Cybersecurity and privacy,Theory of computation,,C,B,B,B,B,B,B,B,B
International Conference on Service Oriented Computing,ICSOC,icsoc,A,"Distributed computing and systems software, , ",Distributed computing and systems software,,,A,A,A,A,A,A,A,A,A
International Conference on Similarity Search and Applications,SISAP,sisap,B,"Data management and data science, , ",Data management and data science,,,B,B,,,,,,,
"International Conference on Simulation and Modeling Methodologies, Technologies and Applications",SIMULTECH,simultech,C,"Distributed computing and systems software, , ",Distributed computing and systems software,,,C,C,,,,,,,
International Conference on Smart homes and health Telematics,ICOST,icost,C,"Applied computing, , ",Applied computing,Information Systems†,Communications Technologies†,C,C,C,C,,,,,
International Conference on Software Architecture (was previously WICSA),ICSA,icsa,A,"Software engineering, , ",Software engineering,,,A,A,NEW,NEW,A,A,A,A,A
International Conference on Software Composition,SC,,,"Computer Software†, , ",Computer Software†,,,,,,B,B,B,B,,
International Conference on Software Development,SWDC,,,"Computer Software†, , ",Computer Software†,,,,,,B,B,B,B,B,B
International Conference on Software Engineering,ICSE,icse,A*,"Software engineering, , ",Software engineering,,,A*,A*,A*,A*,A*,A*,A*,A,A*
International Conference on Software Engineering Advances,ICSEA,,C,"Software engineering, , ",Software engineering,,,C,C,C,C,C,C,C,C,B
International Conference on Software Engineering Theory and Practice,SETP,,,"Computer Software†, , ",Computer Software†,,,,,,C,C,C,C,C,
International Conference on Software Engineering and Formal Methods,SEFM,sefm,B,"Software engineering, , ",Software engineering,,,B,B,B,B,B,B,B,B,B
International Conference on Software Engineering and Knowledge Engineering,SEKE,seke,C,"Software engineering, Artificial intelligence, ",Software engineering,Artificial intelligence,,C,B,B,B,B,B,B,B,B
"International Conference on Software Engineering, Artificial Intelligence, Networking and Parallel/Distributed Computing",SNPD,snpd,C,"Software engineering, Artificial intelligence, Distributed computing and systems software",Software engineering,Artificial intelligence,Distributed computing and systems software,C,C,C,C,C,C,C,C,
International Conference on Software Engineering: Education and Practice,SEEP,,,", , ",,,,,,,B,B,B,B,,B
International Conference on Software Language Engineering,SLE,sle,B,"Software engineering, , ",Software engineering,,,B,B,B,B,B,B,B,B,
International Conference on Software Quality Management,SQM,,C,"Software engineering, , ",Software engineering,,,C,C,C,C,C,C,C,C,C
International Conference on Software Reuse,ICSR,icsr,B,"Software engineering, , ",Software engineering,,,B,B,B,B,A,A,A,A,A
"International Conference on Software Testing, Verification and Validation",ICST,icst,A,"Software engineering, , ",Software engineering,,,A,A,A,A,C,C,C,C,
International Conference on Software and Data Technologies,ICSoft,icsoft,C,"Software engineering, , ",Software engineering,,,C,B,B,B,B,B,B,B,
International Conference on Software and System Processes (was ICSP prior to 2011),ICSSP,ispw,B,"Software engineering, , ",Software engineering,,,B,B,A,A,A,A,A,A,A
International Conference on Soil Mechanics and Geotechnical Engineering,ICSMGE,,,"Civil Engineering†, , ",Civil Engineering†,,,,,,,,,,A,
International Conference on Spoken Language Processing,ICSLP,,,"Artificial Intelligence and Image Processing†, , ",Artificial Intelligence and Image Processing†,,,,,,,,C,C,C,
International Conference on Surface Finishing Technology and Surface Engineering,ICSFT2008,,,"Manufacturing Engineering†, Mechanical Engineering†, Interdisciplinary Engineering†",Manufacturing Engineering†,Mechanical Engineering†,Interdisciplinary Engineering†,,,,,,,,A,
International Conference on Sustainability in Energy and Buildings,SEB,,,"Architecture†, Building†, ",Architecture†,Building†,,,,,,,,,A,
International Conference on Sustainable Construction Materials and Technologies,SCMT,,,"Building†, , ",Building†,,,,,,,,,,B,
International Conference on Sustainable Energy Information Technology,SEIT,,Unranked,"Applied computing, Distributed computing and systems software, ",Applied computing,Distributed computing and systems software,Other Engineering†,Unranked,Unranked,Unranked,Unranked,,,,,
International Conference on Systems Engineering,ICSEng,icseng,C,"Information and Computing Sciences, , ",Information and Computing Sciences,,,C,C,C,C,C,C,C,C,
"International Conference on Systems Research, Informatics and Cybernetics",ICSRIC,,,"Information Systems†, , ",Information Systems†,,,,,,C,C,C,C,C,C
International Conference on Systems Thinking in Management,STM,,,"Information Systems†, , ",Information Systems†,,,,,,C,C,C,C,C,C
International Conference on Technical Debt,TechDebt,icse/techdebt2019.html,B,"Software engineering, , ",Software engineering,,,B,NEW,,,,,,,
International Conference on Technology Education,TE,,,", , ",,,,,,,C,C,C,C,,C
International Conference on Technology and Business Management,ICTBM,,,"Information Systems†, , ",Information Systems†,,,,,,C,C,C,C,C,
International Conference on Telecom Technology and Applications,ICTTA,,,"Communications Technologies†, , ",Communications Technologies†,,,,,,,,,,C,
International Conference on Temporal Logic,ICTL,,,"Computation Theory and Mathematics†, , ",Computation Theory and Mathematics†,,,,,,A,A,A,A,A,A
International Conference on Testing Software and Systems,ICTSS,pts,C,"Software engineering, , ",Software engineering,,,C,C,,,,,,,
International Conference on Tests and Proofs,TAP,tap,C,"Software engineering, , ",Software engineering,,,C,C,B,B,B,B,B,B,
International Conference on Theorem Proving with Analytic Tableaux and Related Methods,TABLEAUX,tableaux,B,"Theory of computation, , ",Theory of computation,,,B,B,A,A,A,A,A,A,A
International Conference on Theoretical and Mathematical Foundations of Computer Science,TMFCS,,,"Computation Theory and Mathematics†, , ",Computation Theory and Mathematics†,,,,,,C,C,C,C,C,
International Conference on Theoretical and Methodological Issues in machine Translation,TMI,,,"Artificial Intelligence and Image Processing†, , ",Artificial Intelligence and Image Processing†,,,,,,B,B,B,B,B,
International Conference on Theory and Applications of Computational Science,TACS,,,"Computation Theory and Mathematics†, , ",Computation Theory and Mathematics†,,,,,,C,C,C,C,C,
International Conference on Theory and Applications of Satisfiability Testing,SAT,sat,A,"Artificial intelligence, Theory of computation, ",Artificial intelligence,Theory of computation,,A,A,A,A,A,A,A,A,A
International Conference on Theory and Practice of Digital Libraries (was ECDL until 2010),TPDL,ercimdl,B,"Data management and data science, , ",Data management and data science,,,B,B,B,B,A,A,A,,A
International Conference on Tools with Artificial Intelligence,ICTAI,ictai,B,"Artificial intelligence, , ",Artificial intelligence,,,B,B,B,B,B,B,B,B,B
International Conference on Trust Management,iTrust,,,"Computer Software†, , ",Computer Software†,,,,,,C,C,C,C,C,
"International Conference on Trust, Privacy and Security in Digital Business",TrustBus,trustbus,B,"Cybersecurity and privacy, , ",Cybersecurity and privacy,,,B,B,B,B,B,B,B,B,
"International Conference on Trust, Security and Privacy in Computing and Communications",TrustCom,trustcom,B,"Cybersecurity and privacy, , ",Cybersecurity and privacy,,,B,B,A,A,A,A,A,A,
International Conference on Ubiquitous Intelligence and Computing,UIC,uic,C,"Distributed computing and systems software, Human-centred computing, ",Distributed computing and systems software,Human-centred computing,,C,B,B,B,B,B,B,B,
International Conference on Unconventional Computation and Natural Computation (was International Conference on Unconventional Computation),UC,uc,C,"Theory of computation, , ",Theory of computation,,,C,C,C,C,C,C,C,C,
"International Conference on User Modelling, Adaptation, and Personalization (was AH and UM)",UMAP,um,A,"Human-centred computing, , ",Human-centred computing,,,B,B,B,B,B,B,B,B,
International Conference on VLSI Design,VLSID,vlsid,National: India,"Distributed computing and systems software, , ",Distributed computing and systems software,,,National: India,National: India,National: India,C,C,C,C,C,C
International Conference on Vehicle Technology and Intelligent Transport Systems,VEHITS,vehits,C,"Distributed computing and systems software, Artificial intelligence, ",Distributed computing and systems software,Artificial intelligence,,C,C,,,,,,,
International Conference on Very Large Databases,VLDB,vldb,A*,"Data management and data science, , ",Data management and data science,,,A*,A*,A*,A*,A*,A*,A*,A,A*
International Conference on Virtual Execution Environments,VEE,vee,B,"Distributed computing and systems software, , ",Distributed computing and systems software,,,B,B,A,A,A,A,A,A,B
International Conference on Virtual Rehabilitation,ICVR,,Unranked,"Applied computing, , ",Applied computing,,,Unranked,Unranked,Unranked,Unranked,Unranked,Unranked,,,
International Conference on Virtual Storytelling (merged into ICIDS in 2008),ICVS,,,", , ",,,,,,,,,,,,C
International Conference on Virtual Systems and MultiMedia,VSMM,vsmm,,"Graphics, augmented reality and games, , ","Graphics, augmented reality and games",Design Practice and Management†,,,,B,B,B,B,B,B,C
International Conference on Vision Theory and Applications (Joined with GRAPP from 2008),VISAPP,,,"Artificial Intelligence and Image Processing†, , ",Artificial Intelligence and Image Processing†,,,,,,,,C,C,C,
International Conference on Visual Information Systems,VISUAL,,,"Artificial Intelligence and Image Processing†, Information Systems†, ",Artificial Intelligence and Image Processing†,Information Systems†,,,,,C,C,C,C,C,C
International Conference on Web Engineering,ICWE,icwe,B,"Data management and data science, , ",Data management and data science,,,B,B,B,B,B,B,C,C,
International Conference on Web Information Systems Engineering,WISE,wise,B,"Data management and data science, Distributed computing and systems software, ",Data management and data science,Distributed computing and systems software,,B,B,A,A,A,A,A,A,A
International Conference on Web Information Systems and Technologies,WEBIST,webist,C,"Information and Computing Sciences, , ",Information and Computing Sciences,,,C,C,C,C,C,C,C,C,C
International Conference on Web and Social Media,ICWSM,icwsm,A,"Applied computing, Data management and data science, ",Applied computing,Data management and data science,,A,Unranked,Unranked,Unranked,Unranked,Unranked,,,
International Conference on Web-Age Information Management,WAIM,waim,,"Information Systems†, , ",Information Systems†,,,,,,,C,C,C,C,C
International Conference on Web-based Modelling and Simulation,WebSim,,,"Artificial Intelligence and Image Processing†, Distributed Computing†, ",Artificial Intelligence and Image Processing†,Distributed Computing†,,,,,C,C,C,C,C,
International Conference on Wired / Wireless Internet Communications,WWIC,,,"Communications Technologies†, , ",Communications Technologies†,,,,,,,,,,B,
"International Conference on Wireless Communications, Networking and Mobile Computing",WiCOM,,,"Communications Technologies†, , ",Communications Technologies†,,,,,,,,,,C,
International Conference on Wireless Networks and Mobile Communications,WINCOM,wincom,C,"Distributed computing and systems software, , ",Distributed computing and systems software,,,National:Morocco,National:Morocco,,,,,,,
International Conference on Worldwide Computing and Its Applications,WWCA,,,"Other Information and Computing Sciences†, , ",Other Information and Computing Sciences†,,,,,,C,C,C,C,C,C
International Conference on e-Business,ICEB,,,"Information Systems†, , ",Information Systems†,,,,,,B,B,B,B,B,C
International Conference on network and System Security,NSS,nss,B,"Cybersecurity and privacy, , ",Cybersecurity and privacy,,,B,B,B,B,B,B,B,B,
International Conference on the Application and Theory of Petri Nets and Concurrency,Petri Nets,apn,B,"Distributed computing and systems software, , ",Distributed computing and systems software,,,B,B,B,B,B,B,B,B,B
International Conference on the Foundations of Digital Games,FDG,fdg,C,"Graphics, augmented reality and games, Human-centred computing, ","Graphics, augmented reality and games",Human-centred computing,,C,C,C,C,C,C,C,C,
International Conference on the Principles of Knowledge Representation and Reasoning,KR,kr,A*,"Artificial intelligence, Theory of computation, ",Artificial intelligence,Theory of computation,,A*,A*,A*,A*,A*,A*,A*,A,A*
International Conference on the Quality of Information and Communications Technology,QUATIC,quatic,National/Regional,"Software engineering, , ",Software engineering,Information Systems†,,C,C,C,C,,,,,
International Conference on the Simulation and Synthesis of Living Systems,ALIFE,,C,"Artificial intelligence, , ",Artificial intelligence,,,C,C,A,A,A,A,A,A,A
International Conference on the Statistical Analysis of Textual Data,JADT,,C,"Artificial intelligence, , ",Artificial intelligence,,,C,C,C,C,C,C,C,C,
International Conference on the Theory and Application of Cryptographic Techniques,EuroCrypt,eurocrypt,A*,"Cybersecurity and privacy, , ",Cybersecurity and privacy,,,A*,A*,A*,A*,A*,A*,A*,A,A*
International Conference on the Theory and Application of Cryptology and Information Security,ASIACRYPT,asiacrypt,A,"Cybersecurity and privacy, , ",Cybersecurity and privacy,,,A,A,A,A,A,A,A,A,A
International Conference on the Theory of Information Retrieval,ICTIR,ictir,Unranked,"Data management and data science, , ",Data management and data science,Artificial Intelligence and Image Processing†,Library and Information Studies†,Unranked,Unranked,Unranked,Unranked,,,,,
"International Conference: Sciences of Electronics, Technologies of information and Telecommunication",SETIT,,Unranked,"Information and Computing Sciences, , ",Information and Computing Sciences,Technology†,Engineering†,Unranked,Unranked,Unranked,Unranked,,,,,
"International Conferences in Central Europe on Computer Graphics, Visualization and Computer Vision",WSCG,,National: Czecholslovakia,"Graphics, augmented reality and games, Computer vision and multimedia computation, ","Graphics, augmented reality and games",Computer vision and multimedia computation,,National: Czecholslovakia,National: Czecholslovakia,National: Czecholslovakia,B,B,B,B,B,
International Congress of Chinese Mathematicians,ICCM,,,"Computation Theory and Mathematics†, , ",Computation Theory and Mathematics†,,,,,,C,C,C,C,C,
International Congress of Construction History,ICCH,,,"Architecture†, , ",Architecture†,,,,,,,,,,B,
International Congress of Mathematicians,ICM,,,"Computation Theory and Mathematics†, , ",Computation Theory and Mathematics†,,,,,,C,C,C,C,C,
International Congress on Computational and Applied Mathematics,ICCAM,,C,"Theory of computation, , ",Theory of computation,,,C,C,C,C,C,C,C,C,
International Congress on Modelling and Simulation,MODSIM,,Australasian C,"Artificial intelligence, , ",Artificial intelligence,,,Australasian C,Australasian C,Australasian C,C,C,C,C,C,C
International Construction Management and Economics Conference,SIBRAGEC,,,"Building†, , ",Building†,,,,,,,,,,B,
"International Council for Research and Innovation in Building and Construction (CIB) Meetings, Workshops, Symposia, Conferences",CIB,,,"Building†, , ",Building†,,,,,,,,,,A,
International Cross-Domain Conference for Machine Learning and Knowledge Extraction,CD-MAKE,cdmake,C,"Artificial intelligence, Machine learning, Human-centred computing",Artificial intelligence,Machine learning,Human-centred computing,C,C,,,,,,,
International Database Conference (HK CS),IDC(W),,,", , ",,,,,,,,L,L,L,,L
International Database Engineering and Applications Symposium,IDEAS,ideas,C,"Data management and data science, , ",Data management and data science,,,C,B,B,B,B,B,B,B,B
International European Conference on Parallel and Distributed Computing (was International Conference on Parallel Processing),EuroPar,europar,B,"Distributed computing and systems software, , ",Distributed computing and systems software,,,B,B,A,A,A,A,A,,A
International FLINS Conference on Robotics and Artificial Intelligence (was International Fuzzy Logic and Intelligent technologies in Nuclear Science Conference),FLINS,,C,"Artificial intelligence, , ",Artificial intelligence,,,C,C,B,B,B,B,B,B,
International Federation of Automatic Control World Congress,IFAC,,,", , ",,,,,,,C,C,C,C,,C
International Forum on Applied Wearable Computing,IFAWC,,,"Information Systems†, , ",Information Systems†,,,,,,C,C,C,C,C,
International French Speaking Conference on Logic and Constraint Programming,JFPLC,,,"Computation Theory and Mathematics†, , ",Computation Theory and Mathematics†,,,,,,C,C,C,C,C,C
International Frontiers of Algorithmics Workshop,FAW,faw,National: China,"Theory of computation, , ",Theory of computation,,,National: China,National: China,National: China,B,B,B,B,B,
International Group for Lean Construction Conference,IGLC,,,"Building†, , ",Building†,,,,,,,,,,A,
International ICSC Congress on Intelligent Systems and Applications,IICISA,,,"Artificial Intelligence and Image Processing†, , ",Artificial Intelligence and Image Processing†,,,,,,C,C,C,C,C,C
International IEEE Security in Storage Workshop,SISW,,,"Computer Software†, , ",Computer Software†,,,,,,C,C,C,C,C,
International IEEE Workshop on Software Evolvability,SE,,,"Computer Software†, , ",Computer Software†,,,,,,C,C,,,C,
International Joint Conference CAAP/FASE on Theory and Practice of Software Development,TAPSOFT,,,"Computer Software†, , ",Computer Software†,,,,,,C,C,C,C,C,
International Joint Conference on Artificial Intelligence,IJCAI,ijcai,A*,"Artificial intelligence, Machine learning, Computer vision and multimedia computation",Artificial intelligence,Machine learning,Computer vision and multimedia computation,A*,A*,A*,A*,A*,A*,A*,A,A*
International Joint Conference on Automated Reasoning,IJCAR,ijcar,A,"Artificial intelligence, Software engineering, Theory of computation",Artificial intelligence,Software engineering,Theory of computation,A,A,A*,A*,A*,A*,A*,A,A*
"International Joint Conference on Autonomous Agents and Multiagent Systems (previously the International Conference on Multiagent Systems, ICMAS, changed in 2000)",AAMAS,ifaamas,A,"Artificial intelligence, , ",Artificial intelligence,,,A*,A*,A*,A*,A*,A*,A*,A,A*
International Joint Conference on Biometrics,IJCB,icb,B,"Computer vision and multimedia computation, Cybersecurity and privacy, Human-centred computing",Computer vision and multimedia computation,Cybersecurity and privacy,Human-centred computing,B,,,,,,,,
International Joint Conference on Computational Intelligence,IJCCI,ijcci,C,"Artificial intelligence, Machine learning, ",Artificial intelligence,Machine learning,,C,C,,,,,,,
International Joint Conference on Computational Linguistics,IJCNLP2,,,", , ",,,,,,,B,B,B,B,,B
"International Joint Conference on Knowledge Discovery, Knowledge Engineering and Knowledge Management",IC3K,ic3k,C,"Data management and data science, , ",Data management and data science,Technology†,,C,C,C,C,C,C,C,C,
International Joint Conference on Natural Language Processing,IJCNLP,ijcnlp,B,"Artificial intelligence, , ",Artificial intelligence,,,B,B,B,B,B,B,B,B,A
International Joint Conference on Qualitative and Quantitative Practical Reasoning,ESQARU,,,"Artificial Intelligence and Image Processing†, , ",Artificial Intelligence and Image Processing†,,,,,,A,A,A,A,A,A
International Joint Conference on Rough Sets (2014 International Conference on Rough Sets and Current Trends in Computing joined with 3 others),IJCRS (was RSCTC),ijcrs,C,"Artificial intelligence, , ",Artificial intelligence,,,C,C,C,C,C,C,C,C,
International Joint Conference on Rules and Reasoning,RuleML+RR,rulemlrr,B,"Artificial intelligence, Theory of computation, Applied computing",Artificial intelligence,Theory of computation,Applied computing,B,B,,,,,,,
International Joint Conference on e-Business and Telecommunications,ICETE,,,"Information Systems†, , ",Information Systems†,,,,,,C,C,C,C,C,
International Joint Workshop on Computational Creativity,IJWCC,,,"Design Practice and Management†, , ",Design Practice and Management†,,,,,,,,,,B,
International KES Conference on Agents and Multiagent systems - Technologies and Applications,KES AMSTA,,C,"Artificial intelligence, , ",Artificial intelligence,,,C,C,C,C,C,C,C,C,
International Logic Programming Symposium,ILPS,,,"Artificial Intelligence and Image Processing†, , ",Artificial Intelligence and Image Processing†,,,,,,A,A,A,A,,A
International Machine Vision and Image Processing Conference,IMVIP,,National: ireland,"Computer vision and multimedia computation, , ",Computer vision and multimedia computation,,,National: ireland,National: ireland,National: ireland,C,C,C,C,C,
"International Meeting on High Performance Computing for Computational Science (previously International Meeting Vector and Parallel Processing, changed in 2002)",VECPAR,vecpar,,"Distributed Computing†, , ",Distributed Computing†,,,,,,B,B,B,B,B,
International Multi-Conference on Engineering and Technological Innovation,IMETI,,,"Engineering†, , ",Engineering†,,,,,,,,,,C,
International NZ Conference on Computer-Human Interaction,SIGCHI-NZ,,,", , ",,,,,,,,Australasian,Australasian,"Australasian (missed 2013, changed 2019)",,B
International Natural Language Generation Conference,INLG,inlg,B,"Artificial intelligence, , ",Artificial intelligence,,,B,B,B,B,B,B,B,B,
International Network Optimization Conference,INOC,inoc,C,"Distributed computing and systems software, , ",Distributed computing and systems software,,,C,C,C,C,C,C,C,C,
International Network for Tropical Architecture conferences,INTA,,,"Architecture†, , ",Architecture†,,,,,,,,,,C,
International Parallel Computing Workshop,PCW,,,"Distributed Computing†, , ",Distributed Computing†,,,,,,C,C,C,C,C,C
International Picture Coding Symposium,PCS,pcs,C,"Computer vision and multimedia computation, , ",Computer vision and multimedia computation,,,C,C,C,C,C,C,C,C,C
International Planning History Society,IPHS,,,"Urban and Regional Planning†, , ",Urban and Regional Planning†,,,,,,,,,,B,
International Postgraduate Research Conference (Research Institute for the Built and Human Environment (BuHu)),BuHu IPGRC,,,"Building†, , ",Building†,,,,,,,,,,C,
International Python Conference,IPythC,,,"Computer Software†, , ",Computer Software†,,,,,,C,C,C,C,C,C
International Research Week Conference,IPGRC,,,"Building†, , ",Building†,,,,,,,,,,C,
International Science Conference on Computer Networks,CN,cn,,"Distributed computing and systems software, Cybersecurity and privacy, ",Distributed computing and systems software,Cybersecurity and privacy,,,National:Poland,,,,,,,
International Semantic Web Conference,ISWC,semweb,,"Data management and data science, , ",Data management and data science,,,,A,A,A,A,A,A,,
International Society of Rock Mechanics Series of Symposia and Conferences,ISRM,,,"Civil Engineering†, Resources Engineering and Extractive Metallurgy†, ",Civil Engineering†,Resources Engineering and Extractive Metallurgy†,,,,,,,,,A,
International Symposium 'Problems of Redundancy in Information and Control Systems',Redundancy,,National Russia,"Cybersecurity and privacy, Theory of computation, ",Cybersecurity and privacy,Theory of computation,,National Russia,National Russia,,,,,,,
International Symposium Component-Based Software Engineering,CBSE,,,"Computer Software†, , ",Computer Software†,,,,,,,B,B,A,A,A
International Symposium on 3D Data Processing Visualization and Transmission,3DPVT,,,"Artificial Intelligence and Image Processing†, , ",Artificial Intelligence and Image Processing†,,,,,,C,C,C,C,C,
International Symposium on Advanced DB Technologies and Integration,ADTI,,,"Data Format†, , ",Data Format†,,,,,,B,B,B,B,B,B
International Symposium on Algorithmic Game Theory,SAGT,sagt,B,"Theory of computation, , ",Theory of computation,,,B,B,B,B,B,B,B,B,
International Symposium on Algorithms and Computation,ISAAC,isaac,B,"Theory of computation, , ",Theory of computation,,,A,A,A,A,A,A,A,A,A
International Symposium on Algorithms and Experiments for Wireless Networks,Algosensors,algosensors,C,"Distributed computing and systems software, , ",Distributed computing and systems software,Communications Technologies†,,C,C,C,C,,,,C,
International Symposium on Applications and the Internet,SAINT,,,"Other Information and Computing Sciences†, , ",Other Information and Computing Sciences†,,,,,,C,C,C,C,C,
"International Symposium on Applied Algebra, Algebraic Algorithms and Error-Correcting Codes",AAAAECC,,,"Computation Theory and Mathematics†, , ",Computation Theory and Mathematics†,,,,,,B,B,B,B,B,B
International Symposium on Applied Computational Intelligence and Informatics,SACI,saci,National: Romania,"Artificial intelligence, , ",Artificial intelligence,,,National: Romania,National: Romania,National: Romania,C,C,C,C,C,
International Symposium on Applied Machine Intelligence and Informatics,SAMI,,National: slovakia,"Artificial intelligence, , ",Artificial intelligence,,,National: slovakia,National: slovakia,National: slovakia,C,C,C,C,C,
International Symposium on Artificial Intelligence and Mathematics,ISAIM,isaim,National: USA,"Artificial intelligence, , ",Artificial intelligence,Computation Theory and Mathematics†,,National: USA,National: USA,National: USA,B,B,B,B,B,
International Symposium on Artificial Life and Robotics,AROB,,C,"Artificial intelligence, , ",Artificial intelligence,,,C,C,C,C,C,C,C,C,
"International Symposium on Audio, Video, Image Processing and Intelligent Applications",ISAVIIA,,,"Artificial Intelligence and Image Processing†, , ",Artificial Intelligence and Image Processing†,,,,,,C,C,C,C,C,C
International Symposium on Automated Technology for Verification and Analysis,ATVA,atva,B,"Software engineering, , ",Software engineering,,,B,B,A,A,A,A,A,A,A
International Symposium on Automation and Robotics in Construction,ISARC,,C,"Artificial intelligence, , ",Artificial intelligence,,,C,C,C,C,C,C,C,,C
International Symposium on Autonomous Decentralized Systems,ISADS,isads,C,"Distributed computing and systems software, , ",Distributed computing and systems software,,,C,C,C,C,C,C,C,C,
International Symposium on Circuits and Systems,CIRSYS,,,"Computer Hardware†, , ",Computer Hardware†,,,,,,C,C,C,C,C,C
International Symposium on Code Generation and Optimization,CGO,cgo,A,"Software engineering, , ",Software engineering,,,A,A,A,A,A,A,A,A,A
International Symposium on Collaborative Technologies and Systems,CTS,,,"Distributed Computing†, , ",Distributed Computing†,,,,,,C,C,C,C,C,
International Symposium on Combinatorial Optimisation,ISCO,iscopt,C,"Theory of computation, Artificial intelligence, ",Theory of computation,Artificial intelligence,,C,C,C,C,C,C,C,C,
International Symposium on Communications and Information Technologies,ISCIT,,,"Communications Technologies†, , ",Communications Technologies†,,,,,,,,,,B,
International Symposium on Computational Geometry,SoCG,compgeom,A*,"Theory of computation, , ",Theory of computation,,,A,A,A,A,A,A,A,A,A
International Symposium on Computational Life Science,CompLife,,,"Artificial Intelligence and Image Processing†, , ",Artificial Intelligence and Image Processing†,,,,,,B,B,B,B,B,B
International Symposium on Computer Architecture and High Performance Computing,SBAC-PAD,sbac-pad,C,"Distributed computing and systems software, , ",Distributed computing and systems software,,,C,B,B,B,B,B,B,B,
International Symposium on Computer Design,COMPDES,,,"Communications Technologies†, , ",Communications Technologies†,,,,,,C,C,C,C,C,C
International Symposium on Computer and Information Sciences,ISCIS,iscis,,"Information and Computing Sciences, , ",Information and Computing Sciences,,,,,C,C,C,C,C,C,B
International Symposium on Cooperative Database Systems for Advanced Applications,CODAS,,,"Data Format†, , ",Data Format†,,,,,,C,C,C,C,C,C
"International Symposium on Data, privacy and E-Commerce",ISDPE,,,"Computer Software†, , ",Computer Software†,,,,,,C,C,C,C,C,
International Symposium on Design and Diagnostics of Electronic Circuits and Systems,DDECS,ddecs,C,"CSE - Computer Systems Engineering, , ",CSE - Computer Systems Engineering,,,,,,,,,,,
International Symposium on Distributed Computing (was WDAG),DISC,wdag,A,"Distributed computing and systems software, , ",Distributed computing and systems software,,,A,A,A,A,A,A,A,A,A
International Symposium on Distributed Simulation and Real Time Applications,DS-RT,dsrt,C,"Distributed computing and systems software, Artificial intelligence, Human-centred computing",Distributed computing and systems software,Artificial intelligence,Human-centred computing,C,C,B,B,B,B,B,B,
International Symposium on Empirical Software Engineering,ISESE,,,"Computer Software†, , ",Computer Software†,,,,,,B,B,B,B,B,A
International Symposium on Empirical Software Engineering and Measurement,ESEM,esem,A,"Software engineering, , ",Software engineering,,,A,A,A,A,A,A,A,A,A
International Symposium on Experimental Algorithms,SEA,wea,B,"Theory of computation, , ",Theory of computation,,,B,B,B,B,B,,,B,
International Symposium on Fault-Tolerant Computing,FTCS,,,"Civil Engineering†, , ",Civil Engineering†,,,,,,,,,,C,
International Symposium on Formal Methods (was Formal Methods Europe FME),FM,fm,B,"Software engineering, Theory of computation, ",Software engineering,Theory of computation,,A,A,A,A,A,A,A,A,A
International Symposium on Foundations of Intelligent Systems,ISMIS,ismis,C,"Artificial intelligence, , ",Artificial intelligence,,,C,C,C,C,C,C,C,C,
International Symposium on Functional and Logic Programming,FLOPS,flops,National: Japan,"Theory of computation, , ",Theory of computation,,,National: Japan,National: Japan,National: Japan,A,A,A,A,A,A
International Symposium on Fundamentals of Computation Theory,FCT,fct,B,"Theory of computation, , ",Theory of computation,,,B,B,A,A,A,A,A,A,B
International Symposium on Future Software Technology,ISFST,,,"Computer Software†, , ",Computer Software†,,,,,,C,C,C,C,C,C
International Symposium on Grids and Clouds (was International Symposium on Grid Computing),ISGC,,C,"Distributed computing and systems software, , ",Distributed computing and systems software,,,C,C,C,C,C,C,C,C,
International Symposium on High Performance Computer Architecture,HPCA,hpca,A*,"CSE - Computer Systems Engineering, Distributed computing and systems software, ",CSE - Computer Systems Engineering,Distributed computing and systems software,,A*,A*,A*,A*,A*,A*,A*,A,A*
International Symposium on Information Assurance and Security,IAS,,,"Data Format†, , ",Data Format†,,,,,,,,,,C,
International Symposium on Information Processing,ISIP,,,"Information Systems†, , ",Information Systems†,,,,,,C,C,C,C,C,
International Symposium on Information Theory and Its Applications,ISITA,isita,C,"Theory of computation, Cybersecurity and privacy, ",Theory of computation,Cybersecurity and privacy,,C,B,B,B,B,B,B,B,C
International Symposium on Information and Communication Technologies,ISICT,isict,,"Information and Computing Sciences, , ",Information and Computing Sciences,,,,,C,C,C,C,C,C,
International Symposium on Innovations in Intelligent Systems and Applications,INISTA,inista,C,"Artificial intelligence, Applied computing, ",Artificial intelligence,Applied computing,,C,C,C,C,C,C,C,C,
"International Symposium on Intelligent Multimedia, Video and Speech Processing",ISIMP,,,"Computer Hardware†, , ",Computer Hardware†,,,,,,,,C,C,C,C
International Symposium on Intelligent Systems and Informatics,SISY,sisy,National: serbia,"Artificial intelligence, , ",Artificial intelligence,,,National: serbia,National: serbia,National: serbia,C,C,C,C,C,
International Symposium on Intelligent and Interactive Multimedia: Systems and Services,KES IIMSS,iimss,,"Computer vision and multimedia computation, , ",Computer vision and multimedia computation,,,,,C,C,C,C,C,C,
International Symposium on Latin American Theoretical Informatics,LATIN,latin,B,"Theory of computation, , ",Theory of computation,,,B,B,B,B,B,B,B,B,B
"International Symposium on Leveraging Applications of Formal Methods, Verification and Validation",ISoLA,isola,C,"Software engineering, , ",Software engineering,,,C,C,C,C,C,C,C,C,
International Symposium on Logic-based Program Synthesis and Transformation,LOPSTR,lopstr,C,"Theory of computation, Software engineering, ",Theory of computation,Software engineering,,C,B,B,B,B,B,B,B,B
International Symposium on Mathematical Foundations of Computer Science,MFCS,mfcs,B,"Theory of computation, , ",Theory of computation,,,A,A,A,A,A,A,A,A,B
International Symposium on Mathematical Morphology,ISMM,,,"Artificial Intelligence and Image Processing†, , ",Artificial Intelligence and Image Processing†,,,,,,B,B,B,B,B,
International Symposium on Memory Management,ISMM,iwmm,C,"Distributed computing and systems software, Software engineering, ",Distributed computing and systems software,Software engineering,,C,C,A,,,,,,B
International Symposium on Microarchitecture,MICRO,micro,A*,"CSE - Computer Systems Engineering, , ",CSE - Computer Systems Engineering,,,TBR,,,A,A,A,A,,A
"International Symposium on Modelling and Optimization in Mobile, Ad Hoc, and Wireless Networks",WiOpt,wiopt,B,"Distributed computing and systems software, , ",Distributed computing and systems software,,,B,B,B,B,B,B,B,B,B
"International Symposium on Networks, Computers and Communications",ISNCC,isncc,C,"Distributed computing and systems software, , ",Distributed computing and systems software,Communications Technologies†,Information and Computing Sciences†,C,C,Unranked,Unranked,,,,,
International Symposium on Neural Networks,ISNN,isnn,C,"Machine learning, , ",Machine learning,,,C,C,C,C,C,C,C,C,
"International Symposium on New Ideas, New Paradigms, and Reflections on Programming and Software",Onward,onward,C,"Software engineering, , ",Software engineering,,,C,C,C,C,C,C,C,C,
International Symposium on Next Generation Data Base Systems and Applications,NGDB,,,"Data Format†, , ",Data Format†,,,,,,C,C,C,C,C,B
International Symposium on Object Technologies for Advanced Software,ISOTAS,,,"Computer Software†, , ",Computer Software†,,,,,,C,C,C,C,C,
International Symposium on Open Collaboration (was International Symposiums on Wikis),OPENSYM,wikis,C,"Software engineering, , ",Software engineering,,,C,C,B,B,B,B,B,B,
"International Symposium on Parallel Architectures, Algorithms and Networks",I-SPAN,ispan,,"Distributed computing and systems software, , ",Distributed computing and systems software,,,,,B,B,B,B,B,B,C
International Symposium on Parallel and Distributed Computing,ISPDC,ispdc,C,"Distributed computing and systems software, , ",Distributed computing and systems software,,,C,C,C,C,C,C,C,C,
International Symposium on Parameterized and Exact Computation (was IWPEC pre 2004),IPEC,iwpec,B,"Theory of computation, , ",Theory of computation,,,B,B,B,B,B,B,B,B,B
International Symposium on Physical Design,PHYSDES,,,", , ",,,,,,,C,C,C,C,,C
International Symposium on Robotics,ISR,isr,,"Artificial Intelligence and Image Processing†, Manufacturing Engineering†, ",Artificial Intelligence and Image Processing†,Manufacturing Engineering†,,,,,A,A,A,A,A,A
International Symposium on Robotics Research,ISRR,isrr,C,"Artificial intelligence, , ",Artificial intelligence,Artificial Intelligence and Image Processing†,,C,A,A,A,A,A,A,A,A
International Symposium on Search Based Software Engineering,SSBSE,ssbse,B,"Software engineering, Artificial intelligence, ",Software engineering,Artificial intelligence,,B,B,,,,,,,
International Symposium on Software Engineering for Adaptive and Self-Managing Systems,SEAMS,seams,A,"Software engineering, , ",Software engineering,,,A,A,,,,,,,
"International Symposium on Software Engineering: Theories, Tools, and Applications",SETTA,setta,National:China,"Software engineering, Theory of computation, ",Software engineering,Theory of computation,,National:China,National:China,,,,,,,
International Symposium on Software Reliability Engineering,ISSRE,issre,A,"Software engineering, , ",Software engineering,,,A,A,A,A,A,A,A,A,A
International Symposium on Software Testing and Analysis,ISSTA,issta,A,"Software engineering, , ",Software engineering,,,A,A,A,A,A,A,A,A,A
International Symposium on Spatial Data Handling,SDH,,C,"Applied computing, , ",Applied computing,Urban and Regional Planning†,,C,C,C,C,C,C,C,C,
International Symposium on Spatial Data Infrastructures,ISSDI,,,"Geomatic Engineering †, , ",Geomatic Engineering †,,,,,,C,C,C,C,C,C
International Symposium on Spatial Data Quality,ISSDQ,,C,"Applied computing, , ",Applied computing,,,C,C,C,C,C,C,C,C,C
International Symposium on Spatial and Temporal Databases,SSTD,ssd,B,"Applied computing, , ",Applied computing,Geomatic Engineering †,,B,B,A,A,A,A,A,A,A
International Symposium on String Processing and Information Retrieval,SPIRE,spire,C,"Data management and data science, , ",Data management and data science,Library and Information Studies†,,C,B,B,B,B,B,B,B,B
International Symposium on Symbolic and Algebraic Computation,ISSAC,issac,B,"Theory of computation, , ",Theory of computation,,,A,A,A*,A*,A*,A*,A*,A,A*
International Symposium on Symbolic and Numeric Algorithms for Scientific Computing,SYNASC,synasc,National: romania,"Theory of computation, , ",Theory of computation,,,National: romania,National: romania,National: romania,C,C,C,C,C,
International Symposium on Technology and Society,ISTAS,,C,"Information and Computing Sciences, , ",Information and Computing Sciences,,,C,C,C,C,C,C,C,C,
International Symposium on Temporal Representation and Reasoning,TIME,time,C,"Artificial intelligence, , ",Artificial intelligence,,,C,B,B,B,B,B,A,A,A
International Symposium on Theoretical Aspects of Computer Science,STACS,stacs,A,"Theory of computation, , ",Theory of computation,,,A,A,A,A,B,B,B,B,A
International Symposium on Theoretical Aspects of Software Engineering,TASE,tase,National: China,"Software engineering, , ",Software engineering,,,National: China,National: China,National: China,C,C,C,C,C,
International Symposium on Ubiquitous Virtual Reality,ISUVR,,National: S. Korea,"Graphics, augmented reality and games, Human-centred computing, ","Graphics, augmented reality and games",Human-centred computing,,National: S. Korea,National: S. Korea,National: S. Korea,C,C,C,C,C,
International Symposium on Visual Computing,ISVC,isvc,National: USA,"Graphics, augmented reality and games, Computer vision and multimedia computation, ","Graphics, augmented reality and games",Computer vision and multimedia computation,,National: USA,National: USA,National: USA,C,C,C,C,C,
International Symposium on Voronoi diagrams in Science and Engineering,ISVD,,,"Computation Theory and Mathematics†, , ",Computation Theory and Mathematics†,,,,,,C,C,C,C,C,
International Symposium on Wireless Personal Multimedia Communications,WPMC,,,"Communications Technologies†, , ",Communications Technologies†,,,,,,,,,,C,
International Symposium on the Mathematical Theory of Networks and Systems,MTNS,,C,"Distributed computing and systems software, , ",Distributed computing and systems software,,,C,C,C,C,C,C,C,C,C
International Telecommunication Networks and Applications Conference (was Australian Telecommunication Networks and Applications Conference),ITNAC,itnac,Australasian C,"Distributed computing and systems software, , ",Distributed computing and systems software,,,Australasian C,Australasian C,Australasian C,Australasian,Australasian,Australasian,Australasian,C,L
International Teletraffic Congress,ITC,teletraffic,,"Distributed computing and systems software, , ",Distributed computing and systems software,,,,Unranked,Unranked,Unranked,,,,,
International Urban Design Conference,IUDC,,,"Urban and Regional Planning†, , ",Urban and Regional Planning†,,,,,,,,,,C,
International Visualization in Transportation Symposium,TRB,,National: USA,"Human-centred computing, , ",Human-centred computing,,,National: USA,National: USA,National: USA,C,C,C,C,C,
International Web Conference,IWC,,,"Information Systems†, , ",Information Systems†,,,,,,C,C,C,C,C,C
International Wireless Internet Conference,WiCon,,,"Communications Technologies†, , ",Communications Technologies†,,,,,,,,,,C,
International Wordnet Conference (Global Wordnet Conference),GWC,wordnet,C,"Data management and data science, Artificial intelligence, ",Data management and data science,Artificial intelligence,,C,C,C,C,C,C,C,C,
International Work-Conference on Artificial and Natural Neural Networks,IWANN,iwann,National: Spain,"Machine learning, , ",Machine learning,,,National: Spain,National: Spain,National: Spain,B,B,B,B,B,B
International Work-conference on the Interplay between Natural and Artificial Computation,IWINAC,iwinac,National,"Artificial intelligence, , ",Artificial intelligence,Biomedical Engineering †,Electrical and Electronic Engineering†,National,National,National:Spain,National:Spain,,,,,
International Workshop Programming Multi-Agent Systems (merged into EMAS in 2013),PROMAS,,,"Data Format†, , ",Data Format†,,,,,,,,,,B,
International Workshop in Software Measurement (Joined with Mensura from 2007),IWSM,,,"Data Format†, , ",Data Format†,,,,,,,,C,C,C,
International Workshop of the Initiative for the Evaluation of XML Retrieval,INEX,,,"Computer Software†, , ",Computer Software†,,,,,,C,C,C,C,C,
International Workshop on Abstract State Machines,ASM(W),,,"Computation Theory and Mathematics†, , ",Computation Theory and Mathematics†,,,,,,C,C,C,C,C,
International Workshop on Advanced Architectures and Algorithms for Internet Delivery and Applications,AAA-IDEA,,,"Information Systems†, , ",Information Systems†,,,,,,C,C,C,C,C,
International Workshop on Agents and Data Mining Interaction,ADMI,admi,,"Artificial intelligence, Data management and data science, ",Artificial intelligence,Data management and data science,,,,B,B,B,B,B,B,
International Workshop on Algebraic and Combinatorial Coding Theory,ACCT,,National,"Theory of computation, Cybersecurity and privacy, ",Theory of computation,Cybersecurity and privacy,,National,National,,,,,,,
"International Workshop on Aliasing, Confinement and Ownership",IWACO,,,"Computer Software†, , ",Computer Software†,,,,,,C,C,C,C,C,
International Workshop on Ant Colony,ANTS,,,"Artificial Intelligence and Image Processing†, , ",Artificial Intelligence and Image Processing†,,,,,,B,B,B,B,B,B
International Workshop on Approximation Algorithms for Combinatorial Optimization Problems and International Conference on Randomization and Computation,APPROX/RANDOM,approx,A,"Theory of computation, , ",Theory of computation,,,A,A,A,A,A,A,A,A,A
International Workshop on Artificial Intelligence and Statistics,WAIS,,,", , ",,,,,,,B,B,B,B,,B
International Workshop on Boolean Functions: Cryptography and Applications,BFCA,,,"Data Format†, , ",Data Format†,,,,,,C,C,C,C,C,
International Workshop on Business Process Design,BPD,,,"Information Systems†, , ",Information Systems†,,,,,,C,C,C,C,C,
International Workshop on Business Process Intelligence,BPI,,,"Information Systems†, , ",Information Systems†,,,,,,C,C,C,C,C,
"International Workshop on Business Process Modelling, Development, and Support",BPMDS,,,"Information Systems†, , ",Information Systems†,,,,,,C,C,C,C,C,
International Workshop on C# and .NET Technologies,C#,,,"Computer Software†, , ",Computer Software†,,,,,,C,C,C,C,C,
International Workshop on Coding and Cryptography,WCC,wcc,,"Cybersecurity and privacy, , ",Cybersecurity and privacy,,,,,B,,,,,B,
International Workshop on Combinations of Intelligent Methods and Applications,CIMA,,C,"Artificial intelligence, Machine learning, Computer vision and multimedia computation",Artificial intelligence,Machine learning,Computer vision and multimedia computation,C,C,C,C,C,C,C,C,
International Workshop on Combinatorial Algorithm,IWOCA,iwoca,C,"Theory of computation, , ",Theory of computation,,,C,B,B,B,B,B,B,B,
International Workshop on Combinatorial Image Analysis: Theory and Applications,IWCIA,iwcia,C,"Computer vision and multimedia computation, , ",Computer vision and multimedia computation,,,C,C,C,C,C,C,C,C,
International Workshop on Comparative Evaluation in Requirements Engineering,CERE,,,"Computer Software†, , ",Computer Software†,,,,,,C,C,C,C,C,
International Workshop on Computer-Aided Software Eng,IWCASE,,,"Computer Software†, , ",Computer Software†,,,,,,B,B,B,B,B,B
"International Workshop on Coordination, Organizations, Institutions, Norms and Ethics for Governance of Multi-Agent Systems (Ethics added 2020)",COINE,coin-ws/,C,"Artificial intelligence, , ",Artificial intelligence,,,C,B,B,B,B,B,B,,
International Workshop on Critical Information Infrastructures Security,CRITIS,critis,C,"Cybersecurity and privacy, , ",Cybersecurity and privacy,,,C,C,C,C,C,C,C,C,
International Workshop on Data Management on New Hardware,DaMoN,damon,C,"Data management and data science, , ",Data management and data science,,,C,C,,,,,,,
International Workshop on Data Warehousing and OLAP,DOLAP,dolap,C,"Data management and data science, , ",Data management and data science,,,C,B,B,B,B,B,B,B,C
International Workshop on Developments in Computational Models,DCM,dcm,,"Theory of computation, , ",Theory of computation,,,,,C,C,C,C,C,C,
International Workshop on Digital Watermarking,IWDW,iwdw,C,"Cybersecurity and privacy, , ",Cybersecurity and privacy,Data Format†,,C,C,C,C,C,C,C,C,
International Workshop on Distributed Object Management,IWDOM,,,"Computer Software†, , ",Computer Software†,,,,,,C,C,C,C,C,C
International Workshop on Document Analysis Systems,DAS,das,B,"Data management and data science, , ",Data management and data science,,,B,B,B,B,B,B,B,,A
International Workshop on Domain Driven Data Mining,DDDM,,,"Data Format†, , ",Data Format†,,,,,,C,C,C,C,C,
International Workshop on Economics-Driven Software Engineering Research,EDSER,,,"Computer Software†, , ",Computer Software†,,,,,,C,C,C,C,C,
International Workshop on Efficient Algorithms,WEA,,,"Computation Theory and Mathematics†, , ",Computation Theory and Mathematics†,,,,,,B,B,B,B,B,
International Workshop on Enterprise and Organizational Modelling and Simulation,EOMAS,,C,"Software engineering, , ",Software engineering,,,C,C,C,C,C,C,C,C,
International Workshop on Entertainment Computing,WEC,,,"Information Systems†, , ",Information Systems†,,,,,,C,C,C,C,C,C
International Workshop on Evolution and Change in Data Management,ECDM,,,"Data Format†, , ",Data Format†,,,,,,C,C,C,C,C,
International Workshop on Fast Software Encryption,FSE,fse,,"Cybersecurity and privacy, , ",Cybersecurity and privacy,,,,B,B,,,,,,
International Workshop on Formal Methods for Parallel Programming: Theory and Applications,FMPPTA,,,"Computation Theory and Mathematics†, , ",Computation Theory and Mathematics†,,,,,,C,C,C,C,C,
International Workshop on Formal Methods for interactive Systems,FMIS,,C,"Software engineering, Human-centred computing, ",Software engineering,Human-centred computing,,C,C,C,C,C,C,C,C,
International Workshop on Foundations for Secure/Survivable Systems and Networks,FSSSSN,,,"Communications Technologies†, , ",Communications Technologies†,,,,,,,,,,C,
International Workshop on Foundations of Models and Languages for Data and Objects,FMLDO,,,"Data Format†, , ",Data Format†,,,,,,C,C,C,C,C,
International Workshop on Foundations of Object-Oriented Languages,FOOL,,,"Computer Software†, , ",Computer Software†,,,,,,C,C,C,C,C,C
International Workshop on Functional and Constraint Logic Programming,WFLP,wflp,,"Software engineering, , ",Software engineering,,,,C,C,C,C,C,C,C,C
International Workshop on Genetic and Evolutionary Fuzzy Systems,GEFS,,,"Artificial Intelligence and Image Processing†, , ",Artificial Intelligence and Image Processing†,,,,,,C,C,C,C,C,
International Workshop on Global Optimization,GO,,,"Computation Theory and Mathematics†, , ",Computation Theory and Mathematics†,,,,,,C,C,C,C,C,
International Workshop on Graph-Theoretic Concepts in Computer Science,WG,wg,B,"Theory of computation, , ",Theory of computation,,,B,A,A,A,A,A,A,A,B
International Workshop on Group-Oriented Cryptographic Protocols,GOCP,,,"Data Format†, , ",Data Format†,,,,,,C,C,C,C,C,
International Workshop on High-Level Parallel Programming Models and Supportive Environments,HIPS,,C,"Distributed computing and systems software, , ",Distributed computing and systems software,,,C,C,C,C,C,C,C,C,
International Workshop on Hot topics in Peer-to-Peer Systems,HotP2P,,,"Distributed Computing†, , ",Distributed Computing†,,,,,,C,C,C,C,C,
"International Workshop on Human Aspects in Ambient Intelligence: Agent Technology, Human-Oriented Knowledge and Applications",HAI,,,"Artificial Intelligence and Image Processing†, , ",Artificial Intelligence and Image Processing†,,,,,,C,C,C,C,C,
International Workshop on Image Analysis and Information Fusion,IAIF,,,"Artificial Intelligence and Image Processing†, , ",Artificial Intelligence and Image Processing†,,,,,,C,C,C,C,C,C
"International Workshop on Incorporating COTS Software into Software Systems, Tools and Techniques",IWICSS,,,"Data Format†, , ",Data Format†,,,,,,C,C,C,C,C,
International Workshop on Information Security Applications,WISA,wisa,National: korea,"Cybersecurity and privacy, , ",Cybersecurity and privacy,,,National: korea,National: korea,National: korea,C,C,C,C,C,
International Workshop on Intelligent Agents,IWIA,,,"Artificial Intelligence and Image Processing†, , ",Artificial Intelligence and Image Processing†,,,,,,C,C,C,C,C,
International Workshop on Interactive Entertainment,IDET,,,"Information Systems†, , ",Information Systems†,,,,,,C,C,C,C,C,
International Workshop on Issues in the Theory of Security,WITS,,,"Computer Software†, , ",Computer Software†,,,,,,C,C,C,C,C,
International Workshop on Knowledge Discovery from Data Streams,IWKDDS,,,"Artificial Intelligence and Image Processing†, , ",Artificial Intelligence and Image Processing†,,,,,,C,C,C,C,C,
International Workshop on Logic Programming and Multi-Agents,LPMA,,,", , ",,,,,,,B,B,B,B,,B
International Workshop on Logic and Complexity in Computer Science,LCCS,,,"Computation Theory and Mathematics†, , ",Computation Theory and Mathematics†,,,,,,C,C,C,C,C,C
International Workshop on Metamodelling - Utilization in Software Engineering,MUSE,,,"Computer Software†, , ",Computer Software†,,,,,,C,C,C,C,C,
International Workshop on Middleware for Grid Computing,MGC,,,"Distributed Computing†, , ",Distributed Computing†,,,,,,C,C,C,C,C,
International Workshop on Mobile Commerce and Services,WMCS,,,"Information Systems†, , ",Information Systems†,,,,,,C,C,C,C,C,
International Workshop on Modelling and Visualization of XML and Semantic Web Data,MOVIX,,,"Data Format†, , ",Data Format†,,,,,,C,C,C,C,C,
International Workshop on Modelling in Software Engineering,MISE,,C,"Software engineering, , ",Software engineering,,,C,C,C,C,C,C,C,C,
"International Workshop on Modelling, Simulation, Verification and Validation of Enterprise Information Systems",MSVVEIS,,,"Information Systems†, , ",Information Systems†,,,,,,C,C,C,C,C,
International Workshop on MultiAgent Based Simulation,MABS,mabs,C,"Artificial intelligence, , ",Artificial intelligence,,,C,C,C,C,C,C,C,C,
"International Workshop on Multimedia Data Storage, Retrieval, Integration and Applications",MDSRIA,,,"Information Systems†, , ",Information Systems†,,,,,,C,C,C,C,C,C
International Workshop on Multimedia Signal Processing,MMSP,mmsp,C,"Computer vision and multimedia computation, , ",Computer vision and multimedia computation,,,C,B,B,B,B,B,B,B,A
"International Workshop on Nonmonotonic Reasoning, Action and Change",NRAC,,,"Artificial Intelligence and Image Processing†, , ",Artificial Intelligence and Image Processing†,,,,,,C,C,C,C,C,
International Workshop on Paraphrasing,IWP,,,"Artificial Intelligence and Image Processing†, , ",Artificial Intelligence and Image Processing†,,,,,,B,B,B,B,B,
International Workshop on Parsing Technologies,IWPT,,,"Computer Software†, , ",Computer Software†,,,,,,B,B,B,B,C,
International Workshop on Pattern Recognition in Information Systems,PRIS,,,"Information Systems†, , ",Information Systems†,,,,,,C,C,C,C,C,
International Workshop on Post-Quantum Cryptography,PQCrypto,pqcrypto,C,"Cybersecurity and privacy, , ",Cybersecurity and privacy,,,C,C,C,C,C,C,C,C,
International Workshop on Principles of Diagnosis,DX,,C,"Software engineering, Distributed computing and systems software, ",Software engineering,Distributed computing and systems software,,C,C,B,B,B,B,B,,B
International Workshop on Quality of Information Systems,QOIS,,,"Information Systems†, , ",Information Systems†,,,,,,C,C,C,C,C,
International Workshop on Randomization and Computation,RANDOM,random,,"Theory of computation, , ",Theory of computation,,,,A,A,A,A,A,A,A,A
International Workshop on Realising Evidence-based Software Engineering,REBSE,,,"Computer Software†, , ",Computer Software†,,,,,,C,C,C,C,C,
International Workshop on Requirements Engineering Visualization,REV,,,"Computation Theory and Mathematics†, , ",Computation Theory and Mathematics†,,,,,,B,B,B,B,B,
International Workshop on Requirements Engineering: Foundation for Software Quality,REFSQ,refsq,B,"Software engineering, , ",Software engineering,,,B,B,B,B,B,B,B,B,B
International Workshop on Research Issues in Data Engineering,RIDE,,,"Data Format†, , ",Data Format†,,,,,,B,B,B,B,B,B
International Workshop on Satellite and Space Communications,IWSSC,,,"Communications Technologies†, , ",Communications Technologies†,,,,,,,,,,C,
International Workshop on Schema Languages for XML,X-Schemas,,,"Computer Software†, , ",Computer Software†,,,,,,C,C,C,C,C,
International Workshop on Security,IWSEC,iwsec,National: Japan,"Cybersecurity and privacy, , ",Cybersecurity and privacy,,,National: Japan,National: Japan,National: Japan,B,B,B,B,B,
International Workshop on Security Protocols,IWSP,,,"Computer Software†, , ",Computer Software†,,,,,,C,C,C,C,C,
International Workshop on Security in Information Systems,WOSIS,,,"Computer Software†, , ",Computer Software†,,,,,,C,C,C,C,C,
International Workshop on Soft Computing Applications,SOFA,,National: Romania,"Applied computing, , ",Applied computing,,,National: Romania,National: Romania,National: Romania,C,C,C,C,C,
International Workshop on Software Engineering for High Performance Computing Applications,SE-HPC,,,"Distributed Computing†, , ",Distributed Computing†,,,,,,C,C,C,C,C,
International Workshop on Software Process Simulation and Modelling (now ICSP),PROSim,,,"Computer Software†, , ",Computer Software†,,,,,,,,B,B,B,B
International Workshop on Software Product Management,IWSPM,,,"Computer Software†, , ",Computer Software†,,,,,,C,C,C,C,C,
International Workshop on Software Quality,WoSQ,,,"Data Format†, , ",Data Format†,,,,,,C,C,C,C,C,
International Workshop on Software Technology for Augmented Reality Systems,IWSTAR,,,"Information Systems†, , ",Information Systems†,,,,,,C,C,C,C,C,
International Workshop on Software and Compilers for Embedded Systems,SCOPES,scopes,C,"Distributed computing and systems software, , ",Distributed computing and systems software,,,C,C,A,A,A,A,A,A,A
International Workshop on Temporal Databases,TDB,,,"Data Format†, , ",Data Format†,,,,,,C,C,C,C,C,
International Workshop on Visualization for Cyber Security,VizSec,vizsec,C,"Human-centred computing, Cybersecurity and privacy, ",Human-centred computing,Cybersecurity and privacy,,C,C,C,C,C,C,C,C,
International Workshop on Web Content Caching and Distribution,WCW,,,"Information Systems†, , ",Information Systems†,,,,,,B,B,B,B,B,B
International Workshop on Web Information Systems Modelling,WISM,,,"Information Systems†, , ",Information Systems†,,,,,,C,C,C,C,C,
International Workshop on Web and Wireless Geographical Information Systems,W2GIS,w2gis,C,"Applied computing, , ",Applied computing,,,C,C,C,C,C,C,C,C,C
International Workshop on Wireless and Mobile Networks,WiMoNe,,,"Communications Technologies†, , ",Communications Technologies†,,,,,,,,,,C,
International Workshop on the Algorithmic Foundations of Robotics,WAFR,wafr,C,"Artificial intelligence, , ",Artificial intelligence,,,C,C,C,C,C,C,C,C,
International Workshop on the Sate of the Art in Cryptology and New Challenges Ahead,Quo Vadis Cryptology,,,"Data Format†, , ",Data Format†,,,,,,C,C,C,C,C,
International Workshop on the Web and Databases,WebDB,webdb,,"Data management and data science, , ",Data management and data science,,,,,National: USA,C,C,C,C,C,C
International Workshops on Enabling Technologies: Infrastructures for Collaborative Enterprises,WETICE,wetice,C,"Distributed computing and systems software, Human-centred computing, ",Distributed computing and systems software,Human-centred computing,,C,C,B,B,B,B,B,B,
International Workshops on First-Order Theorem Proving,FTP,,,"Computation Theory and Mathematics†, , ",Computation Theory and Mathematics†,,,,,,B,B,B,B,B,B
International World Wide Web Conference,WWW,www,A*,"Distributed computing and systems software, Data management and data science, ",Distributed computing and systems software,Data management and data science,Library and Information Studies†,A*,A*,A*,A*,A*,A*,A*,A,A*
International XML Database Symposium,Xsym,,,"Data Format†, , ",Data Format†,,,,,,C,C,C,C,C,
International and Interdisciplinary Conference on Modelling and Using Context,CONTEXT,context,,"Artificial intelligence, , ",Artificial intelligence,,,,C,C,C,C,C,C,C,
International conference on unsaturated soils,Unsat,,,"Civil Engineering†, , ",Civil Engineering†,,,,,,,,,,A,
International workshop on High-Level Parallel Programming and Applications,HLPP,,C,"Distributed computing and systems software, , ",Distributed computing and systems software,,,C,C,C,C,C,C,C,C,C
Internationale Tagung Wirtschaftsinformatik,DITW,,,"Information Systems†, , ",Information Systems†,,,,,,C,C,C,C,C,B
Internet Measurement Conference,IMC,imc,A,"Distributed computing and systems software, , ",Distributed computing and systems software,,,A,A,A,A,A,A,A,A,A
Internet Research,AOIR,,,"Information Systems†, , ",Information Systems†,,,,,,C,C,C,C,C,B
Internet Society Conference,INET,,,"Information Systems†, , ",Information Systems†,,,,,,C,C,C,C,C,B
Interoperating Geographic Information Systems,INTEROP,,,"Information Systems†, , ",Information Systems†,,,,,,C,C,C,C,C,
Interspeech (combined EuroSpeech and ICSLP in 2000),Interspeech,interspeech,A,"Artificial intelligence, , ",Artificial intelligence,,,A,A,A,A,A,,,,A
Israel Symposium on Theory of Computing and Systems,ISTCS,,,", , ",,,,,,,,,,,,A
Italian Conference on Theoretical Computer Science,ICTCS,,,"Computation Theory and Mathematics†, , ",Computation Theory and Mathematics†,,,,,,,,,,C,L
Italian Symposium on Advanced Database Systems,SEBD,,,"Data Format†, , ",Data Format†,,,,,,,,,,C,
Japan Conference on Computational Geometry and Graphs,JCCGG,,,"Computation Theory and Mathematics†, , ",Computation Theory and Mathematics†,,,,,,,,,,C,
Japan Conference on Discrete and Computational Geometry,JCDCG,,,"Computation Theory and Mathematics†, , ",Computation Theory and Mathematics†,,,,,,,,,,C,
Japan-China Joint Workshop on Frontier of Computer Science and Technology,FCST,,,"Information and Computing Sciences†, , ",Information and Computing Sciences†,,,,,,,,,,C,
Japan-Korea Joint Workshop on Algorithms and Computations,WAAC,,,"Computation Theory and Mathematics†, , ",Computation Theory and Mathematics†,,,,,,,,,,C,
Japanese-Hungarian Symposium on Discrete Mathematics and Its Applications,JH,,,"Computation Theory and Mathematics†, , ",Computation Theory and Mathematics†,,,,,,,,,,C,
Joint AUPEC & EECON,PEC&CON,,,", , ",,,,,,,C,C,C,C,,C
Joint Australia and New Zealand Biennial Conference on Digital Image and Vision Computing,DIVC,,,"Artificial Intelligence and Image Processing†, , ",Artificial Intelligence and Image Processing†,,,,,,Australasian,Australasian,Australasian,Australasian,C,L
Joint Conference of the International Workshop on Software Measurement and the International Conference on Software Process and Product Measurement (IWSM and Mensura combined from 2007),IWSM Mensura,iwsm,C,"Software engineering, , ",Software engineering,,,C,C,C,C,C,C,C,C,
"Joint Conference on Computer Vision, Imaging and Computer Graphics Theory and Applications (GRAPP and VISAPP combined from 2008)",VISIGRAPP,visigrapp,Multiconference,"Computer vision and multimedia computation, , ",Computer vision and multimedia computation,,,Multiconference,B,B,B,B,B,A,A,
Joint Conference on Declarative Programming APPIA-GULP-PRODE,APPIA/GULP/PRODE,,,", , ",,,,,,,C,C,C,C,,C
Joint Conference on Information Sciences,JCIS,,,"Information Systems†, , ",Information Systems†,,,,,,C,C,C,C,C,C
Joint Conference on New Methods in Language Processing and Computational Natural Language Learning,NeMLaP,,,"Artificial Intelligence and Image Processing†, , ",Artificial Intelligence and Image Processing†,,,,,,C,C,C,C,C,C
Joint DICTA & IVCNZ,DICTA/IVCNZ,,,", , ",,,,,,,Australasian,Australasian,Australasian,"Australasin (missed 2013, changed 2019)",,C
Joint European Conference and Exhibition on Geographical Information Systems,JECGI,,,"Geomatic Engineering †, , ",Geomatic Engineering †,,,,,,C,C,C,C,C,C
Joint European Networking Conference,JENC,,,"Communications Technologies†, , ",Communications Technologies†,,,,,,,,,,C,
Joint International Conference on CyberGames and Interactive Entertainment,CGIE,,,"Information Systems†, , ",Information Systems†,,,,,,C,C,C,C,C,
Joint Meeting of the European Frequency and Time Forum and the Institute of Electrical and Electronics Engineers In,EFTF/IFCS,,,", , ",,,,,,,C,C,C,C,,C
Joint Modular Languages Conference,JMLC,,,"Computer Software†, , ",Computer Software†,,,,,,B,B,B,B,B,B
"Joint OECC, IOCC & ACOFT",OESS/IOCC/ACOFT,,,", , ",,,,,,,C,C,C,C,,C
Joint Working Conference on Secure Information Networks: Communications and Multimedia Security,CMS,,,"Computer Software†, , ",Computer Software†,,,,,,C,C,C,C,C,
"Joint iTrust and PST Conferences on Privacy, Trust Management and Security",IFIP TM,,,"Computer Software†, , ",Computer Software†,,,,,,,,,,C,
Joint workshop on Multimodal Interaction and Related Machine Learning Algorithms (now ICMI-MLMI),MLMI,,,"Artificial Intelligence and Image Processing†, , ",Artificial Intelligence and Image Processing†,,,,,,B,B,B,B,B,B
Journal of Computing Science in Colleges (Conference proceedings),CCSC,,,"Other Information and Computing Sciences†, , ",Other Information and Computing Sciences†,,,,,,B,B,C,C,C,
KES International Symposium on Intelligent Decision Technologies,KES IDT,,C,"Artificial intelligence, , ",Artificial intelligence,,,C,C,C,C,C,C,C,C,
"Knowledge Acquisition, Modelling and Management Workshop (No longer Exists)",KAW,,,"Information Systems†, , ",Information Systems†,,,,,,,,C,C,C,C
Knowledge Discovery and Data Mining in Biological Databases Meeting,KDDMBD,,,"Data Format†, , ",Data Format†,,,,,,C,C,C,C,C,C
Knowledge Domain Visualisation,KDViz,,National: UK,"Human-centred computing, , ",Human-centred computing,,,National: UK,National: UK,National: UK,C,C,C,C,C,
Knowledge Representation Meets Databases,KRDB,,,"Data Format†, , ",Data Format†,,,,,,C,C,C,C,C,C
Knowledge Visualization and Visual Thinking,KV,,C,"Human-centred computing, , ",Human-centred computing,,,C,C,C,C,C,C,C,C,
Knowledge and Data Engineering Exchange Workshop,KDEX,,,"Data Format†, , ",Data Format†,,,,,,C,C,C,C,C,C
Knowledge capture,K-CAP,kcap,B,"Data management and data science, Artificial intelligence, ",Data management and data science,Artificial intelligence,,B,B,A,A,A,A,A,A,A
Kyoto International Conference on Computational Geometry and Graph Theory,KyotoCGGT,,,"Computation Theory and Mathematics†, , ",Computation Theory and Mathematics†,,,,,,C,C,C,C,C,
"Language Descriptions, Tools and Applications",LDTA,,,"Computer Software†, , ",Computer Software†,,,,,,B,B,B,B,B,B
Language Resources and Evaluation Conference,LREC,lrec,B,"Artificial intelligence, , ",Artificial intelligence,,,B,C,C,C,C,C,C,,C
"Language, Data and Knowledge",LDK,ldk,C,"Artificial intelligence, Data management and data science, Applied computing",Artificial intelligence,Data management and data science,Applied computing,C,Unranked: NEW,,,,,,,
Latin American Conference on Informatics,CLEI,clei,C,"Artificial intelligence, Software engineering, Data management and data science",Artificial intelligence,Software engineering,Data management and data science,C,C,,,,,,C,
Latin American Conference on Pattern Languages of Programming,SugarLoafPLoP,,,"Computer Software†, , ",Computer Software†,,,,,,,,,,C,
Latin American Web Congress,LA-WEB,,,"Information Systems†, , ",Information Systems†,,,,,,,,,,C,
"Latin-American Algorithms, Graphs and Optimization Symposium",LAGOS,lagos,C,"Theory of computation, , ",Theory of computation,,,C,C,,,,,,C,
Law via the Internet,LI,,,"Other Information and Computing Sciences†, , ",Other Information and Computing Sciences†,,,,,,C,C,C,C,C,C
Lexical Semantics and Knowledge Representation,SIGLEX,,,"Data Format†, , ",Data Format†,,,,,,C,C,C,C,C,
Logic Programming and Automated Reasoning,LPAR,lpar,B,"Theory of computation, Artificial intelligence, ",Theory of computation,Artificial intelligence,,B,A,A,A,A,A,A,A,A
Logic and Engineering of Natural Language Semantics,LENLS,,,"Artificial Intelligence and Image Processing†, , ",Artificial Intelligence and Image Processing†,,,,,,B,B,B,B,B,B
Logical Foundations of Computer Science,LFCS,lfcs,National: USA,"Theory of computation, , ",Theory of computation,,,National: USA,National: USA,National: USA,B,B,B,B,B,B
"Logics in Artificial Intelligence, European Conference",JELIA,jelia,B,"Theory of computation, Artificial intelligence, ",Theory of computation,Artificial intelligence,,A,A,A,A,A,A,A,A,A
MACIS: International Conference of Mathematical Aspects of Computer and Information Sciences,MACIS,macis,,"Theory of computation, , ",Theory of computation,,,,C,C,C,C,C,C,C,
MSRI Combinatorial Game Theory Research Workshop,GameTheory,,,"Computation Theory and Mathematics†, , ",Computation Theory and Mathematics†,,,,,,C,C,C,C,C,
Machine Translation Summit,MT SUMMIT,mtsummit,C,"Artificial intelligence, , ",Artificial intelligence,,,C,B,B,B,B,B,B,B,
Machine Vision Applications,MVA,mva,National: japan,"Computer vision and multimedia computation, , ",Computer vision and multimedia computation,,,National: japan,National: japan,National: japan,C,C,C,C,C,
"Machines, Computations and Universality (was Universal Machines and Computations)",MCU,mcu,C,"Theory of computation, , ",Theory of computation,,,C,B,B,B,B,B,B,B,B
Malaysia International Conference on Communications,MICC,,Regional,"Distributed computing and systems software, , ",Distributed computing and systems software,,,Regional,Regional,Regional,Regional,Regional,Regional,Regional,,Regional
Management of Innovation and Technology International Conference,ICMIT,,,"Technology†, , ",Technology†,,,,,,,,,,C,
Massively Parallel Processing Using Optional Interconnections,MPPOI,,,"Distributed Computing†, , ",Distributed Computing†,,,,,,B,B,B,B,B,B
Mathematical Methods in Computer Science,MMICS,,,"Computation Theory and Mathematics†, , ",Computation Theory and Mathematics†,,,,,,C,C,C,C,C,
Mathematics of Program Construction,MPC,mpc,B,"Theory of computation, , ",Theory of computation,,,B,B,B,B,B,B,B,B,B
Measurement and Modeling of Computer Systems,SIGMETRICS,sigmetrics,A*,"Software engineering, , ",Software engineering,,,A*,A*,A*,A*,A*,A*,A*,A,A*
Mechatronics and Machine Vision in Practice,M2VIP,,,"Manufacturing Engineering†, , ",Manufacturing Engineering†,,,,,,B,B,B,B,B,B
Medical Image Computing and Computer-Assisted Intervention,MICCAI,miccai,A,"Applied computing, Computer vision and multimedia computation, ",Applied computing,Computer vision and multimedia computation,,A,A,A,A,A,A,A,A,
Medicine Meets Virtual Reality,MMVR,,,"Artificial Intelligence and Image Processing†, Biomedical Engineering †, ",Artificial Intelligence and Image Processing†,Biomedical Engineering †,,,,,B,B,B,B,B,
Mensch & Computer,MuC,mc,National: Germany,"Human-centred computing, , ",Human-centred computing,,,National: Germany,National: Germany,,,,,,,
Methods Effectives en Geometrie Algebrique,MEGA,,,"Computation Theory and Mathematics†, , ",Computation Theory and Mathematics†,,,,,,,,,,B,B
Mexican International Conference on Current Trends in Computer Science (was Mexican International Conference on Computer Science),ENC,,,"Information and Computing Sciences†, , ",Information and Computing Sciences†,,,,,,C,C,C,C,C,
"Mid-West Conference on Combinatorics, Cryptography, and Computing",MIGHTY,,,"Computation Theory and Mathematics†, , ",Computation Theory and Mathematics†,,,,,,,,,,C,
Mining for Enhanced Web Search,MEWS,,,"Information Systems†, , ",Information Systems†,,,,,,C,C,C,C,C,C
Mobile Media,MMC,,,"Design Practice and Management†, , ",Design Practice and Management†,,,,,,,,,,B,
Mobile and Ubiquitous Multimedia (ACM),MUM,mum,B,"Human-centred computing, , ",Human-centred computing,,,B,B,,,,,,B,
Mobility in Databases and Distributed Systems,MDDS,,,"Data Format†, , ",Data Format†,,,,,,C,C,C,C,C,C
Modelling and Optimization: Theory and Applications,MOPTA,,National: USA,"Artificial intelligence, , ",Artificial intelligence,,,National: USA,National: USA,National: USA,C,C,C,C,C,
Modern Asian Architecture Network conferences,mAAN,,,"Architecture†, , ",Architecture†,,,,,,,,,,C,
"Multimedia Content Access: Algorithms and Systems (was Multimedia Content Analysis, Management and Retrieval)",MCA:AS,,,"Information Systems†, , ",Information Systems†,,,,,,C,C,C,C,C,
Multimedia and Network Information Systems,MISSI,missi,National: Poland,"Computer vision and multimedia computation, Graphics, augmented reality and games, Artificial intelligence",Computer vision and multimedia computation,"Graphics, augmented reality and games",Artificial intelligence,National: Poland,National: Poland,,,,,,,
Multiple Objective Decision Support System Conference,MODSS,,,", , ",,,,,,,C,C,C,C,,C
NAISO Congress on Autonomous Intelligent Systems,NAISO,,,"Artificial Intelligence and Image Processing†, , ",Artificial Intelligence and Image Processing†,,,,,,C,C,C,C,C,C
NASA LaRC Formal Methods Workshop,LARC,,,"Computation Theory and Mathematics†, , ",Computation Theory and Mathematics†,,,,,,,,,,C,C
NATO Conference on software engineering,NATOSE,,,"Computer Software†, , ",Computer Software†,,,,,,,,,,C,
National Advisory Committee on Computing Qualifications,NACCQ,,,"Other Information and Computing Sciences†, , ",Other Information and Computing Sciences†,,,,,,,,,,C,L
National Conference Communications,NCC,,,"Computer Hardware†, , ",Computer Hardware†,,,,,,,,,,C,B
National Conference of The Australian Society for Operations Research,ASOR,,Australasian C,"Artificial intelligence, , ",Artificial intelligence,,,Australasian C,Australasian C,Australasian C,Australasian,Australasian,Australasian,Australasian,,L
National Conference of the American Association for Artificial Intelligence,AAAI,aaai,A*,"Artificial intelligence, Computer vision and multimedia computation, Machine learning",Artificial intelligence,Computer vision and multimedia computation,Machine learning,A*,A*,A*,A*,A*,A*,A*,A,A*
National Conference of the Australian Robot Association,ARA,,,", , ",,,,,,,Australasian,Australasian,Australasian,Australasian,,B
National Conference on Computer and Information Systems,NCCIS,,,"Information Systems†, , ",Information Systems†,,,,,,,,,,C,C
National Database Conference (China),NDB,,,"Data Format†, , ",Data Format†,,,,,,,,,,C,C
National Information Systems Security Conference (was National Computer Security Conference),NISSC,,,"Computer Software†, , ",Computer Software†,,,,,,,,,,C,
National Science Foundation symposium on Next Generation Data Mining and Cyber Enabled Discovery for Innovation (was.NSF workshop on Next Generation Data Mining),NGDM,,,"Data Format†, , ",Data Format†,,,,,,,,,,C,
Natural Language Processing and Knowledge Engineering,IEEE NLP-KE,,,"Artificial Intelligence and Image Processing†, , ",Artificial Intelligence and Image Processing†,,,,,,C,C,C,C,C,
"Net Object Days (Includings MATES, ENASE etc.)",MATES ENASE,,,", , ",,,,,,,A,A,A,A,,A
Network Storage Symposium,NetStore,,,"Distributed Computing†, , ",Distributed Computing†,,,,,,A,A,A,A,,A
Network and Operating System Support for Digital Audio and Video,NOSSDAV,nossdav,B,"Distributed computing and systems software, , ",Distributed computing and systems software,,,B,B,A,A,A,A,A,A,A
Network for Comfort and Energy Use in Buildings Windsor Conference,Windsor,,,"Building†, , ",Building†,,,,,,,,,,A,
Networked Group Communication,NGC,,,"Communications Technologies†, , ",Communications Technologies†,,,,,,,,,,C,
New Security Paradigms Workshop,NSPW,nspw,C,"Cybersecurity and privacy, , ",Cybersecurity and privacy,,,C,C,C,C,C,C,C,C,
New Technologies Mobility and Security,NTMS,ntms,,"Cybersecurity and privacy, , ",Cybersecurity and privacy,,,,C,,,,,,,
New Zealand Game Developers Conference,NZGDC,,Australasian C,"Graphics, augmented reality and games, Human-centred computing, ","Graphics, augmented reality and games",Human-centred computing,,Australasian C,Australasian C,Australasian C,C,C,C,C,C,
Nordic Conference on Human-Computer Interaction,NordiCHI,nordichi,Regional:Scandinavia,"Human-centred computing, , ",Human-centred computing,,,Regional:Scandinavia,Regional:Scandinavia,,,,,,,
Nordic Conference on Pattern Languages of Programs,VikingPLoP,,,"Computer Software†, , ",Computer Software†,,,,,,,,,,C,
Nordic Design Research Conference,NORDES,,,"Design Practice and Management†, , ",Design Practice and Management†,,,,,,,,,,B,
Nordic Workshop on Secure IT Systems,NordSec,,,"Computer Software†, , ",Computer Software†,,,,,,,,,,C,L
North American Association for Computational Linguistics,NAACL,naacl,A,"Artificial intelligence, , ",Artificial intelligence,,,A,A,A,A,A,A,A,A,A
North American Conference on Logic Programming,NACLP,,,"Computer Software†, , ",Computer Software†,,,,,,,,,,C,
North American Fuzzy Information Processing Society Conference,NAFIPS,,,"Artificial Intelligence and Image Processing†, , ",Artificial Intelligence and Image Processing†,,,,,,,,,,C,C
Norwegian Computer Human Interaction,NORDCHI,,,"Information Systems†, , ",Information Systems†,,,,,,,,,,C,B
Numerical Models in Geomechanics,NUMOG,,,"Civil Engineering†, , ",Civil Engineering†,,,,,,,,,,A,
On-Line Testing and Robust System Design,IOLTS,iolts,C,"CSE - Computer Systems Engineering, Software engineering, ",CSE - Computer Systems Engineering,Software engineering,,C,C,C,C,C,C,C,C,
Open and Distance Learning Association of Australia Bienniel Forum,ODLA,,,", , ",,,,,,,Australasian,Australasian,Australasian,Australasian,,L
Optimal Discrete Structures and Algorithms,ODSA,,,"Computation Theory and Mathematics†, , ",Computation Theory and Mathematics†,,,,,,C,C,C,C,C,
Optimization: Techniques And Applications,OTA,,,"Computation Theory and Mathematics†, , ",Computation Theory and Mathematics†,,,,,,C,C,C,C,C,C
Organisations and Society in Information Systems Workshop,OASIS,,,"Information Systems†, , ",Information Systems†,,,,,,C,C,C,C,C,C
PACES & ICIL,P&I,,,", , ",,,,,,,C,C,C,C,,C
Pacific Asia Conference on Information Systems,PACIS,,,"Information Systems†, , ",Information Systems†,,,,,,A,A,A,A,A,B
"Pacific Asia Conference on Language, Information and Computation",PACLIC,paclic,C,"Artificial intelligence, , ",Artificial intelligence,,,C,B,B,B,B,B,B,B,B
Pacific Asian Conference on Expert Systems,PACES,,,"Artificial Intelligence and Image Processing†, , ",Artificial Intelligence and Image Processing†,,,,,,B,B,B,B,B,B
Pacific Conference on Computer Graphics and Applications,PG,pg,Journal Published,"Graphics, augmented reality and games, Computer vision and multimedia computation, ","Graphics, augmented reality and games",Computer vision and multimedia computation,,Journal Published,Journal Published,A,A,A,A,A,A,A
Pacific Rim International Conference on Artificial Intelligence,PRICAI,pricai,B,"Artificial intelligence, , ",Artificial intelligence,,,B,B,B,B,B,B,B,B,B
Pacific Rim International Symposium on Dependable Computing,PRDC,prdc,C,"Software engineering, Distributed computing and systems software, Cybersecurity and privacy",Software engineering,Distributed computing and systems software,Cybersecurity and privacy,C,B,B,B,B,B,B,B,
Pacific Rim Knowledge Acquisition Workshop,PKAW,pkaw,C,"Artificial intelligence, Machine learning, Human-centred computing",Artificial intelligence,Machine learning,Human-centred computing,C,B,B,B,B,B,B,B,B
Pacific Rim Real Estate Conference,PPRES,,,"Building†, , ",Building†,,,,,,,,,,A,
Pacific Symposium on Biocomputing,PSB,psb,National: USA,"Applied computing, , ",Applied computing,,,National: USA,National: USA,National: USA,C,C,C,C,C,C
Pacific-Asia Conference on Knowledge Discovery and Data Mining,PAKDD,pakdd,B,"Data management and data science, , ",Data management and data science,,,B,A,A,A,A,A,A,A,A
Pacific-Asia Workshop on Electronic Commerce,PAWEC,,,"Information Systems†, , ",Information Systems†,,,,,,C,C,C,C,C,C
Pacific-Rim Conference on Multimedia,PCM,pcm,,"Computer vision and multimedia computation, , ",Computer vision and multimedia computation,,,,,C,C,C,C,C,C,
Pacific-Rim Symposium on Image and Video Technology,PSIVT,psivt,C,"Computer vision and multimedia computation, , ",Computer vision and multimedia computation,,,C,B,B,B,B,B,B,B,
Pan Pacific Conference on Information Systems,PPCIS,,,"Information Systems†, , ",Information Systems†,,,,,,C,C,C,C,C,C
Pan-Sydney Area Workshop on Visual Information Processing,VIP,,,"Artificial Intelligence and Image Processing†, , ",Artificial Intelligence and Image Processing†,,,,,,C,C,C,C,C,C
Parallel Computing,PARCO,parco,,"Distributed computing and systems software, , ",Distributed computing and systems software,,,,C,C,C,C,C,C,C,C
Parallel Computing with FPGAs,ParaFPGA,,,"Civil Engineering†, , ",Civil Engineering†,,,,,,,,,,C,
Parallel Problem Solving from Nature,PPSN,ppsn,A,"Machine learning, , ",Machine learning,,,A,A,A,A,A,A,A,A,A
Parallel and Distributed Information Systems,PDIS,,,"Distributed Computing†, , ",Distributed Computing†,,,,,,C,C,C,C,C,C
Participatory Design Conference,PDC,pdc,,"Information Systems†, Design Practice and Management†, ",Information Systems†,Design Practice and Management†,,,,,B,B,B,B,B,A
Passive and Active Measurement Conference,PAM,pam,B,"Distributed computing and systems software, , ",Distributed computing and systems software,,,B,B,B,B,B,B,B,B,B
Passive and Low Energy Architecture (PLEA) Annual International Conference,PLEA,,,"Architecture†, , ",Architecture†,,,,,,,,,,A,
Pattern Languages of Programs,PLOP,,C,"Software engineering, , ",Software engineering,,,C,B,B,B,B,B,B,B,
Performance Tools - International Conference on Model Techniques & Tools for CPE,PT,,,"Computer Software†, , ",Computer Software†,,,,,,A,A,A,A,,A
Portland International Center for Management of Engineering and Technology Conference,PICMET,,,"Building†, , ",Building†,,,,,,,,,,A,
Portuguese Conference on Artificial Intelligence,EPIA,epia,National: Portugal,"Artificial intelligence, , ",Artificial intelligence,,,National: Portugal,National: Portugal,Regional,Regional,,,,B,B
Post-Graduate ADFA Conference on Computer Science,PACCS,,,", , ",,,,,,,,L,L,L,,L
Postgraduate Researchers of the Built and Natural Environment Conference,PRoBE,,,"Building†, , ",Building†,,,,,,,,,,C,
Practical Application of Intelligent Agents and Multi-Agent Technology Conference,PAAM,,,"Artificial Intelligence and Image Processing†, , ",Artificial Intelligence and Image Processing†,,,,,,C,C,C,C,C,C
Practical Applications of Agents and Multiagent Systems,PAAMS,paams,National: Spain,"Artificial intelligence, Applied computing, ",Artificial intelligence,Applied computing,Cognitive Science†,National: Spain,B,C,C,Unranked,Unranked,,,
Practical Aspects of Declarative Languages,PADL,padl,C,"Software engineering, , ",Software engineering,,,C,B,B,B,B,B,B,B,A
Practical Aspects of PROLOG/Constraint Technology,PAP/PACT,,,"Computation Theory and Mathematics†, , ",Computation Theory and Mathematics†,,,,,,C,C,C,C,C,C
Practice and Theory of Automated Timetabling,PATAT,,C,"Applied computing, , ",Applied computing,,,C,B,B,B,B,B,B,B,B
Practices of Linking Aspect Technology and Evolution,PLATE,,,"Computer Software†, , ",Computer Software†,,,,,,C,C,C,C,C,
Prague Stringology Conference,PSC,stringology,National: Czech,"Theory of computation, , ",Theory of computation,,,National: Czech,National: Czech,National: Czech,C,C,C,C,C,
Principles and Practice of Parallel Programming,PPoPP,ppopp,B,"Distributed computing and systems software, , ",Distributed computing and systems software,,,B,A,A,A,A,A,A,A,A
Privacy Enhancing Technologies Symposium (was International Workshop of Privacy Enhancing Technologies),PETS,popets,A,"Cybersecurity and privacy, , ",Cybersecurity and privacy,,,A,A,B,B,B,B,B,B,
Privacy in Statistical Databases,PSD,psd,C,"Cybersecurity and privacy, , ",Cybersecurity and privacy,,,C,C,C,C,C,C,C,C,
"Processing Declarative Knowledge, International Workshop",PDK,,,"Computer Software†, , ",Computer Software†,,,,,,C,C,C,C,C,
Product Focused Software Process Improvement,PROFES,profes,B,"Software engineering, , ",Software engineering,,,B,B,B,B,B,B,B,B,B
Program Visualization Workshop,PVW,,,"Artificial Intelligence and Image Processing†, , ",Artificial Intelligence and Image Processing†,,,,,,C,C,C,C,C,
Programming Language Techniques for XML,PLAN-X,,,"Computer Software†, , ",Computer Software†,,,,,,C,C,C,C,C,
ProjMAN - International Conference on Project MANagement,ProjMAN,,,"Business and Management†, , ",Business and Management†,,,,,,Unranked,,,,,
Project Management conference,PMOZ,,,"Building†, , ",Building†,,,,,,,,,,B,
Quantity Surveying International Convention,QSIC,,,"Building†, , ",Building†,,,,,,,,,,C,
RICS conference,COBRA,,,"Building†, , ",Building†,,,,,,,,,,A,
Real Time Systems Symposium,RTSS,rtss,A,"Distributed computing and systems software, , ",Distributed computing and systems software,,,A*,A*,A*,A*,A*,A*,A*,A,A*
"Reflection, AOP and Meta-Data for Software Evolution",RAM-SE,,,"Computer Software†, , ",Computer Software†,,,,,,C,C,C,C,C,
Relationships and Associations in Object-Oriented Languages,RAOOL,,,"Computer Software†, , ",Computer Software†,,,,,,C,C,C,C,C,
Research in Engineering Education Symposium,REES,,,"Engineering†, , ",Engineering†,,,,,,,,,,A,
Richard Tapia Celebration of Diversity in Computing Conference,Tapia,,National: USA,"Information and Computing Sciences, , ",Information and Computing Sciences,,,National: USA,National: USA,National: USA,C,C,C,C,C,
Robot Soccer World Cup,RoboCup,robocup,C,"Artificial intelligence, , ",Artificial intelligence,,,C,B,B,B,B,B,B,B,A
Robotics: Science and Systems,RSS,rss,,"CSE - Computer Systems Engineering, , ",CSE - Computer Systems Engineering,,,TBR,,,A*,A*,A*,A*,A,A*
RuleML: International Web Rule Symposium (pre 2007 was 'International Conference on Rules and Rule Markup Languages for the Semantic Web'),RuleML,,,"Information Systems†, , ",Information Systems†,,,,,,B,B,B,C,C,
SEA - Conference on Sustainable Building South-East Asia (CIB Co-Sponsored),SBSEA,,,"Building†, , ",Building†,,,,,,,,,,C,
SGAI International Conference on Artificial Intelligence,SGAI,sgai,National: UK,"Artificial intelligence, , ",Artificial intelligence,,,National: UK,National: UK,National: UK,C,C,C,C,C,
SIAM Conference on Discrete Mathematics,DM,,C,"Theory of computation, , ",Theory of computation,,,C,C,C,C,C,C,C,C,
SIAM Conference on Geometric Design,GeoD,,,"Computation Theory and Mathematics†, , ",Computation Theory and Mathematics†,,,,,,C,C,C,C,C,
SIAM Conference on Optimization,OP,,C,"Artificial intelligence, , ",Artificial intelligence,,,C,C,C,C,C,C,C,C,
SIAM International Conference on Data Mining,SDM,sdm,A,"Data management and data science, , ",Data management and data science,,,A,A,A,A,A,A,A,A,A
"SIAM Workshop on Algorithms for Listing, Counting, and Enumeration",ALICE,,,"Computation Theory and Mathematics†, , ",Computation Theory and Mathematics†,,,,,,C,C,C,C,C,
SIGGRAPH Asia,SiggraphA,siggrapha,A*,"Graphics, augmented reality and games, Computer vision and multimedia computation, Human-centred computing","Graphics, augmented reality and games",Computer vision and multimedia computation,Human-centred computing,journal published,journal published,journal published,journal published,B,B,B,B,
SIGGRAPH/EUROGRAPHICS Conference On Graphics Hardware,HWWS,,,"Civil Engineering†, , ",Civil Engineering†,,,,,,,,,,C,
SIGIR workshop: Stylistic Analysis of Text For Information Access,Style,,,"Information Systems†, , ",Information Systems†,,,,,,C,C,C,C,C,
SIGOPT - International Conference on Optimization,ICO,,,"Computation Theory and Mathematics†, , ",Computation Theory and Mathematics†,,,,,,C,C,C,C,C,
SKLOIS Conference on Information Security and Cryptology,Inscrypt,cisc,National: China,"Cybersecurity and privacy, , ",Cybersecurity and privacy,,,National: China,National: China,National: China,National: China,B,B,B,B,
SPIE Conference on Performance and Control of Network Systems,PCNS,,,"Computer Hardware†, , ",Computer Hardware†,,,,,,C,C,C,C,C,C
SPIE Conference on Visual Data Exploration and Analysis,VDEA,,,"Data Format†, , ",Data Format†,,,,,,C,C,C,C,C,C
SPIE International Conference on Multimedia Storage and Archiving Systems,MSAS,,,"Data Format†, , ",Data Format†,,,,,,C,C,C,C,C,
Scandinavian Conference on Artificial Intelligence,SCAI,,,"Artificial Intelligence and Image Processing†, , ",Artificial Intelligence and Image Processing†,,,,,,,,,,B,B
Scandinavian Workshop on Algorithm Theory,SWAT,,,"Computation Theory and Mathematics†, , ",Computation Theory and Mathematics†,,,,,,,,,,B,A
Scottish Functional Programming Workshop,SFP,,,"Computation Theory and Mathematics†, , ",Computation Theory and Mathematics†,,,,,,,,,,C,C
"Search: Workshop on Search, Sorting and Coding",Search,,,"Computation Theory and Mathematics†, , ",Computation Theory and Mathematics†,,,,,,C,C,C,C,C,
Semantic Web Visualisation,VSW,,,"Artificial Intelligence and Image Processing†, , ",Artificial Intelligence and Image Processing†,,,,,,C,C,C,C,C,
Semantics - International Conference on Semantic Systems,Semantics,i-semantics,"Regional: Austria, Germany, Netherlands","Data management and data science, , ",Data management and data science,Data Format†,Information Systems†,"Regional: Austria, Germany, Netherlands",National: Austria,National: Austria,unranked,,,,,
Sensor Networks,Sensor Networks,,,"Computer Hardware†, , ",Computer Hardware†,,,,,,C,C,C,C,C,C
Service Oriented Computing: Consequences for Engineering Requirements,SOCCER,,,"Computer Software†, , ",Computer Software†,,,,,,C,C,C,C,C,
Simulation Technology and Training Conference,SimTecT,,Australasian C,"Artificial intelligence, , ",Artificial intelligence,,,Australasian C,Australasian C,Australasian C,C,C,C,C,C,C
Simulation and Synthesis in Medical Imaging,SASHIMI,sashimi-ws,C,"Artificial intelligence, Applied computing, Computer vision and multimedia computation",Artificial intelligence,Applied computing,Computer vision and multimedia computation,C,C,,,,,,,
Singapore International Conference on Intelligent Systems,SPICIS,,,"Artificial Intelligence and Image Processing†, , ",Artificial Intelligence and Image Processing†,,,,,,B,B,B,B,B,B
Smart Card Research and Advanced Application Conference,CARDIS,cardis,C,"Cybersecurity and privacy, , ",Cybersecurity and privacy,,,C,B,B,B,B,B,B,B,B
Society for Information Technology and Teacher Education Conference,SITE,,,", , ",,,,,,,C,C,C,C,,C
"Society of Architectural Historians, Australia and New Zealand (SAHANZ) Annual Conference",SAHANZ,,,"Architecture†, Urban and Regional Planning†, ",Architecture†,Urban and Regional Planning†,,,,,,,,,A,
"Soft Computing in Computer Graphics, Imaging, and Vision",SCCGIV,,,"Artificial Intelligence and Image Processing†, , ",Artificial Intelligence and Image Processing†,,,,,,C,C,C,C,C,
Software Education Conference,SRIG-ET,,,"Other Information and Computing Sciences†, , ",Other Information and Computing Sciences†,,,,,,C,C,C,C,C,C
Software Performance Enhancement for Encryption and Decryption,SPEED,,,"Data Format†, , ",Data Format†,,,,,,C,C,C,C,C,
Software Process Improvement and Capability Determination,SPICE,,C,"Software engineering, , ",Software engineering,,,C,C,C,C,A,A,A,,A
Software Product Lines Conference,SPLC,splc,B,"Software engineering, Applied computing, Artificial intelligence",Software engineering,Applied computing,Artificial intelligence,B,B,,,,,,,
Software Quality Conference,SQC,,,"Computer Software†, , ",Computer Software†,,,,,,C,C,C,C,C,C
"Software Quality, Reliability, and Security (was International Conference on Quality Software, QSIC, that merged with SERE 2015)",QRS,qrs,C,"Software engineering, , ",Software engineering,,,C,B,B,B,B,B,B,B,A
Software Technology and Engineering Practice Conference,STEP,,,"Computer Software†, , ",Computer Software†,,,,,,B,B,B,B,B,B
South African Construction Health and Safety conference,SABERC,,,"Building†, , ",Building†,,,,,,,,,,C,
South African International Graph Theory Conference,SAIGTC,,,"Computation Theory and Mathematics†, , ",Computation Theory and Mathematics†,,,,,,C,C,C,C,C,
Southern Conference on Computing,SCC,,,"Computation Theory and Mathematics†, , ",Computation Theory and Mathematics†,,,,,,,,,,C,
Southwestern Conference on Pattern Languages of Programs,ChiliPLoP,,,"Computer Software†, , ",Computer Software†,,,,,,,,,,C,
Spatial Information Research Centre Colloquium,SIRC,,,"Geomatic Engineering †, , ",Geomatic Engineering †,,,,,,C,C,C,C,C,C
Spatial Information Science and Technology Conference,SIST,,,"Geomatic Engineering †, , ",Geomatic Engineering †,,,,,,C,C,C,C,C,C
Special-purpose Hardware for Attacking Cryptographic Systems,SHARCS,,,"Data Format†, , ",Data Format†,,,,,,C,C,C,C,C,
Spring Conference on Computer Graphics,SCCG,,,"Artificial Intelligence and Image Processing†, , ",Artificial Intelligence and Image Processing†,,,,,,C,C,C,C,C,
State of Australian Cities (SOAC) Conference,SOAC,,,"Architecture†, Building†, Urban and Regional Planning†",Architecture†,Building†,Urban and Regional Planning†,,,,,,,,A,
State of the Art of Stream Ciphers,SASC,,,"Data Format†, , ",Data Format†,,,,,,C,C,C,C,C,
Static Analysis Symposium,SAS,sas,B,"Software engineering, , ",Software engineering,,,B,B,A,A,A,A,A,A,A
Stochastic Local Search Algorithms,SLS,,,"Computation Theory and Mathematics†, , ",Computation Theory and Mathematics†,,,,,,C,C,C,C,C,
Storage and Retrieval for Media Databases (was Storage and Retrieval for Image and Video Databases),SRMD,,,"Data Format†, , ",Data Format†,,,,,,C,C,C,C,C,
Structural Engineering and Construction Conference,APSEC-EASEC,,,"Civil Engineering†, , ",Civil Engineering†,,,,,,,,,,B,
Structural and Syntactical Pattern Recognition,SSPR,ssspr,B,"Computer vision and multimedia computation, , ",Computer vision and multimedia computation,,,B,B,A,A,A,A,A,A,A
Summer Computer Simulation Conference,SCSC,scsc,,"Artificial intelligence, , ",Artificial intelligence,,,,B,B,B,B,B,B,B,B
Summer School on Modelling and Verification of Parallel Processes,MOVEP,,,"Distributed Computing†, , ",Distributed Computing†,,,,,,C,C,C,C,C,
Symposia on VLSI Technology and Circuits,VLSI,,,"Communications Technologies†, , ",Communications Technologies†,,,,,,A,A,A,A,A,A
Symposium Model Analysis and Simulation of Computer and Telecommunications Systems,MASCOTS,mascots,B,"Distributed computing and systems software, , ",Distributed computing and systems software,,,B,B,A,A,A,A,A,A,A
"Symposium On Combinatorics, Algorithms, Probabilistic and Experimental Methodologies",ESCAPE,,,"Computation Theory and Mathematics†, , ",Computation Theory and Mathematics†,,,,,,C,C,C,C,C,C
Symposium On Usable Privacy and Security,SOUPS,soups,A,"Human-centred computing, Cybersecurity and privacy, ",Human-centred computing,Cybersecurity and privacy,,B,B,B,B,B,B,,,
Symposium of Asian Association for Algorithms and Computation,AAAC,,C,"Theory of computation, , ",Theory of computation,,,C,C,C,C,C,C,C,C,
"Symposium on Abstraction, Reformulation and Approximation",SARA,,,"Computation Theory and Mathematics†, , ",Computation Theory and Mathematics†,,,,,,B,B,B,B,B,A
Symposium on Advances in DB and Information Systems,ADBIS,adbis,C,"Data management and data science, , ",Data management and data science,Information Systems†,,C,B,B,B,B,B,B,B,B
Symposium on Assessment of Quality S/W Dev Tools,AQSDT,,,"Computer Software†, , ",Computer Software†,,,,,,C,C,C,C,C,C
Symposium on Cellular Automata,JAC,,,"Computation Theory and Mathematics†, , ",Computation Theory and Mathematics†,,,,,,C,C,C,C,C,
Symposium on Computational Geometry for Mechanics and Applications,SOCGMA,,,"Computation Theory and Mathematics†, , ",Computation Theory and Mathematics†,,,,,,C,C,C,C,C,
"Symposium on Design, Analysis, and Simulation of Distributed Systems",DASD,,,"Distributed Computing†, , ",Distributed Computing†,,,,,,C,C,C,C,C,C
Symposium on Discrete Mathematics,EDM,,,"Computation Theory and Mathematics†, , ",Computation Theory and Mathematics†,,,,,,C,C,C,C,,
Symposium on Frontiers of Massively Parallel Processing,MassPar,,,"Distributed Computing†, , ",Distributed Computing†,,,,,,A,A,A,A,,A
Symposium on Geometry Processing,SGP,sgp,B,"Graphics, augmented reality and games, Computer vision and multimedia computation, ","Graphics, augmented reality and games",Computer vision and multimedia computation,,B,B,B,B,B,B,B,B,
Symposium on High Performance Chips,HOT CHIPS,,,"Communications Technologies†, , ",Communications Technologies†,,,,,,,,,,A,
Symposium on High Performance Chips,HOTCHIPS (HCS),hotchips,C,"Distributed computing and systems software, , ",Distributed computing and systems software,,,C,C,A,A,A,A,A,,A
Symposium on Information Technology and Information Systems,ITIS,,,"Information Systems†, , ",Information Systems†,,,,,,C,C,C,C,C,C
Symposium on Logical Formalizations of Commonsense Reasoning,COMMONSENSE,,,"Artificial Intelligence and Image Processing†, , ",Artificial Intelligence and Image Processing†,,,,,,B,B,B,B,B,B
"Symposium on Networked Systems, Design and Implementation",NSDI,nsdi,National: USA,"Distributed computing and systems software, , ",Distributed computing and systems software,,,National: USA,National: USA,National: USA,B,B,B,B,B,A
Symposium on Parallelism in Algorithms and Architectures,SPAA,spaa,B,"Distributed computing and systems software, , ",Distributed computing and systems software,,,B,A,A,A,A,A,A,A,A
Symposium on Programming Language Implementation and Logic Programming,PLILP,,,", , ",,,,,,,B,B,B,B,,B
Symposium on Programs as Data Objects,PADO,,,"Computation Theory and Mathematics†, , ",Computation Theory and Mathematics†,,,,,,C,C,C,C,C,C
Symposium on Reliable Distributed Systems,SRDS,srds,B,"Distributed computing and systems software, , ",Distributed computing and systems software,,,B,B,A,A,A,A,A,A,A
Symposium on Requirements Engineering for Information Security,SREIS,,,"Information Systems†, , ",Information Systems†,,,,,,C,C,C,C,C,C
"Symposium on Stabilization, Safety, and Security of Distributed Systems",SSS,sss,C,"Cybersecurity and privacy, , ",Cybersecurity and privacy,,,C,C,C,C,C,C,C,C,C
"Symposium on Stochastic Algorithms, Foundations and Applications",SAGA,,,"Computation Theory and Mathematics†, , ",Computation Theory and Mathematics†,,,,,,C,C,C,C,C,B
Symposium on ‘Building Simulation in the Southwest of England’,IBPSA,,,"Building†, , ",Building†,,,,,,,,,,A,
Systems Engineering / Test and Evaluation Conference,SETE,,,"Computer Software†, , ",Computer Software†,,,,,,C,C,C,C,C,
TAI: Algorithmic Information Theory: Kolmogorov Complexity,TAI,,,"Computation Theory and Mathematics†, , ",Computation Theory and Mathematics†,,,,,,C,C,C,C,C,
"Tangible, Embedded, and Embodied Interaction",TEI,tei,B,"Human-centred computing, , ",Human-centred computing,,,B,A,A,A,A,A,A,A,
Techniques and Problems in Graph Theory,TPGT,,,"Computation Theory and Mathematics†, , ",Computation Theory and Mathematics†,,,,,,C,C,C,C,C,
Technology for Interactive Digital Storytelling (merged into ICIDS in 2008),TIDSE,,,"Other Information and Computing Sciences†, , ",Other Information and Computing Sciences†,,,,,,,,,,C,C
Technology of Object-Oriented Languages and Systems,TOOLS,tools,,"Software engineering, , ",Software engineering,,,,,B,B,B,B,B,B,
Testbeds and Research Infrastructures for the Development of Networks and Communities,TridentCom,tridentcom,National: China,"Distributed computing and systems software, , ",Distributed computing and systems software,,,National: China,National: China,National: China,B,B,B,B,B,
Text Retrieval Conference,TREC,,,", , ",,,,,,,,,,,,A
The ACM International System and Storage Conference,SYSTOR,systor,National:Israel,"Distributed computing and systems software, Data management and data science, ",Distributed computing and systems software,Data management and data science,,National:Israel,National:Israel,,,,,,,
The ACM SIGCAS/SIGCHI Conference on Computing and Sustainable Societies,COMPASS,dev,C,"Human-centred computing, Distributed computing and systems software, Machine learning",Human-centred computing,Distributed computing and systems software,Machine learning,,,,,,,,,
The Annual International Conference of the IEEE Engineering in Medicine and Biology Society,EMBC,,,", , ",,,,,,,C,C,C,C,,C
The Conference on visualization of information,SEE,,,"Artificial Intelligence and Image Processing†, , ",Artificial Intelligence and Image Processing†,,,,,,C,C,C,C,C,
The International Conference on Future Networks and Communications,FNC,fnc,Unranked,"Distributed computing and systems software, , ",Distributed computing and systems software,Other Information and Computing Sciences†,Communications Technologies†,Unranked,Unranked,Unranked,Unranked,,,,,
The International Conference on Intelligent Environments,IE,intenv,,"Artificial intelligence, , ",Artificial intelligence,,,,B,C,C,,,,,
"The International Conference on Mobile Technology, Applications and Systems",MOBILITY,,,"Communications Technologies†, , ",Communications Technologies†,,,,,,,,,,C,
The International Conference on Semantic Web and Web Services,SWWS,,,"Distributed Computing†, , ",Distributed Computing†,,,,,,C,C,C,C,C,
The International Conference on Verification and Evaluation of Computer and Communication Systems,VECoS,vecos,C,"Distributed computing and systems software, Theory of computation, Software engineering",Distributed computing and systems software,Theory of computation,Software engineering,C,C,Unranked,Unranked,,,,,
"The International Symposium on Research in Attacks, Intrusions and Defenses (was International Symposium on Recent Advances in Intrusion Detection)",RAID,raid,A,"Cybersecurity and privacy, , ",Cybersecurity and privacy,,,A,A,A,A,A,A,B,B,A
The International Workshop on Algorithms and Graphs,IWAAG,,,"Computation Theory and Mathematics†, , ",Computation Theory and Mathematics†,,,,,,C,C,C,C,C,
The Modelling and Simulation Society of Australia and New Zealand Meeting,ANZMODS,,,"Computation Theory and Mathematics†, , ",Computation Theory and Mathematics†,,,,,,Australasian,Australasian,Australasian,Australasian,C,L
The Northern Formal Methods Workshops,NFM,,,"Computation Theory and Mathematics†, , ",Computation Theory and Mathematics†,,,,,,,,,,C,C
The Symposium of Combinatorial Search,SoCS,socs,B,"Artificial intelligence, , ",Artificial intelligence,,,B,B,Unranked,Unranked,,,,,
The Theory and Application of Diagrams,DIAGRAMS,diagrams,C,"Artificial intelligence, , ",Artificial intelligence,,,C,B,B,B,B,B,B,B,
The organizational semiotics Conference,ORGSEM,,,"Information Systems†, , ",Information Systems†,,,,,,B,B,B,B,B,
Theoretical Aspects of Rationality and Knowledge,TARK,tark,B,"Theory of computation, , ",Theory of computation,,,A,A,A,A,A,A,A,A,A
Theory and Applications of Knowledge MAnagement,TAKMA,,,", , ",,,,,,,C,C,C,C,,C
Theory of Cryptography Conference,TCC,tcc,B,"Cybersecurity and privacy, Theory of computation, ",Cybersecurity and privacy,Theory of computation,,A,A,A,A,A,A,A,A,
Tools and Algorithms for Construction and Analysis of Systems,TACAS,tacas,A,"Software engineering, , ",Software engineering,,,A,A,A,A,A,A,A,A,A
Topological and Geometric Graph Theory,TGGT,,,"Computation Theory and Mathematics†, , ",Computation Theory and Mathematics†,,,,,,C,C,C,C,C,
Traitement Automatique des Langues Naturelles,TALN,,,"Computation Theory and Mathematics†, , ",Computation Theory and Mathematics†,,,,,,,,,,C,
Trustworthy Interfaces for Passwords and Personal Information workshop,TIPPI,,,"Data Format†, , ",Data Format†,,,,,,C,C,C,C,C,
UK Academy of Information Systems Conference,UKAIS,,,"Information Systems†, , ",Information Systems†,,,,,,,,,,C,B
UK Ireland Planning Research Conference,PRC,,,"Urban and Regional Planning†, , ",Urban and Regional Planning†,,,,,,,,,,B,
UK e-Science All Hands Meeting,UK e-Science,,,"Distributed Computing†, , ",Distributed Computing†,,,,,,,,,,C,
USENIX Windows NT Symposium,UWNTS,,,"Computer Software†, , ",Computer Software†,,,,,,C,C,C,C,C,
USENIX Workshop on Electronic Commerce,USENIX EC,,,"Information and Computing Sciences†, , ",Information and Computing Sciences†,,,,,,C,C,C,C,C,
USENIX Workshop on Hot Topics in Operating Systems,HotOS,hotos,A,"Distributed computing and systems software, , ",Distributed computing and systems software,,,A,A,A,A,A,A,A,A,A
USENIX/ACCURATE Electronic Voting Technology Workshop,EVT,,,"Data Format†, , ",Data Format†,,,,,,C,C,C,C,C,
Unconventional Models of Computation,UMC,,,"Computation Theory and Mathematics†, , ",Computation Theory and Mathematics†,,,,,,B,B,B,B,B,B
United Kingdom Systems Society,UKSS,,,"Information Systems†, , ",Information Systems†,,,,,,,,,,B,B
United Kingdom Virtual Reality Special Interest Group Conference UK-VRSIG,VR-SIG,,,"Information Systems†, , ",Information Systems†,,,,,,,,,,C,
University of Western Australia Computer Science Research Conference,UWACS,,,", , ",,,,,,,Australasian,Australasian,Australasian,Australasian,,L
Unix Symposium on Internet Technologies,USITS,,,"Distributed computing and systems software, , ",Distributed computing and systems software,,,,,A,A,A,A,A,,A
Unix Symposium on Operating Systems Design and Implementation,SDSDI,,,"Computer Software†, , ",Computer Software†,,,,,,A,A,A,A,,A
Urban History Planning History (Australasia),UHPH,,,"Architecture†, Urban and Regional Planning†, ",Architecture†,Urban and Regional Planning†,,,,,,,,,B,
Usable Security and Privacy,USEC,,National: USA,"Cybersecurity and privacy, Human-centred computing, ",Cybersecurity and privacy,Human-centred computing,,National: USA,National: USA,National: USA,C,C,C,C,C,
Usenix Annual Technical Conference,USENIX,usenix,A,"Distributed computing and systems software, , ",Distributed computing and systems software,,,A,A,A,A,A,A,A,A,A
Usenix Network and Distributed System Security Symposium,NDSS,ndss,A*,"Cybersecurity and privacy, , ",Cybersecurity and privacy,Distributed Computing†,Communications Technologies†,A*,A*,A*,A*,A,A,A,A,A
Usenix Security Symposium,USENIX-Security,uss,A*,"Cybersecurity and privacy, , ",Cybersecurity and privacy,Distributed Computing†,Communications Technologies†,A*,A*,A*,A*,A*,A*,A,A,B
Usenix Symposium on Operating Systems Design and Implementation,OSDI,osdi,A*,"Distributed computing and systems software, , ",Distributed computing and systems software,,,A*,A*,A*,A*,A*,A*,A*,A,A*
Utility and Cloud Computing,UCC,ucc,Unranked,"Distributed computing and systems software, Data management and data science, Applied computing",Distributed computing and systems software,Data management and data science,Applied computing,Unranked,Unranked,,,,,,,
"Verification, Model Checking and Abstract Interpretation",VMCAI,vmcai,B,"Software engineering, , ",Software engineering,,,B,B,B,B,B,B,B,B,A
VisMasters Design Modelling and Visualization Conference,DMVC,,,"Artificial Intelligence and Image Processing†, , ",Artificial Intelligence and Image Processing†,,,,,,C,C,C,C,C,
Vision Interface,VI,,,"Artificial Intelligence and Image Processing†, , ",Artificial Intelligence and Image Processing†,,,,,,C,C,C,C,C,
Visual Analytics,EuroVA,,C,"Human-centred computing, , ",Human-centred computing,,,C,C,C,C,C,C,C,C,
Visual Information Communication and Interaction,VINCI,vinci,C,"Human-centred computing, , ",Human-centred computing,,,C,C,C,C,C,C,C,C,
Visual Languages and Formal Methods,VLFM,,,"Computer Software†, , ",Computer Software†,,,,,,C,C,C,C,C,C
Visualisation in Built and Rural Environments,BuiltViz,,,"Artificial Intelligence and Image Processing†, , ",Artificial Intelligence and Image Processing†,,,,,,C,C,C,C,C,
Visualization In Science and Education,GRC,,National: USA,"Human-centred computing, , ",Human-centred computing,,,National: USA,National: USA,National: USA,C,C,C,C,C,
Visualization in Software Engineering,SEViz,,,"Artificial Intelligence and Image Processing†, , ",Artificial Intelligence and Image Processing†,,,,,,C,C,C,C,C,
Visualization in Software Product Lines Workshop,VisPLE,,,"Artificial Intelligence and Image Processing†, , ",Artificial Intelligence and Image Processing†,,,,,,C,C,C,C,C,
"WSEAS International Conference on Robotics, Control and Manufacturing Technology",ROCOM,,,"Automotive Engineering†, , ",Automotive Engineering†,,,,,,,,,,C,
Web Visualization,WebViz,,,"Artificial Intelligence and Image Processing†, , ",Artificial Intelligence and Image Processing†,,,,,,C,C,C,C,C,
Web and Big Data,APWEB,apweb,C,"Data management and data science, , ",Data management and data science,,,C,B,B,B,B,B,C,C,B
Western Australian Workshop on Information Systems Research,WAWISR,,,"Information Systems†, , ",Information Systems†,,,,,,Australasian,Australasian,Australasian,Australasian,C,L
Western Canadian Conference on Computing Education,WCCCE,,,"Other Information and Computing Sciences†, , ",Other Information and Computing Sciences†,,,,,,,,,,C,
Western Decision Sciences Institute Conference,WDSI,,,"Information Systems†, , ",Information Systems†,,,,,,,,,,C,C
Western European Workshop on Research in Cryptology,WeWoRC,,,"Data Format†, , ",Data Format†,,,,,,,,,,C,
Winter Simulation Conference,WSC,wsc,National/Regional,"Artificial intelligence, , ",Artificial intelligence,,,C,B,B,B,B,B,B,B,B
Wireless Days,WD,wd,,"Distributed computing and systems software, , ",Distributed computing and systems software,,,,C,,,,,,,
Workshop On Java For High-Performance Computing,JHPC,,,"Computer Software†, , ",Computer Software†,,,,,,C,C,C,C,C,C
Workshop in Information Security Theory and Practices,WISTP,wistp,C,"Cybersecurity and privacy, , ",Cybersecurity and privacy,,,C,C,C,C,C,C,C,C,
Workshop on Ad Hoc and Ubiquitous computing,AUC,,,"Distributed Computing†, , ",Distributed Computing†,,,,,,C,C,C,C,C,
Workshop on Algorithm Engineering,WAE,,,"Computation Theory and Mathematics†, , ",Computation Theory and Mathematics†,,,,,,B,B,B,B,B,B
Workshop on Algorithm Engineering and Experiments,ALENEX,alenex,A,"Theory of computation, , ",Theory of computation,,,A,A,A,A,A,A,A,A,A
"Workshop on Algorithmic Approaches for Transportation Modelling, Optimization, and Systems",ATMOS,atmos,C,"Theory of computation, Applied computing, ",Theory of computation,Applied computing,,C,C,C,C,C,C,C,C,
Workshop on Algorithmic Aspects of Advanced Programming Languages,WAAAPL,,,"Computation Theory and Mathematics†, , ",Computation Theory and Mathematics†,,,,,,C,C,C,C,C,
Workshop on Algorithms And Models For The Web Graph,WAW,waw,C,"Theory of computation, , ",Theory of computation,,,C,C,C,C,C,C,C,C,C
Workshop on Algorithms in Bioinformatics,WABI,wabi,C,"Applied computing, , ",Applied computing,,,C,C,B,B,B,B,B,B,B
"Workshop on Algorithms, Combinatorics, and Geometry",ACG,,,"Computation Theory and Mathematics†, , ",Computation Theory and Mathematics†,,,,,,C,C,C,C,C,
Workshop on Analytic Algorithmics and Combinatorics,ANALCO,analco,,"Theory of computation, , ",Theory of computation,,,,B,B,B,B,B,B,B,B
Workshop on Application Specific Processors,WASP,,,"Civil Engineering†, , ",Civil Engineering†,,,,,,,,,,C,
Workshop on Applications of Graph Theory in Wireless Ad hoc Networks and Sensor Networks,Graph-hoc,,C,"Distributed computing and systems software, , ",Distributed computing and systems software,,,C,C,C,C,C,C,C,C,
Workshop on Approximation and Online Algorithms,WAOA,waoa,B,"Theory of computation, , ",Theory of computation,,,B,B,B,B,B,B,B,B,
Workshop on Approximation and Randomization Algorithms in Communication Networks,ARACNE,,,"Computation Theory and Mathematics†, , ",Computation Theory and Mathematics†,,,,,,C,C,C,C,C,
Workshop on Aspect Oriented Requirements Engineering and Architecture Design,Early Aspects,,,"Computer Software†, , ",Computer Software†,,,,,,C,C,C,C,C,
Workshop on Aspect-Oriented Modelling,AOM,,,"Computer Software†, , ",Computer Software†,,,,,,C,C,C,C,C,
"Workshop on Aspects, Components, and Patterns for Infrastructure Software",ACP4IS,,,"Computer Software†, , ",Computer Software†,,,,,,C,C,C,C,C,
"Workshop on Australasian Information Security, Data Mining and Web Intelligence, and Software Internationalisation",AISW,,,"Data Format†, , ",Data Format†,,,,,,Australasian,Australasian,Australasian,Australasian,C,
Workshop on Combinatorial and Algorithmic Aspects of Networking,CAAN,,,"Computation Theory and Mathematics†, , ",Computation Theory and Mathematics†,,,,,,B,B,B,B,B,B
Workshop on Component-Oriented Programming,WCOP,,,"Computer Software†, , ",Computer Software†,,,,,,C,C,C,C,C,
Workshop on Computational Geometry and Applications,CGA,,,"Computation Theory and Mathematics†, , ",Computation Theory and Mathematics†,,,,,,C,C,C,C,C,B
Workshop on Computational Graph Theory and Combinatorics,WCGTC,,,"Computation Theory and Mathematics†, , ",Computation Theory and Mathematics†,,,,,,C,C,C,C,C,
Workshop on Computational Optimization,WCO,,C,"Theory of computation, , ",Theory of computation,,,C,C,C,C,C,C,C,C,
Workshop on Computational and Conformal Geometry,CCG,,,"Computation Theory and Mathematics†, , ",Computation Theory and Mathematics†,,,,,,C,C,C,C,C,
Workshop on Computer Architecture Education,WCAE,wcae,National: USA,"Human-centred computing, , ",Human-centred computing,,,National: USA,National: USA,National: USA,C,C,C,C,C,
Workshop on Constraint Satisfaction for Planning and Scheduling,COPLAS,,C,"Artificial intelligence, , ",Artificial intelligence,,,C,B,B,B,B,B,B,B,
Workshop on Cryptographic Hardware and Embedded Systems,CHES,ches,A,"Cybersecurity and privacy, , ",Cybersecurity and privacy,Communications Technologies†,,A,A,A,A,C,C,C,C,B
Workshop on Cryptography for Ad hoc Networks,WCAN,,,"Data Format†, , ",Data Format†,,,,,,C,C,C,C,C,
Workshop on Data Engineering for Wireless and Mobile Access,MobiDE,,,"Data Format†, , ",Data Format†,,,,,,C,C,C,C,C,C
Workshop on Database Technology for Virtual Enterprises,DTVE,,,"Data Format†, , ",Data Format†,,,,,,C,C,C,C,C,C
Workshop on Declarative Programming in the Context of OO Languages,DP-COOL,,,"Computer Software†, , ",Computer Software†,,,,,,C,C,C,C,C,
Workshop on Distributed Algorithms (DISC since 1998),WDAG,,,", , ",,,,,,,,,B,B,,B
Workshop on Distributed Data and Structures,WDAS,,,"Computation Theory and Mathematics†, Data Format†, ",Computation Theory and Mathematics†,Data Format†,,,,,C,C,C,C,C,
Workshop on Domain Specific Modelling,DSM,,C,"Software engineering, , ",Software engineering,,,C,C,C,C,C,C,C,C,
"Workshop on Duplicating, Deconstructing, and Debunking",WDDD,,,"Computer Software†, , ",Computer Software†,,,,,,C,C,C,C,C,
Workshop on Economics of Peer-to-Peer Systems,P2P Econ,,,"Other Information and Computing Sciences†, , ",Other Information and Computing Sciences†,,,,,,C,C,C,C,C,
Workshop on Fault Diagnosis and Tolerance in Cryptography,FDTC,fdtc,C,"Cybersecurity and privacy, , ",Cybersecurity and privacy,,,C,C,C,C,C,C,C,C,
Workshop on Formal Techniques for Java-like Programs,FTfJP,,C,"Software engineering, , ",Software engineering,,,C,C,C,C,C,C,C,C,C
Workshop on Job Scheduling Strategies for Parallel Processing,JSSPP,jsspp,C,"Distributed computing and systems software, , ",Distributed computing and systems software,,,C,B,B,B,B,B,B,B,
Workshop on Localized Algorithms and Protocols for Wireless Sensor Networks,LOCALGOS,,,"Computation Theory and Mathematics†, , ",Computation Theory and Mathematics†,,,,,,C,C,C,C,C,
Workshop on Logic and Learning,L&L,,,"Computation Theory and Mathematics†, , ",Computation Theory and Mathematics†,,,,,,C,C,C,C,C,C
"Workshop on Logic, Language, Information and Computation",WoLLIC,wollic,C,"Theory of computation, , ",Theory of computation,,,C,B,B,B,B,B,B,B,B
Workshop on Massive Data Algorithmics,Massive,,,"Computation Theory and Mathematics†, , ",Computation Theory and Mathematics†,,,,,,C,C,C,C,C,
Workshop on Mobile Computing Systems and Applications,HOTMOBILE,wmcsa,National: USA,"Distributed computing and systems software, , ",Distributed computing and systems software,,,National: USA,National: USA,National: USA,C,C,C,C,C,
Workshop on Multiparadigm Programming with OO Languages,MPOOL,,,"Computer Software†, , ",Computer Software†,,,,,,C,C,C,C,C,C
Workshop on Nature Inspired Distributed Computing,NISDIC,,,"Distributed Computing†, , ",Distributed Computing†,,,,,,C,C,C,C,C,
Workshop on Network-Related Data Management,NRDM,,,"Data Format†, , ",Data Format†,,,,,,C,C,C,C,C,C
Workshop on New Technologies for Personalized Information Access,PIA,,,"Data Format†, , ",Data Format†,,,,,,C,C,C,C,C,
Workshop on Object-Oriented Database Systems,OODBS,,,"Computer Software†, , ",Computer Software†,,,,,,C,C,C,C,C,C
Workshop on Object-Oriented Development,WOOD,,,"Computer Software†, , ",Computer Software†,,,,,,C,C,C,C,C,
Workshop on On-Line Algorithms,OLA,,,"Computation Theory and Mathematics†, , ",Computation Theory and Mathematics†,,,,,,C,C,C,C,C,
Workshop on Parallel and Distributed Debugging ACM/ONR,PADD,,,"Computer Software†, , ",Computer Software†,,,,,,C,C,C,C,C,
Workshop on Parameterized Complexity,WPC,,,"Computation Theory and Mathematics†, , ",Computation Theory and Mathematics†,,,,,,C,C,C,C,C,
Workshop on Physics and Computation,PC,,,"Computation Theory and Mathematics†, , ",Computation Theory and Mathematics†,,,,,,C,C,C,C,C,
Workshop on Power Aware Computing and Systems,HotPower,,,"Computer Software†, , ",Computer Software†,,,,,,B,B,B,B,B,
Workshop on Probabilistic Graph Theory,PGT,,,"Computation Theory and Mathematics†, , ",Computation Theory and Mathematics†,,,,,,C,C,C,C,C,
Workshop on Programming Languages and Operating Systems,PLOS,,C,"Distributed computing and systems software, Software engineering, ",Distributed computing and systems software,Software engineering,,C,C,B,B,B,B,B,B,
Workshop on Quantum Information Processing,QIP,,,"Computation Theory and Mathematics†, , ",Computation Theory and Mathematics†,,,,,,C,C,C,C,C,
Workshop on Real-Time Databases,RTDB,,,"Data Format†, , ",Data Format†,,,,,,C,C,C,C,C,C
Workshop on Research Issues in Data Mining and Knowledge Discovery,DMKD,,,"Data Format†, , ",Data Format†,,,,,,C,C,C,C,C,C
Workshop on Robust Shape Operations,WRSO,,,"Data Format†, , ",Data Format†,,,,,,C,C,C,C,C,
"Workshop on Scientific Knowledge, Information, and Computing",SIDEKIC,,,"Other Information and Computing Sciences†, , ",Other Information and Computing Sciences†,,,,,,C,C,C,C,C,
Workshop on Security and Privacy in e-Commerce,SPEC,,,"Information Systems†, , ",Information Systems†,,,,,,C,C,C,C,C,B
Workshop on Service Oriented Computing,SOCASE,,,"Distributed Computing†, , ",Distributed Computing†,,,,,,C,C,C,C,C,
Workshop on Theoretical and Algorithmic Aspects of Sensor and Ad-hoc Networks,WTASA,,,"Computer Hardware†, , ",Computer Hardware†,,,,,,C,C,C,C,C,C
Workshop on Uncertainty in Geometric Computations,GEOM Uncertainty,,,"Computation Theory and Mathematics†, , ",Computation Theory and Mathematics†,,,,,,C,C,C,C,C,
Workshop on Web Usage Analysis,WebKDD,,,"Information Systems†, , ",Information Systems†,,,,,,C,C,C,C,C,
Workshop on the Arithmetic of Finite Fields,WAIFI,waifi,C,"Theory of computation, , ",Theory of computation,,,C,C,C,C,C,C,C,C,
World Computer Congress,WCC,,,"Information and Computing Sciences†, , ",Information and Computing Sciences†,,,,,,C,C,C,C,,C
World Conference on Computers in Education,WCCE,,,", , ",,,,,,,C,C,C,C,,C
"World Conference on Educational Multimedia, Hypermedia and Telecommunications",ED-MEDIA,,C,"Applied computing, , ",Applied computing,,,C,B,B,B,B,B,B,,B
World Conference on Information Systems and Technologies,WorldCIST,worldcist,C,"Information and Computing Sciences, , ",Information and Computing Sciences,Computer Software†,,C,C,C,C,,,,,
World Conference on Transport Research,WCTR,,,"Urban and Regional Planning†, , ",Urban and Regional Planning†,,,,,,,,,,A,
World Conference on the WWW and Internet,WebNet,,,"Information Systems†, , ",Information Systems†,,,,,,C,C,C,C,C,C
"World Congress in Computer Science, Computer Engineering, and Applied Computing",WORLDCOMP,,National: USA,"Information and Computing Sciences, , ",Information and Computing Sciences,,,National: USA,National: USA,National: USA,C,C,C,C,C,C
World Congress on Computational Mechanics,WCCM,,,"Civil Engineering†, , ",Civil Engineering†,,,,,,,,,,A,
World Congress on Engineering Asset Management,WCEAM-IMS,,,"Engineering†, , ",Engineering†,,,,,,,,,,C,
World Congress on Expert Systems,WCES,,,"Artificial Intelligence and Image Processing†, , ",Artificial Intelligence and Image Processing†,,,,,,B,B,B,B,B,B
World Congress on Medical and Health Informatics,MEDINFO,medinfo,,"Information Systems†, , ",Information Systems†,,,,,,B,B,B,B,B,B
World Congress on Neural Networks,WCNN,,,"Artificial Intelligence and Image Processing†, , ",Artificial Intelligence and Image Processing†,,,,,,B,B,B,B,B,B
World Congress on Systems Simulation,WCSS,,,", , ",,,,,,,B,B,B,B,,B
"World Multi-Conference on Systemics, Cybernetics and Informatics",WMSCI,,National: USA,"Information and Computing Sciences, , ",Information and Computing Sciences,,,National: USA,National: USA,National: USA,C,C,C,C,,C
World Sustainable Building Conference,SB,,,"Architecture†, Building†, ",Architecture†,Building†,,,,,,,,,C,
World of Construction Project Management Conference,WCPM,,,"Building†, , ",Building†,,,,,,,,,,B,
