1969,Asia Pacific Association for Medical Informatics Conference,APAMI,CORE2008,B,Yes,,,
1974,Chicago ASA Data Mining Conference- A Hard Look at DM,ASADM,CORE2008,B,Yes,,,
1976,Annual conference of American Society for Information Science and Technology,ASIS&T,CORE2008,A,Yes,,,
1984,Argentine Workshop on Theoretical Informatics,AWTI,CORE2008,B,Yes,,,
1994,IEEE Computer Security Foundations Workshop,CSFW,CORE2008,A,No,,,
2050,International Conference on Multi Agent Systems,ICMAS,CORE2008,A,No,,,
2082,Israel Symposium on Theory of Computing and Systems,ISTCS,CORE2008,A,Yes,,,
2119,IEEE Pacific-Rim Conference on Multimedia,PMIP,CORE2008,C,Yes,,,
2143,Text Retrieval Conference,TREC,CORE2008,A,No,,,
2106,"Annual IASTED International Conference on Networks, Parallel and Distributed Processing and Applications",NPDP,CORE2014,C,Yes,,,
2089,IASTED International conference Law and Technology,LawTech,CORE2014,C,Yes,,,
1957,IASTED International Conference on Applied Informatics,AI,CORE2014,C,Yes,,,
1977,IASTED International Conference on Applied Simulation and Modelling,ASM,CORE2014,C,Yes,,,
1975,IASTED International Conference on Artificial Intelligence and Soft Computing,ASC,CORE2014,C,Yes,,,
1986,IASTED International Conference on Computers and Advanced Technology in Education ,CATE,CORE2014,C,Yes,,,
2080,IASTED International Conference on Intelligent Systems and Control,ISC,CORE2014,C,Yes,,,
2070,"IASTED International Conference on Internet, Multimedia Systems and Applications",IMSA,CORE2014,C,Yes,,,
2101,IASTED International Conference on Modelling and Simulation,MS,CORE2014,C,Yes,,,
2096,"IASTED International Conference on Modelling, Identification, and Control",MIC,CORE2014,C,Yes,,,
2113,IASTED International Conference on Parallel and Distributed Computing and Networks ,PDCN,CORE2014,C,Yes,,,
2114,IASTED International Conference on Parallel and Distributed Computing and Systems ,PDCS,CORE2014,C,Yes,,,
2122,IASTED International Conference on Robotics and Manufacturing,RM,CORE2014,C,Yes,,,
2133,IASTED International Conference on Signal and Image Processing ,SIP,CORE2014,C,Yes,,,
2125,IASTED International Conference on Software Engineering ,SE,CORE2014,C,Yes,,,
2126,IASTED International Conference on Software Engineering and Applications ,SEA,CORE2014,C,Yes,,,
2147,"IASTED International Conference on Visualization, Imaging, and Image Processing",VIIP,CORE2014,C,Yes,,,
1955,"IASTED International Conferenceon AI, Exp Sys & Neural Networks",AEN,CORE2014,C,Yes,,,
2072,International Conference on Applications of Prolog (no information after 2013),INAP,CORE2014,C,No,,,
2152,Workshop on Distributed Algorithms (DISC since 1998),WDAG,CORE2014,B,No,,,
1999,Australian Pattern Recognition Society Conference,DICTA,CORE2017,Australasian,Yes,,,
2002,Doing IT at Melbourne,DITAM,CORE2017,L,No,,,
2057,International Database Conference (HK CS),IDC(W),CORE2017,L,No,,,
2131,International NZ Conference on Computer-Human Interaction ,SIGCHI-NZ,CORE2017,Australasian,No,,,
2112,Post-Graduate ADFA Conference on Computer Science,PACCS,CORE2017,L,No,,,
2016,Engineering Federated Information (Database) Systems ,EFIS/EFDBS,CORE2018,C,Yes,,,
2158,"Informatics in Education (journal, congress, symposium, etc all under this name - can't rank)",,CORE2018,C,No,,,
1958,Artificial Intelligence and Applications Conference,AIA,CORE2018,C,No,,,
1959,Australian Institute of Computer Ethics Conference,AICEC,CORE2018,Australasian,No,,,
1964,Algorithms and Experiments,ALEX,CORE2018,B,No,,,
1970,Joint Conference on Declarative Programming APPIA-GULP-PRODE,APPIA/GULP/PRODE,CORE2018,C,No,,,
1972,National Conference of the Australian Robot Association,ARA,CORE2018,Australasian,Yes,,,
1973,Australasian Remote Sensing Conference,ARSC,CORE2018,Australasian,Yes,,,
1980,Australian Joint Conference on Artificial Intelligence,AusAI,CORE2018,Australasian,Yes,,,
1981,Australian Women in IT Conference,AusWIT,CORE2018,Australasian,Yes,,,
1985,IEEE/IFAC Joint Symposium on Intelligent Control,CACSD,CORE2018,B,No,,,
1989,"IEEE Conference on Electronic Commerce Technology and Enterprise Computing, e_Commerce and e-Services ",CBI (was CEC/EEE),CORE2018,B,No,,,
1987,International Command and Control Research and Technology Symposium ,CCRTS,CORE2018,C,No,,,
1988,"Intelligent Multimedia, Computing and Communications Technologies and Applications of the Future ",CCTAF,CORE2018,C,No,,,
2000,Joint DICTA & IVCNZ,DICTA/IVCNZ,CORE2018,Australasian,No,,,
2006,Distributed Simulation Symposium ,DSS,CORE2018,B,No,,,
2007,International Conference on Decision Support Through Knowledge Management ,DSTKM,CORE2018,C,No,,,
2008,Information Systems &Technologies /SPIE Conference on Digital Video Compression Algorithms & Techniques,DVAT,CORE2018,C,No,,,
2010,IEEE Dynamic Spectrum Access Networks ,DYSPAN,CORE2018,B,No,,,
2017,Joint Meeting of the European Frequency and Time Forum and the Institute of Electrical and Electronics Engineers In,EFTF/IFCS,CORE2018,C,No,,,
2018,European Grid Conference,EGC,CORE2018,B,No,,,
2019,The Annual International Conference of the IEEE Engineering in Medicine and Biology Society,EMBC,CORE2018,C,No,,,
2025,European Workshop on Learning Robots,EWLR,CORE2018,B,No,,,
2029,Formal Techniques in Real-Time and Fault Tolerant Systems ,FTRTFT,CORE2018,B,No,,,
2032,Human Language Technologies ,HLT,CORE2018,B,No,,,
2035,International Conference on High Performance Computing and Networking,HPCN,CORE2018,B,No,,,
2039,IFAC Conference on Automation,ICA,CORE2018,C,No,,,
2040,International Conference of Asian Digital Libraries,ICADL,CORE2018,A,No,,,
2041,International Conference on Artificial Neural Networks and Genetic Algorithms,ICANNGA,CORE2018,C,No,,,
2044,International Conference on Computing and Information,ICCI,CORE2018,B,No,,,
2052,International Computer Symposium Conference,ICSC2,CORE2018,A,No,,,
2056,"IEEE Conference on Information, Decision and Control",IDC,CORE2018,C,No,,,
2058,IDF Congress,IDFC,CORE2018,C,No,,,
2066,International Federation of Automatic Control World Congress,IFAC,CORE2018,C,No,,,
2068,International Joint Conference on Computational Linguistics,IJCNLP2,CORE2018,B,No,,,
2071,IEEE Intell Network Workshop,IN,CORE2018,B,No,,,
2073,IEEE International Symposium on Intelligence in Neural & Biological Systems,INBS,CORE2018,B,No,,,
2076,IEEE International Conference on Intelligent Processing Systems,IPS,CORE2018,C,No,,,
2078,Information Resources Management Association International Conference,IRMA,CORE2018,B,No,,,
2081,IEEE International Solid-State Circuits Conference,ISSCC,CORE2018,A,No,,,
2083,International Conference on IT Based Higher Education and Training,ITHET,CORE2018,C,No,,,
2084,IEEE International Workshop on Cluster Computing and the Grid ,IWCC,CORE2018,C,No,,,
2091,International Workshop on Logic Programming and Multi-Agents,LPMA,CORE2018,B,No,,,
2104,"Net Object Days (Includings MATES, ENASE etc.)",MATES ENASE,CORE2018,A,No,,,
2094,Australian Conference on Mathematics and Computers in Sport,MCSpo,CORE2018,Australasian,Yes,,,
2099,IEEE International Conference on Multimedia in Education,MME,CORE2018,C,No,,,
2100,Multiple Objective Decision Support System Conference,MODSS,CORE2018,C,No,,,
2107,Open and Distance Learning Association of Australia Bienniel Forum,ODLA,CORE2018,Australasian,Yes,,,
2108,"Joint OECC, IOCC & ACOFT",OESS/IOCC/ACOFT,CORE2018,C,No,,,
2109,International Conference on Object Oriented Information Systems,OOIS,CORE2018,C,No,,,
2111,PACES & ICIL,P&I,CORE2018,C,No,,,
2115,Joint AUPEC & EECON ,PEC&CON,CORE2018,C,No,,,
2117,International Symposium on Physical Design,PHYSDES,CORE2018,C,No,,,
2118,Symposium on Programming Language Implementation and Logic Programming,PLILP,CORE2018,B,No,,,
2130,International Conference on Software Engineering: Education and Practice ,SEEP,CORE2018,B,No,,,
2134,Society for Information Technology and Teacher Education Conference ,SITE,CORE2018,C,No,,,
2140,Theory and Applications of Knowledge MAnagement,TAKMA,CORE2018,C,No,,,
2141,International Conference on Technology Education,TE,CORE2018,C,No,,,
2145,University of Western Australia Computer Science Research Conference,UWACS,CORE2018,Australasian,Yes,,,
2149,International Workshop on Artificial Intelligence and Statistics,WAIS,CORE2018,B,No,,,
2150,World Conference on Computers in Education,WCCE,CORE2018,C,No,,,
2151,World Congress on Systems Simulation,WCSS,CORE2018,B,No,,,
2154,International Computer Symposium Workshop,WICS,CORE2018,C,No,,,
344,Conférence en Recherche d'information et Applications,CORIA,ERA2010,C,Yes,08,,
347,Conference of South African Institute of Computer Scientists and Information Technologists,SAICSIT,ERA2010,C,Yes,08,,
1564,Japan-China Joint Workshop on Frontier of Computer Science and Technology,FCST,ERA2010,C,Yes,08,,
207,Australasian Computer Science Conference,ACSC,CORE2018,Australasian,Yes,08,,
166,Asian Computing Science Conference,ASIAN,CORE2018,B,No,08,,
10,ACM Annual Computer Science Conference,CSC,CORE2018,C,No,08,,
336,Computer Science Research Conference,CSRC,CORE2018,C,No,08,,
470,European Computing Conference,ECC,CORE2018,C,No,08,,
1611,Mexican International Conference on Current Trends in Computer Science (was Mexican International Conference on Computer Science),ENC,CORE2018,C,No,08,,
1069,International Conference on Information and Communications Technology,ICICT,CORE2018,C,No,08,,
1103,International Conference on International and Communication Technologies,ICICTE,CORE2018,C,No,08,,
1070,International Conference on Information and Emerging Technologies,ICIET,CORE2018,C,No,08,,
869,International Computer Science Conference,ICSC,CORE2018,B,No,08,,
799,IFIP Congress (Information Processing),Information Processing,CORE2018,C,No,08,,
686,IEEE International Multioptic Conference,INMIC,CORE2018,C,No,08,,
1084,International Conference on Information Technology Interfaces,ITI,CORE2018,C,No,08,,
1187,International Conference on Recent Advances in Information Technology and Applications,RAITA,CORE2018,C,No,08,,
754,IEEE Systems and Information Engineering Design Symposium,SIEDS,CORE2018,C,No,08,,
1844,USENIX Workshop on Electronic Commerce,USENIX EC,CORE2018,C,No,08,,
1940,World Computer Congress,WCC,CORE2018,C,No,08,,
101,Agent-Oriented Software Engineering Workshop (merged into EMAS in 2013),AOSE,ERA2010,C,No,0801,0803,
289,Brazilian Symposium on Computer Graphics and Image Processing,SIBGRAPI,ERA2010,C,Yes,0801,,
300,Canadian Artificial Intelligence Conference,CAAI,ERA2010,B,Yes,0801,,
302,Canadian Conference on Computer and Robot Vision,CRV,ERA2010,C,Yes,0801,,
386,Congress of the Italian Assoc for AI,AI*IA,ERA2010,B,Yes,0801,,
424,Deutsche Arbeitsgemeinschaft für Mustererkennung DAGM e.V,DAGM,ERA2010,B,Yes,0801,,
550,French Conference on Knowledge Acquisition and Machine Learning,FCKAML,ERA2010,B,Yes,0801,,
552,French Speaking Conference on the Extraction and Management of Knowledge,EGC,ERA2010,C,Yes,0801,,
564,German Conference on Multi-Agent system Technologies,MATES,ERA2010,B,Yes,0801,,
578,Hellenic Conference on Artificial Intelligence,SETN,ERA2010,C,Yes,0801,,
585,Hungarian National Conference on Agent Based Computation,HUNABC,ERA2010,C,Yes,0801,,
1650,North American Fuzzy Information Processing Society Conference,NAFIPS,ERA2010,C,Yes,0801,,
1713,Scandinavian Conference on Artificial Intelligence,SCAI,ERA2010,B,Yes,0801,,
100,Agent-Oriented Information Systems Workshop,AOIS,CORE2014,B,No,0801,,
123,Annual Conference of the International Speech Communication Association (was Eurospeech),Interspeech,CORE2014,A,No,0801,,
486,European Conference on Machine Learning (Joined with PKDD from 2008),ECML,CORE2014,A,No,0801,,
946,International Conference on Computational Intelligence and Software Engineering,CISE,CORE2014,C,Yes,0801,0804,0803
1141,"IASTED International Conference on Modelling, Simulation and Optimisation",ICMSO,CORE2014,C,Yes,0801,,
1223,International Conference on Spoken Language Processing,ICSLP,CORE2014,C,No,0801,,
1265,International Conference on Vision Theory and Applications (Joined with GRAPP from 2008),VISAPP,CORE2014,C,No,0801,,
148,Argentine Symposium on Artificial Intelligence,ASAI,CORE2017,C,No,0801,,
728,IEEE Symposium on 3D User Interfaces,3DUI,CORE2017,B,No,0801,,
916,International Conference on Artificial Reality and Telexistence,ICAT,CORE2017,B,No,0801,,
112,American Federation of Information Processing Societies,AFIPS,CORE2018,A,Yes,0801,0806,0802
4,3-D Digital Imaging and Modelling,3DIM,CORE2018,C,No,0801,,
1343,International Symposium on 3D Data Processing Visualization and Transmission,3DPVT,CORE2018,C,No,0801,,
884,International Conference on 3G Mobile Communication Technologies,3G,CORE2018,C,No,0801,,
90,Advanced Course on Artificial Intelligence,ACAI,CORE2018,C,No,0801,,
248,Australian Conference for Knowledge Management and Intelligent Decision Support,ACKMIDS,CORE2018,Australasian,Yes,0801,,
251,Australian Conference on Neural Networks,ACNN,CORE2018,Australasian,Yes,0801,,
959,"International Conference on Computer Graphics, Virtual Reality, Visualisation and Interaction in Africa",AFRIGRAPH,CORE2018,C,No,0801,,
1960,International Conference on AI in Design,AID,CORE2018,A,No,0801,,
150,Artificial Intelligence in Medicine,AIIM,CORE2018,A,No,0801,,
149,Artificial Intelligence in Knowledge Management,AIKM,CORE2018,C,No,0801,,
911,International Conference on Artificial Intelligence and Pattern Recognition,AIPR,CORE2018,C,No,0801,,
96,Advances in Intelligent Systems,AIS,CORE2018,C,No,0801,,
914,International Conference on Artificial Intelligence in Science and Technology,AISAT,CORE2018,C,No,0801,,
897,International Conference on Advances in Intelligent Systems: Theory and Applications,AISTA,CORE2018,B,No,0801,0806,
262,Australian Knowledge Acquisition Workshop,AKAW,CORE2018,Australasian,Yes,0801,,
110,Ambient Intelligence Developments,Aml.d,CORE2018,C,No,0801,,
360,Conference on Artificial Neural Networks and Expert systems,ANNES,CORE2018,C,No,0801,,
152,Artificial Neural Networks in Engineering Conference,ANNIE,CORE2018,B,No,0801,,
1450,International Workshop on Ant Colony,ANTS,CORE2018,B,No,0801,,
146,Applied Perception in Graphics and Visualization,APGV,CORE2018,C,No,0801,,
268,Australian Symposium on Information Visualisation,ASIV,CORE2018,Australasian,Yes,0801,,
1557,ISCA Tutorial and Research Workshop Automatic Speech Recognition,ASR,CORE2018,C,No,0801,,
203,Australasian Cognitive Science Society Conference,AuCSS,CORE2018,Australasian,Yes,0801,,
860,International Atlantic Web Intelligence Conference,AWIC,CORE2018,C,No,0801,,
798,IFIP Conference on Biologically Inspired Collaborative Computing,BICC,CORE2018,C,No,0801,,
285,Bioinformatics Visualization,BioViz,CORE2018,C,No,0801,,
1855,Visualisation in Built and Rural Environments,BuiltViz,CORE2018,C,No,0801,,
359,Conference on Artificial Intelligence for Applications,CAIA,CORE2018,B,No,0801,,
984,International Conference on Cybercrime Forensics Education and Training,CFET,CORE2018,C,No,0801,0803,
874,"International Conference Computer Graphics, Imaging and Visualization",CGIV,CORE2018,C,No,0801,,
405,Cultural Heritage Knowledge Visualisation,CHKV,CORE2018,C,No,0801,,
659,IEEE International Conference on Intelligence for Homeland Security and Personal Safety,CIHSPS,CORE2018,C,No,0801,,
740,IEEE Symposium on Computational Intelligence in Image and Signal Processing,CIISP,CORE2018,C,No,0801,,
947,"International Conference on Computational Intelligence for Modelling, Control and Automation",CIMCA,CORE2018,C,No,0801,,
636,IEEE International Conference on Computational Intelligence for Measurement Systems and Applications,CIMSA,CORE2018,C,No,0801,,
948,"International Conference on Computational Intelligence, Robotics and Autonomous Systems",CIRAS,CORE2018,C,No,0801,,
877,"International Conference Imaging Science, Systems and Technology",CISST,CORE2018,C,No,0801,,
400,Coordinated and Multiple Views in Exploratory Visualization,CMV,CORE2018,C,No,0801,,
712,IEEE International Workshop on Cellular Nanoscale Networks and Applications,CNNA,CORE2018,C,No,0801,,
863,International Cognitive Robotics Conference,COGROBO,CORE2018,B,No,0801,,
1788,Symposium on Logical Formalizations of Commonsense Reasoning,COMMONSENSE,CORE2018,B,No,0801,,
177,Asia-Pacific Conference on Complex Systems,Complex,CORE2018,C,No,0801,,
1368,International Symposium on Computational Life Science,CompLife,CORE2018,B,No,0801,,
954,International Conference on Computational Semiotics for Games and New Media,Cosign,CORE2018,C,No,0801,,
323,Complex Objects Visualization Workshop,COV,CORE2018,C,No,0801,,
430,Discourse Anaphora and Anaphor Resolution Colloquium,DAARC,CORE2018,C,No,0801,,
414,Design and Aesthetics in Visualisation,DAViz,CORE2018,C,No,0801,,
1567,Joint Australia and New Zealand Biennial Conference on Digital Image and Vision Computing,DIVC,CORE2018,Australasian,Yes,0801,,
1850,VisMasters Design Modelling and Visualization Conference,DMVC,CORE2018,C,No,0801,,
865,"International Colloquium on Data Sciences, Knowledge Discovery and Business Intelligence",DSKDB,CORE2018,C,No,0801,,
2011,Engineering Applications of Artifical Intelligence ,EAAI,CORE2018,A,No,0801,,
474,European Conference on Artificial Life,ECAL,CORE2018,B,No,0801,,
125,Annual Conference on Evolutionary Programming,EP,CORE2018,C,No,0801,,
1318,International Joint Conference on Qualitative and Quantitative Practical Reasoning,ESQARU,CORE2018,A,No,0801,,
508,European Simulation Symposium,ESS,CORE2018,B,No,0801,,
498,European Congress on Intelligent Techniques and Soft Computing,EUFIT,CORE2018,C,No,0801,,
476,European Conference on Computational Learning Theory (Now in COLT),EuroCOLT,CORE2018,C,No,0801,,
499,European Graphics Conference,EUROGRAPH,CORE2018,A,No,0801,,
534,Finite Differences-Finite Elements-Finite Volumes-Boundary Elements,F-and-B,CORE2018,C,No,0801,,
1038,International Conference on Fuzzy Systems and Knowledge Discovery,FSKD,CORE2018,C,No,0801,,
1028,International Conference on Field and Service Robotics,FSR,CORE2018,A,No,0801,0910,
1482,International Workshop on Genetic and Evolutionary Fuzzy Systems,GEFS,CORE2018,C,No,0801,,
562,GeoVisualization and Information Visualization,GeoViz,CORE2018,C,No,0801,,
651,IEEE International Conference on Granular Computing,GrC,CORE2018,C,No,0801,,
1490,"International Workshop on Human Aspects in Ambient Intelligence: Agent Technology, Human-Oriented Knowledge and Applications",HAI,CORE2018,C,No,0801,,
1491,International Workshop on Image Analysis and Information Fusion,IAIF,CORE2018,C,No,0801,,
627,IEEE International Conference on Adaptive and Intelligent Systems,ICAIS,CORE2018,C,No,0801,,
885,International Conference on Adaptive and Natural Computing Algorithms,ICANNGA,CORE2018,C,No,0801,,
900,International Conference on Advances in Pattern Recognition and Digital Techniques,ICAPRDT,CORE2018,C,No,0801,,
635,IEEE International Conference on Computational Cybernetics,ICCC,CORE2018,C,No,0801,,
944,International Conference on Computational Intelligence and Multimedia,ICCIMA,CORE2018,C,No,0801,,
963,International Conference on Computer Theory and Applications,ICCTA,CORE2018,C,No,0801,,
1040,International Conference on Genetic Algorithms,ICGA,CORE2018,B,No,0801,,
1096,International Conference on Intelligent Systems,ICIL,CORE2018,C,No,0801,,
666,IEEE International Conference on Neural Networks,ICNN,CORE2018,B,No,0801,,
844,"Intelligence Tools, Data Mining, Visualization",IDV,CORE2018,C,No,0801,,
742,IEEE Symposium on Computational Intelligence in Scheduling,IEEE CI-Sched,CORE2018,C,No,0801,,
765,IEEE Workshop on Computational Intelligence in Aerospace Applications,IEEE CIAA,CORE2018,C,No,0801,,
766,"IEEE Workshop on Computational Intelligence in Biometrics: Theory, Algorithms, and Applications",IEEE CIB,CORE2018,C,No,0801,,
734,IEEE Symposium on Computational intelligence for Image Processing,IEEE CIIP,CORE2018,C,No,0801,,
768,IEEE Workshop on Computational Intelligence in Virtual Environments,IEEE CIVE,CORE2018,C,No,0801,,
764,IEEE Workshop on Computational Intelligence for Visual Intelligence,IEEE CIVI,CORE2018,C,No,0801,,
767,IEEE Workshop on Computational Intelligence in Vehicles and Vehicular Systems,IEEE CIWS,CORE2018,C,No,0801,,
770,IEEE Workshop on Evolving and Self-Developing Intelligent Systems,IEEE ESDIS,CORE2018,C,No,0801,,
773,IEEE Workshop on Hybrid Intelligent Models and Applications,IEEE HIMA,CORE2018,C,No,0801,,
747,IEEE Symposium on Intelligent Agents,IEEE IA,CORE2018,C,No,0801,,
741,IEEE Symposium on Computational Intelligence in Multi-Criteria Decision-Making,IEEE MCDM,CORE2018,C,No,0801,,
1637,Natural Language Processing and Knowledge Engineering,IEEE NLP-KE,CORE2018,C,No,0801,,
776,IEEE Workshop on Organic Computing,IEEE OC,CORE2018,C,No,0801,,
777,IEEE Workshop on Robotic Intelligence in Informationally Structured Space,IEEE RiiSS,CORE2018,C,No,0801,,
769,IEEE Workshop on Evolvable and Adaptive Hardware,IEEE WEAH,CORE2018,C,No,0801,,
774,IEEE Workshop on Memetic Algorithms,IEEE WOMA,CORE2018,C,No,0801,,
1308,International ICSC Congress on Intelligent Systems and Applications,IICISA,CORE2018,C,No,0801,,
2069,International Logic Programming Symposium,ILPS,CORE2018,A,No,0801,,
1061,International Conference on Immersive Telecommunications,IMMERSCOM,CORE2018,C,No,0801,,
1555,INTUITION International Conference,INTUITION,CORE2018,C,No,0801,,
1356,"International Symposium on Audio, Video, Image Processing and Intelligent Applications",ISAVIIA,CORE2018,C,No,0801,,
353,Conference of the International Society for Decision Support Systems,ISDSS,CORE2018,C,No,0801,,
843,Integration of Software Engineering and Agent Technology,ISEAT,CORE2018,B,No,0801,0803,
1399,International Symposium on Mathematical Morphology,ISMM,CORE2018,B,No,0801,,
1409,International Symposium on Robotics,ISR,CORE2018,A,No,0801,0910,
832,Information Visualization Evaluation,IVE,CORE2018,C,No,0801,,
1495,International Workshop on Intelligent Agents,IWIA,CORE2018,C,No,0801,,
1498,International Workshop on Knowledge Discovery from Data Streams,IWKDDS,CORE2018,C,No,0801,,
1511,International Workshop on Paraphrasing,IWP,CORE2018,B,No,0801,,
1114,International Conference on Knowledge-based Intelligent Electronic Systems,KIES,CORE2018,C,No,0801,,
1595,Logic and Engineering of Natural Language Semantics,LENLS,CORE2018,B,No,0801,,
520,European Workshop on Modelling Autonomous Agents in a Multi-Agent World,MAAMAW,CORE2018,C,No,0801,,
263,Australian MADYMO Users Meeting,MADYMO,CORE2018,Australasian,Yes,0801,,
1129,International Conference on Medical Information  Visualisation,MediVis,CORE2018,C,No,0801,,
1576,Joint workshop on Multimodal Interaction and Related Machine Learning Algorithms (now ICMI-MLMI),MLMI,CORE2018,B,No,0801,,
81,ACM/SPIE Multimedia Computing and Networking,MMCN,CORE2018,A,No,0801,,
1608,Medicine Meets Virtual Reality,MMVR,CORE2018,B,No,0801,0903,
1625,NAISO Congress on Autonomous Intelligent Systems,NAISO,CORE2018,C,No,0801,,
1569,Joint Conference on New Methods in Language Processing and Computational Natural Language Learning,NeMLaP,CORE2018,C,No,0801,,
715,IEEE International Workshop on Neural Networks for Signal Processing,NNSP,CORE2018,C,No,0801,,
1153,"International Conference on Neural, Parallel and Scientific Computations",NPSC,CORE2018,C,No,0801,,
1509,"International Workshop on Nonmonotonic Reasoning, Action and Change",NRAC,CORE2018,C,No,0801,,
1685,Practical Application of Intelligent Agents and Multi-Agent Technology Conference,PAAM,CORE2018,C,No,0801,,
1659,Pacific Asian Conference on Expert Systems,PACES,CORE2018,B,No,0801,,
1697,Program Visualization Workshop,PVW,CORE2018,C,No,0801,,
1759,Spring Conference on Computer Graphics,SCCG,CORE2018,C,No,0801,,
1739,"Soft Computing in Computer Graphics, Imaging, and Vision",SCCGIV,CORE2018,C,No,0801,,
778,IEEE Workshop on Speech Coding,SCW,CORE2018,C,No,0801,,
1804,The Conference on visualization of information,SEE,CORE2018,C,No,0801,,
1857,Visualization in Software Engineering,SEViz,CORE2018,C,No,0801,,
1734,Singapore International Conference on Intelligent Systems,SPICIS,CORE2018,B,No,0801,,
73,ACM Workshop on Secure Web Services,SWS,CORE2018,C,No,0801,,
1248,International Conference on Theoretical and Methodological Issues in machine Translation,TMI,CORE2018,B,No,0801,,
1849,Vision Interface,VI,CORE2018,C,No,0801,,
1672,Pan-Sydney Area Workshop on Visual Information Processing,VIP,CORE2018,C,No,0801,,
1858,Visualization in Software Product Lines Workshop,VisPLE,CORE2018,C,No,0801,,
1266,International Conference on Visual Information Systems,VISUAL,CORE2018,C,No,0801,0806,
452,ENVI and IDL Data Analysis and Visualization Symposium,VISualize,CORE2018,C,No,0801,,
1720,Semantic Web Visualisation,VSW,CORE2018,C,No,0801,,
1947,World Congress on Expert Systems,WCES,CORE2018,B,No,0801,,
1949,World Congress on Neural Networks,WCNN,CORE2018,B,No,0801,,
1273,International Conference on Web-based Modelling and Simulation,WebSim,CORE2018,C,No,0801,0805,
1860,Web Visualization,WebViz,CORE2018,C,No,0801,,
563,German Conference on Artificial Intelligence,KI,ICORE2026,National/Regional,Yes,0801,,
591,Iberian Conference on Pattern Recognition and Image Analysis,IBPRIA,ICORE2026,National/Regional,Yes,0801,,
198,Athens Colloquium on Algorithms and Complexity,ACAC,ERA2010,C,Yes,0802,,
291,"Brazilian Symposium on Graphs, Algorithms and Combinatorics",GRACO,ERA2010,C,Yes,0802,,
293,British Colloquium for Theoretical Computer Science,BCTCS,ERA2010,C,Yes,0802,,
295,British Computer Society Formal Aspects of Computing Science Specialist Group Workshop,BCS-FMW,ERA2010,C,Yes,0802,,
301,Canadian Conference on Computational Geometry,CCCG,ERA2010,C,Yes,0802,,
304,Canadian Discrete and Algorithmic Mathematics Conference,CanaDAM,ERA2010,C,Yes,0802,,
320,CombinaTexas: Combinatorics in the South-Central U.S.,Combina Texas,ERA2010,C,Yes,0802,,
373,Conference on Operational Research Practice in Africa,ORPA,ERA2010,C,Yes,0802,,
549,Franco-Canadian Workshop on Combinatorial Algorithms,ComAI,ERA2010,C,Yes,0802,,
551,French Journées de Géométrie Algorithmique,JGA,ERA2010,C,Yes,0802,,
1558,Italian Conference on Theoretical Computer Science,ICTCS,ERA2010,C,Yes,0802,,
1562,Japan Conference on Computational Geometry and Graphs,JCCGG,ERA2010,C,Yes,0802,,
1563,Japan Conference on Discrete and Computational Geometry,JCDCG,ERA2010,C,Yes,0802,,
1565,Japanese-Hungarian Symposium on Discrete Mathematics and Its Applications,JH,ERA2010,C,Yes,0802,,
1566,Japan-Korea Joint Workshop on Algorithms and Computations,WAAC,ERA2010,C,Yes,0802,,
1610,Methods Effectives en Geometrie Algebrique,MEGA,ERA2010,B,Yes,0802,,
1612,"Mid-West Conference on Combinatorics, Cryptography, and Computing",MIGHTY,ERA2010,C,Yes,0802,,
1626,NASA LaRC Formal Methods Workshop,LARC,ERA2010,C,Yes,0802,,
1714,Scandinavian Workshop on Algorithm Theory,SWAT,ERA2010,B,Yes,0802,,
1715,Scottish Functional Programming Workshop,SFP,ERA2010,C,Yes,0802,,
1748,Southern Conference on Computing,SCC,ERA2010,C,Yes,0802,,
1750,Spanish Meeting on Computational Geometry,EGC,ERA2010,C,Yes,0802,,
1810,The Northern Formal Methods Workshops,NFM,ERA2010,C,Yes,0802,,
1820,Traitement Automatique des Langues Naturelles,TALN,ERA2010,C,Yes,0802,,
71,ACM Workshop on Role Based Access Control (now SACMAT),RBAC,CORE2014,C,No,0802,,
990,International Conference on Declarative Programming and Knowledge Management (no information after 2013),INAP,CORE2014,C,No,0802,,
1747,"Southeastern International Conference on Combinatorics, Graph Theory, and Computing",,CORE2018,C,No,0802,,
1351,"International Symposium on Applied Algebra, Algebraic Algorithms and Error-Correcting Codes",AAAAECC,CORE2018,B,No,0802,,
1875,"Workshop on Algorithms, Combinatorics, and Geometry",ACG,CORE2018,C,No,0802,,
107,Algorithms and Complexity in Durham,ACID,CORE2018,C,No,0802,,
99,Advances in the Theory of Computing,AITC,CORE2018,C,No,0802,,
1728,"SIAM Workshop on Algorithms for Listing, Counting, and Enumeration",ALICE,CORE2018,C,No,0802,,
904,International Conference on Algebraic and Logic Programming,ALP,CORE2018,B,No,0802,,
105,Algebraic Methodology and Software Technology,AMAST,CORE2018,C,No,0802,0803,
157,Asia International Conference on Modelling and Simulation,AMS,CORE2018,C,No,0802,,
136,Annual Simulation Symposium,ANSS,CORE2018,B,Yes,0802,,
1809,The Modelling and Simulation Society of Australia and New Zealand Meeting,ANZMODS,CORE2018,Australasian,Yes,0802,,
161,Asia Pacific Decision Science Institute Conference,APDSI,CORE2018,C,No,0802,,
1880,Workshop on Approximation and Randomization Algorithms in Communication Networks,ARACNE,CORE2018,C,No,0802,,
170,Asian Symposium on Computer Mathematics,ASCM,CORE2018,C,No,0802,,
1444,International Workshop on Abstract State Machines,ASM(W),CORE2018,C,No,0802,,
237,Australasian Workshop on Combinatorial Algorithms,AWOCA,CORE2018,Australasian,Yes,0802,,
1886,Workshop on Combinatorial and Algorithmic Aspects of Networking,CAAN,CORE2018,B,No,0802,,
342,Computing: The Australasian Theory Symposium,CATS,CORE2018,Australasian,Yes,0802,,
1888,Workshop on Computational and Conformal Geometry,CCG,CORE2018,C,No,0802,,
1889,Workshop on Computational Geometry and Applications,CGA,CORE2018,C,No,0802,,
308,CGAL User Workshop,CGAL,CORE2018,C,No,0802,,
366,Conference on Graph Theory and Discrete Geometry,CGTDG,CORE2018,C,No,0802,,
129,Annual Fall Workshop on Computational Geometry,CGW,CORE2018,C,No,0802,,
351,Conference of the Commission Internationale pour l'Etude et l'Amelioration de l'Enseignement des Mathematiques,CIEAEM,CORE2018,C,No,0802,,
390,Constraint Programming Day,CPD,CORE2018,C,No,0802,,
329,Computational Topology Workshop,CT,CORE2018,C,No,0802,,
328,Computational Techniques and Applications Conference,CTAC,CORE2018,C,No,0802,,
431,Discrete and Algorithmic Geometry,DAG,CORE2018,C,No,0802,,
622,"IEEE Information Theory Workshop on Detection, Estimation, Classification and Imaging",DECI,CORE2018,C,No,0802,,
438,Dynamic Graph Workshop,DGW,CORE2018,C,No,0802,,
364,"Conference on Discrete Mathematics, Algebra and their Application",DIMA,CORE2018,C,No,0802,,
429,DIMACS Workshop on Intrinsic Complexity of Computation,DIMACS Intrinsic,CORE2018,C,No,0802,,
432,"Discrete Models: Combinatorics, Computation and Geometry",DM-CCG,CORE2018,C,No,0802,,
999,International Conference on Discrete Mathematics and Theoretical Computer Science,DMTCS,CORE2018,B,No,0802,,
437,Dutch Computational Geometry Day,DutchCG,CORE2018,C,No,0802,,
1783,Symposium on Discrete Mathematics,EDM,CORE2018,C,No,0802,,
454,ERATO Conference on Quantum Information Science,EQIS,CORE2018,C,No,0802,,
455,ERCIM Annual Workshop on Constraint Solving and Constraint Logic Programming,ERCIM/CSCLP,CORE2018,B,No,0802,,
1780,"Symposium On Combinatorics, Algorithms, Probabilistic and Experimental Methodologies",ESCAPE,CORE2018,C,No,0802,,
5,A Satellite workshop on Formal Approaches to Testing of Software,FATES,CORE2018,C,No,0802,,
542,Formal Methods Pacific,FMP,CORE2018,C,No,0802,,
1477,International Workshop on Formal Methods for Parallel Programming: Theory and Applications,FMPPTA,CORE2018,C,No,0802,,
543,Formal Power Series and Algebraic Combinatorics,FPSAC,CORE2018,B,No,0802,,
1547,International Workshops on First-Order Theorem Proving,FTP,CORE2018,B,No,0802,,
1621,MSRI Combinatorial Game Theory Research Workshop,GameTheory,CORE2018,C,No,0802,,
1725,SIAM Conference on Geometric Design,GeoD,CORE2018,C,No,0802,,
1938,Workshop on Uncertainty in Geometric Computations,GEOM Uncertainty,CORE2018,C,No,0802,,
559,Geometry Festival: An international workshop on Discrete Geometry and Rigidity,GeomFest,CORE2018,C,No,0802,,
1483,International Workshop on Global Optimization,GO,CORE2018,C,No,0802,,
374,International Conference on Operations Research,GOR,CORE2018,C,No,0802,,
1284,International Congress of Chinese Mathematicians,ICCM,CORE2018,C,No,0802,,
943,International Conference on Computational Engineering Science,ICES,CORE2018,C,No,0802,,
1286,International Congress of Mathematicians,ICM,CORE2018,C,No,0802,,
1732,SIGOPT - International Conference on Optimization,ICO,CORE2018,C,No,0802,,
1235,International Conference on Temporal Logic,ICTL,CORE2018,A,No,0802,,
803,IFIP International Conference on Theoretical Computer Science,IFIP TCS,CORE2018,C,No,0802,,
1430,International Symposium on Voronoi diagrams in Science and Engineering,ISVD,CORE2018,C,No,0802,,
1808,The International Workshop on Algorithms and Graphs,IWAAG,CORE2018,C,No,0802,,
1779,Symposium on Cellular Automata,JAC,CORE2018,C,No,0802,,
1301,International French Speaking Conference on Logic and Constraint Programming,JFPLC,CORE2018,C,No,0802,,
1587,Kyoto International Conference on Computational Geometry and Graph Theory,KyotoCGGT,CORE2018,C,No,0802,,
1911,Workshop on Logic and Learning,L&L,CORE2018,C,No,0802,,
1499,International Workshop on Logic and Complexity in Computer Science,LCCS,CORE2018,C,No,0802,,
1910,Workshop on Localized Algorithms and Protocols for Wireless Sensor Networks,LOCALGOS,CORE2018,C,No,0802,,
1913,Workshop on Massive Data Algorithmics,Massive,CORE2018,C,No,0802,,
318,"Colloquium on Mathematics and Computer Science: Algorithms, Trees, Combinatorics and Probabilities",MathInfo,CORE2018,C,No,0802,,
264,Australian MATLAB Conference,MATLAB,CORE2018,Australasian,Yes,0802,,
1604,Mathematical Methods in Computer Science,MMICS,CORE2018,C,No,0802,,
1654,Optimal Discrete Structures and Algorithms,ODSA,CORE2018,C,No,0802,,
1921,Workshop on On-Line Algorithms,OLA,CORE2018,C,No,0802,,
375,"Conference on Orders, Algorithms and Applications",Ordal,CORE2018,C,No,0802,,
1655,Optimization: Techniques And Applications,OTA,CORE2018,C,No,0802,,
1791,Symposium on Programs as Data Objects,PADO,CORE2018,C,No,0802,,
1687,Practical Aspects of PROLOG/Constraint Technology,PAP/PACT,CORE2018,C,No,0802,,
1924,Workshop on Physics and Computation,PC,CORE2018,C,No,0802,,
1926,Workshop on Probabilistic Graph Theory,PGT,CORE2018,C,No,0802,,
1179,"International Conference on Probability, Statistics and Operational Research",PSOR,CORE2018,C,No,0802,,
1928,Workshop on Quantum Information Processing,QIP,CORE2018,C,No,0802,,
1025,International Conference on Experimental Implementation of Quantum Computation,QuantCom,CORE2018,C,No,0802,,
1520,International Workshop on Requirements Engineering Visualization,REV,CORE2018,B,No,0802,,
1190,"International Conference on Relations, Orders and Graphs: Interaction with Computer Science",ROGICS,CORE2018,C,No,0802,,
2123,International Conference on Rewriting Techniques and Applications (now merged with FSCD Formal Structures for Computation and Deduction),RTA,CORE2018,A,No,0802,,
1795,"Symposium on Stochastic Algorithms, Foundations and Applications",SAGA,CORE2018,C,No,0802,,
1746,South African International Graph Theory Conference,SAIGTC,CORE2018,C,No,0802,,
1774,"Symposium on Abstraction, Reformulation and Approximation",SARA,CORE2018,B,No,0802,,
1717,"Search: Workshop on Search, Sorting and Coding",Search,CORE2018,C,No,0802,,
1764,Stochastic Local Search Algorithms,SLS,CORE2018,C,No,0802,,
1781,Symposium on Computational Geometry for Mechanics and Applications,SOCGMA,CORE2018,C,No,0802,,
1249,International Conference on Theory and Applications of Computational Science,TACS,CORE2018,C,No,0802,,
1797,TAI: Algorithmic Information Theory: Kolmogorov Complexity,TAI,CORE2018,C,No,0802,,
1819,Topological and Geometric Graph Theory,TGGT,CORE2018,C,No,0802,,
1247,International Conference on Theoretical and Mathematical Foundations of Computer Science,TMFCS,CORE2018,C,No,0802,,
1799,Techniques and Problems in Graph Theory,TPGT,CORE2018,C,No,0802,,
1830,Unconventional Models of Computation,UMC,CORE2018,B,No,0802,,
1872,Workshop on Algorithmic Aspects of Advanced Programming Languages,WAAAPL,CORE2018,C,No,0802,,
1869,Workshop on Algorithm Engineering,WAE,CORE2018,B,No,0802,,
762,IEEE Workshop on Advances in Techniques for Analysis of Remotely Sensed Data,WARDS,CORE2018,C,No,0802,,
1890,Workshop on Computational Graph Theory and Combinatorics,WCGTC,CORE2018,C,No,0802,,
1899,Workshop on Distributed Data and Structures,WDAS,CORE2018,C,No,0802,0804,
1470,International Workshop on Efficient Algorithms,WEA,CORE2018,B,No,0802,,
590,IAVoSS Workshop On Trustworthy Elections,WOTE,CORE2018,C,No,0802,,
1923,Workshop on Parameterized Complexity,WPC,CORE2018,C,No,0802,,
47,ACM SIGOPS European Workshops,SIGOPS-EW,ERA2010,C,Yes,0803,,
284,Benelux Workshop on Information and System Security,WISSec,ERA2010,C,Yes,0803,,
292,Brazilian Symposium on Information and Computer Systems Security,SBSEG,ERA2010,C,Yes,0803,,
1573,"Joint iTrust and PST Conferences on Privacy, Trust Management and Security",IFIP TM,ERA2010,C,Yes,0803,,
1590,Latin American Conference on Pattern Languages of Programming,SugarLoafPLoP,ERA2010,C,Yes,0803,,
1634,National Information Systems Security Conference (was National Computer Security Conference),NISSC,ERA2010,C,Yes,0803,,
1636,NATO Conference on software engineering,NATOSE,ERA2010,C,Yes,0803,,
1644,Nordic Conference on Pattern Languages of Programs,VikingPLoP,ERA2010,C,Yes,0803,,
1647,Nordic Workshop on Secure IT Systems,NordSec,ERA2010,C,Yes,0803,,
1649,North American Conference on Logic Programming,NACLP,ERA2010,C,Yes,0803,,
1749,Southwestern Conference on Pattern Languages of Programs,ChiliPLoP,ERA2010,C,Yes,0803,,
1531,International Workshop on Software Process Simulation and Modelling (now ICSP),PROSim,CORE2014,B,No,0803,,
2166,International Conference on Multimedia,ICMR,CORE2014,B,Yes,0803,,
53,ACM SIGSOFT Workshop on Program Analysis for Software Tools and Engineering,PASTE,CORE2017,B,No,0803,,
383,Conference on the Quality of Software Architectures,QoSA,CORE2017,B,Yes,0803,,
1341,International Symposium Component-Based Software Engineering,CBSE,CORE2017,B,Yes,0803,,
205,Australasian Computer Architecture Conference,ACAC,CORE2018,Australasian,Yes,0803,,
252,Australian Conference on Software Metrics,ACOSM,CORE2018,Australasian,Yes,0803,,
1883,"Workshop on Aspects, Components, and Patterns for Infrastructure Software",ACP4IS,CORE2018,C,No,0803,,
208,Australasian Computer Systems Architecture Conference (now Asia-Pacific Computer Systems Architecture Conference),ACSAC,CORE2018,Australasian,Yes,0803,,
223,Australasian Information Security Workshop 2007 (Privacy Enhancing Technologies),AISW-PET,CORE2018,Australasian,Yes,0803,,
190,Aspect-Orientation Asia,AO-Asia,CORE2018,C,No,0803,,
1882,Workshop on Aspect-Oriented Modelling,AOM,CORE2018,C,No,0803,,
191,Aspect-Oriented Software Development,AOSD,CORE2018,A,No,0803,,
1778,Symposium on Assessment of Quality S/W Dev Tools,AQSDT,CORE2018,C,No,0803,,
226,Australasian Refinement Workshop,AuRW,CORE2018,Australasian,Yes,0803,,
271,Australian UNIX Users Group National Conference,AUUG,CORE2018,Australasian,Yes,0803,,
275,Australian Workshop on Requirements Engineering,AWRE,CORE2018,Australasian,Yes,0803,0806,
277,Australian Workshop on Software Architecture,AWSA,CORE2018,Australasian,Yes,0803,,
1456,International Workshop on C# and .NET Technologies,C#,CORE2018,C,No,0803,,
811,IFIP/ACM Working Conference on Component Deployment,CD,CORE2018,B,No,0803,,
1461,International Workshop on Comparative Evaluation in Requirements Engineering,CERE,CORE2018,C,No,0803,,
362,"Conference on Computers, Freedom, and Privacy",CFP,CORE2018,C,No,0803,,
324,Complexity and information-theoretic approaches to biology,CITB,CORE2018,B,No,0803,,
1575,Joint Working Conference on Secure Information Networks: Communications and Multimedia Security,CMS,CORE2018,C,No,0803,,
204,Australasian Compumod Users' Conference,COMPUMOD,CORE2018,Australasian,Yes,0803,,
934,International Conference on Communication System Software and Middleware,COMSWARE,CORE2018,C,No,0803,,
597,IEEE Computational Systems Bioinformatics Conference,CSB,CORE2018,A,No,0803,,
493,European Conference on Software Maintenance and Reengineering,CSMR,CORE2018,C,No,0803,,
1898,Workshop on Declarative Programming in the Context of OO Languages,DP-COOL,CORE2018,C,No,0803,,
20,ACM Digital Rights Management Workshop,DRM,CORE2018,C,No,0803,,
435,Domain Specific Aspect Languages,DSAL,CORE2018,C,No,0803,,
434,Domain - Specific Languages for Software Engineering,DSLSE,CORE2018,C,No,0803,,
1884,Workshop on Assurance Cases for Security,DSN,CORE2018,C,No,0803,,
1881,Workshop on Aspect Oriented Requirements Engineering and Architecture Design,Early Aspects,CORE2018,C,No,0803,,
1469,International Workshop on Economics-Driven Software Engineering Research,EDSER,CORE2018,C,No,0803,,
501,European Lisp Workshop,ELW,CORE2018,C,No,0803,,
522,European Workshop on Security and Privacy in Ad -Hoc and Sensor Networks,ESAS,CORE2018,C,No,0803,,
504,European PKI Workshop: Theory and Practice,EUROPKI,CORE2018,B,No,0803,,
529,Extreme Markup Languages,Extreme,CORE2018,C,No,0803,,
553,Functional and Declarative Programming in Education,FDPE,CORE2018,C,No,0803,,
68,ACM Workshop on Formal Methods in Security Engineering: From Specifications to Code,FMSE,CORE2018,C,No,0803,,
541,Formal Methods in Software Engineering and Defence Systems Workshop,FMSEDS,CORE2018,C,No,0803,,
545,Foundations of Aspect-Oriented Languages,FOAL,CORE2018,C,No,0803,,
1480,International Workshop on Foundations of Object-Oriented Languages,FOOL,CORE2018,C,No,0803,,
1925,Workshop on Power Aware Computing and Systems,HotPower,CORE2018,B,No,0803,,
70,ACM Workshop on Hot Topics in Software Upgrades,HotSWUp,CORE2018,C,No,0803,,
640,IEEE International Conference on COTS-Based Software Systems,ICCBSS,CORE2018,C,No,0803,,
2045,IEEE International Conference on Computer Languages,ICCL,CORE2018,A,No,0803,,
1086,International Conference on Information Theoretic Security,ICITS,CORE2018,C,No,0803,,
1278,International Conference Software and Systems Engineering and their Applications,ICSSEA,CORE2018,C,No,0803,,
1443,International Workshop of the Initiative for the Evaluation of XML Retrieval,INEX,CORE2018,C,No,0803,,
1335,International Python Conference,IPythC,CORE2018,C,No,0803,,
1075,International Conference on Information Security and Assurance,ISA,CORE2018,C,No,0803,,
1373,"International Symposium on Data, privacy and E-Commerce",ISDPE,CORE2018,C,No,0803,,
1375,International Symposium on Empirical Software Engineering,ISESE,CORE2018,B,No,0803,,
1384,International Symposium on Future Software Technology,ISFST,CORE2018,C,No,0803,,
1404,International Symposium on Object Technologies for Advanced Software,ISOTAS,CORE2018,C,No,0803,,
1252,International Conference on Trust Management,iTrust,CORE2018,C,No,0803,,
1449,"International Workshop on Aliasing, Confinement and Ownership",IWACO,CORE2018,C,No,0803,,
1462,International Workshop on Computer-Aided Software Eng,IWCASE,CORE2018,B,No,0803,,
1467,International Workshop on Distributed Object Management,IWDOM,CORE2018,C,No,0803,,
1512,International Workshop on Parsing Technologies,IWPT,CORE2018,B,Yes,0803,,
1527,International Workshop on Security Protocols,IWSP,CORE2018,C,No,0803,,
1532,International Workshop on Software Product Management,IWSPM,CORE2018,C,No,0803,,
1908,Workshop On Java For High-Performance Computing,JHPC,CORE2018,C,No,0803,,
1574,Joint Modular Languages Conference,JMLC,CORE2018,B,No,0803,,
215,Australasian Conference on Pattern Languages of Programs,KoalaPLoP,CORE2018,Australasian,Yes,0803,,
1588,"Language Descriptions, Tools and Applications",LDTA,CORE2018,B,No,0803,,
1915,Workshop on Multiparadigm Programming with OO Languages,MPOOL,CORE2018,C,No,0803,,
1500,International Workshop on Metamodelling - Utilization in Software Engineering,MUSE,CORE2018,C,No,0803,,
1919,Workshop on Object-Oriented Database Systems,OODBS,CORE2018,C,No,0803,,
1922,Workshop on Parallel and Distributed Debugging ACM/ONR,PADD,CORE2018,C,No,0803,,
1695,"Processing Declarative Knowledge, International Workshop",PDK,CORE2018,C,No,0803,,
134,Annual PKI R&D Workshop,PKI,CORE2018,C,No,0803,,
1698,Programming Language Techniques for XML,PLAN-X,CORE2018,C,No,0803,,
1689,Practices of Linking Aspect Technology and Evolution,PLATE,CORE2018,C,No,0803,,
2120,Performance Tools - International Conference on Model Techniques & Tools for CPE,PT,CORE2018,A,No,0803,,
1702,"Reflection, AOP and Meta-Data for Software Evolution",RAM-SE,CORE2018,C,No,0803,,
1703,Relationships and Associations in Object-Oriented Languages,RAOOL,CORE2018,C,No,0803,,
1519,International Workshop on Realising Evidence-based Software Engineering,REBSE,CORE2018,C,No,0803,,
377,Conference on RFID Security,RFIDSec,CORE2018,C,No,0803,,
379,Conference on Security in Network Architectures and Information Systems,SAR-SSI,CORE2018,C,No,0803,,
1207,International Conference on Software Composition,SC,CORE2018,B,No,0803,,
2124,Unix Symposium on Operating Systems Design and Implementation ,SDSDI,CORE2018,A,No,0803,,
1310,International IEEE Workshop on Software Evolvability,SE,CORE2018,C,No,0803,,
1796,Systems Engineering / Test and Evaluation Conference,SETE,CORE2018,C,No,0803,,
1213,International Conference on Software Engineering Theory and Practice,SETP,CORE2018,C,No,0803,,
1309,International IEEE Security in Storage Workshop,SISW,CORE2018,C,No,0803,,
2135,IEEE International Symposium on Software Metrics ,SMS,CORE2018,A,No,0803,,
1722,Service Oriented Computing: Consequences for Engineering Requirements,SOCCER,CORE2018,C,No,0803,,
1743,Software Quality Conference,SQC,CORE2018,C,No,0803,,
707,IEEE International Symposium on Security in Networks and Distributed Systems,SSNDS,CORE2018,C,No,0803,,
2137,ACM Symposium on Software Reusability ,SSR,CORE2018,A,No,0803,,
72,ACM Workshop on Scalable Trusted Computing,STC,CORE2018,B,No,0803,,
1744,Software Technology and Engineering Practice Conference,STEP,CORE2018,B,No,0803,,
1208,International Conference on Software Development,SWDC,CORE2018,B,No,0803,,
1312,International Joint Conference CAAP/FASE on Theory and Practice of Software Development,TAPSOFT,CORE2018,C,No,0803,,
51,ACM SIGPLAN Workshop on Types in Language Design and Implementation (was TIC),TLDI,CORE2018,C,No,0803,,
131,Annual International Conference on Ada,TRI-Ada,CORE2018,C,No,0803,,
1843,USENIX Windows NT Symposium,UWNTS,CORE2018,C,No,0803,,
1854,Visual Languages and Formal Methods,VLFM,CORE2018,C,No,0803,,
1887,Workshop on Component-Oriented Programming,WCOP,CORE2018,C,No,0803,,
761,IEEE Working Conference on Reverse Engineering,WCRE,CORE2018,B,No,0803,,
1901,"Workshop on Duplicating, Deconstructing, and Debunking",WDDD,CORE2018,C,No,0803,,
1497,International Workshop on Issues in the Theory of Security,WITS,CORE2018,C,No,0803,,
1920,Workshop on Object-Oriented Development,WOOD,CORE2018,C,No,0803,,
1526,International Workshop on Security in Information Systems,WOSIS,CORE2018,C,No,0803,,
1524,International Workshop on Schema Languages for XML,X-Schemas,CORE2018,C,No,0803,,
1026,"International Conference on Agile Software Development (chnaged in 2010, was International Conference on extreme Programming and Flexible Processes in Software Engineering)",XP,CORE2018,B,No,0803,,
290,Brazilian Symposium on Databases,SBBD,ERA2010,C,Yes,0804,,
297,British National Conference on Databases,BNCOD,ERA2010,B,Yes,0804,,
312,Chilean Database Workshop,JCC/WBD(CDW),ERA2010,C,Yes,0804,,
403,Crypto'Puces,Crypto'Puces,ERA2010,C,Yes,0804,,
413,Declarative Agent Languages and Technologies (merged into EMAS in 2013),DALT,ERA2010,B,No,0804,,
530,Far East Workshop on Future DB Systems,FEWFDB,ERA2010,C,Yes,0804,,
1545,International Workshop Programming Multi-Agent Systems (merged into EMAS in 2013),PROMAS,ERA2010,B,No,0804,,
1559,Italian Symposium on Advanced Database Systems,SEBD,ERA2010,C,Yes,0804,,
1632,National Database Conference (China),NDB,ERA2010,C,Yes,0804,,
1635,National Science Foundation symposium on Next Generation Data Mining and Cyber Enabled Discovery for Innovation (was.NSF workshop on Next Generation Data Mining),NGDM,ERA2010,C,Yes,0804,,
1787,Symposium on Information Theory in the Benelux,,ERA2010,C,Yes,0804,,
1864,Western European Workshop on Research in Cryptology,WeWoRC,ERA2010,C,Yes,0804,,
1441,International Workshop in Software Measurement (Joined with Mensura from 2007),IWSM,CORE2014,C,No,0804,,
254,Australian Digital Forensics Conference,,CORE2018,Australasian,Yes,0804,,
258,Australian Information Security Management Conference,ISM,CORE2018,Australasian,Yes,0804,,
443,ECRYPT Workshop on Cryptographic Hash Functions,ECRYPT,CORE2018,C,No,0804,,
444,ECRYPT Workshop on Tools for Cryptanalysis,ECRYPT,CORE2018,C,No,0804,,
1803,The Claude Shannon Workshop on Coding and Cryptography,,CORE2018,C,No,0804,,
1345,International Symposium on Advanced DB Technologies and Integration,ADTI,CORE2018,B,No,0804,,
1885,"Workshop on Australasian Information Security, Data Mining and Web Intelligence, and Software Internationalisation",AISW,CORE2018,Australasian,Yes,0804,,
87,Active and Real-Time Database Systems,ARTDB,CORE2018,C,No,0804,,
1452,International Workshop on Boolean Functions: Cryptography and Applications,BFCA,CORE2018,C,No,0804,,
389,Constraint Databases and Applications,CDB,CORE2018,C,No,0804,,
1372,International Symposium on Cooperative Database Systems for Advanced Applications,CODAS,CORE2018,C,No,0804,,
322,Committee on Data for Science and Technology,CODATA,CORE2018,C,No,0804,,
402,Cryptography Policy and Algorithms Conference,CryPAC,CORE2018,C,No,0804,,
1468,International Workshop on Domain Driven Data Mining,DDDM,CORE2018,C,No,0804,,
416,Design and Management of Data Warehouses,DMDW,CORE2018,C,No,0804,,
1930,Workshop on Research Issues in Data Mining and Knowledge Discovery,DMKD,CORE2018,C,No,0804,,
1897,Workshop on Database Technology for Virtual Enterprises,DTVE,CORE2018,C,No,0804,,
1903,Workshop on Elliptic Curve Cryptography,ECC,CORE2018,C,No,0804,,
1474,International Workshop on Evolution and Change in Data Management,ECDM,CORE2018,C,No,0804,,
500,European Institute for Computer Anti-Virus Research EICAR Conference,EICAR,CORE2018,C,No,0804,,
1008,International Conference on Electronic Voting,EVOTE,CORE2018,C,No,0804,,
1846,USENIX/ACCURATE Electronic Voting Technology Workshop,EVT,CORE2018,C,No,0804,,
539,Formal and Computational Cryptography,FCC,CORE2018,C,No,0804,,
1479,International Workshop on Foundations of Models and Languages for Data and Objects,FMLDO,CORE2018,C,No,0804,,
1034,International Conference on Foundation on Data Organization,FODO,CORE2018,A,No,0804,,
1485,International Workshop on Group-Oriented Cryptographic Protocols,GOCP,CORE2018,C,No,0804,,
238,Australasian Workshop on Health Data and Knowledge Management,HDKM,CORE2018,Australasian,Yes,0804,,
645,IEEE International Conference on e-Business Engineering,ICEBE,CORE2018,B,No,0804,1203,
841,Integrated Data Environments Australia Workshop,IDEAW,CORE2018,Australasian,Yes,0804,,
840,Int. Workshop on Multi-Media Data Base Management Systems,IW-MMDBMS,CORE2018,C,No,0804,,
1492,"International Workshop on Incorporating COTS Software into Software Systems, Tools and Techniques",IWICSS,CORE2018,C,No,0804,,
1583,Knowledge Discovery and Data Mining in Biological Databases Meeting,KDDMBD,CORE2018,C,No,0804,,
1581,Knowledge and Data Engineering Exchange Workshop,KDEX,CORE2018,C,No,0804,,
1585,Knowledge Representation Meets Databases,KRDB,CORE2018,C,No,0804,,
1617,Mobility in Databases and Distributed Systems,MDDS,CORE2018,C,No,0804,,
35,ACM International Workshop On Multimedia Databases,MMDB,CORE2018,C,No,0804,,
1896,Workshop on Data Engineering for Wireless and Mobile Access,MobiDE,CORE2018,C,No,0804,,
1503,International Workshop on Modelling and Visualization of XML and Semantic Web Data,MOVIX,CORE2018,C,No,0804,,
1756,SPIE International Conference on Multimedia Storage and Archiving Systems,MSAS,CORE2018,C,No,0804,,
1403,International Symposium on Next Generation Data Base Systems and Applications,NGDB,CORE2018,C,No,0804,,
1917,Workshop on Network-Related Data Management,NRDM,CORE2018,C,No,0804,,
1918,Workshop on New Technologies for Personalized Information Access,PIA,CORE2018,C,No,0804,,
1537,International Workshop on the Sate of the Art in Cryptology and New Challenges Ahead,Quo Vadis Cryptology,CORE2018,C,No,0804,,
1522,International Workshop on Research Issues in Data Engineering,RIDE,CORE2018,B,No,0804,,
1929,Workshop on Real-Time Databases,RTDB,CORE2018,C,No,0804,,
1762,State of the Art of Stream Ciphers,SASC,CORE2018,C,No,0804,,
1753,Special-purpose Hardware for Attacking Cryptographic Systems,SHARCS,CORE2018,C,No,0804,,
43,ACM SIGIR Workshop on XML and Information Retrieval,SIGIR/XML,CORE2018,C,No,0804,,
1594,Lexical Semantics and Knowledge Representation,SIGLEX,CORE2018,C,No,0804,,
62,ACM Symposium on Principles of Database Systems,SPDS,CORE2018,C,No,0804,,
1742,Software Performance Enhancement for Encryption and Decryption,SPEED,CORE2018,C,No,0804,,
1765,Storage and Retrieval for Media Databases (was Storage and Retrieval for Image and Video Databases),SRMD,CORE2018,C,No,0804,,
713,IEEE International Workshop on Databases for Next-Generation Researchers,SWOD,CORE2018,C,No,0804,,
1535,International Workshop on Temporal Databases,TDB,CORE2018,C,No,0804,,
1822,Trustworthy Interfaces for Passwords and Personal Information workshop,TIPPI,CORE2018,C,No,0804,,
808,IFIP Working Conference on Visual Database Systems,VDbS,CORE2018,B,Yes,0804,,
1755,SPIE Conference on Visual Data Exploration and Analysis,VDEA,CORE2018,C,No,0804,,
1895,Workshop on Cryptography for Ad hoc Networks,WCAN,CORE2018,C,No,0804,,
1109,International Conference on Knowledge Discovery and Data Mining,WKDD,CORE2018,C,No,0804,,
1533,International Workshop on Software Quality,WoSQ,CORE2018,C,No,0804,,
1931,Workshop on Robust Shape Operations,WRSO,CORE2018,C,No,0804,,
1549,International XML Database Symposium,Xsym,CORE2018,C,No,0804,,
313,ChinaGrid Annual Conference,ChinaGrid,ERA2010,C,Yes,0805,,
580,High Performance Computing Symposium Canada,HPCS-Canada,ERA2010,C,Yes,0805,,
1827,UK e-Science All Hands Meeting,UK e-Science,ERA2010,C,Yes,0805,,
1171,International Conference on Pervasive Computing (Joined with UbiComp from 2013),PERVASIVE,CORE2014,A*,No,0805,1203,
2175,ACM International Conference on Systems for Energy-Efficient Built Environments,BuildSys,CORE2018,A,Yes,0805,1006,
267,Australian Supercomputing Conference,ACS,CORE2018,Australasian,Yes,0805,,
169,Asian International Mobile Computing Conference,AMOC,CORE2018,C,No,0805,,
214,Australasian Conference on Parallel and Real-Time Systems,APRTS,CORE2018,Australasian,Yes,0805,,
91,Advanced Research in VLSI,ARVLSI,CORE2018,C,No,0805,,
908,"International Conference on Application-specific Systems, Architectures and Processors",ASAP,CORE2018,A,No,0805,,
1868,Workshop on Ad Hoc and Ubiquitous computing,AUC,CORE2018,C,No,0805,,
230,Australasian Symposium on Grid Computing and e-Research (now AusPDC),AusGrid,CORE2018,Australasian,Yes,0805,,
278,Australian World Wide Web Conference,AusWeb,CORE2018,Australasian,Yes,0805,,
935,International Conference on Communications in Computing,CIC,CORE2018,C,No,0805,,
310,Challenges of Large Applications in Distributed Environments,CLADE,CORE2018,C,No,0805,,
357,Conference on Algorithms and Hardware for Parallel Processing,CONPAR,CORE2018,C,No,0805,,
1363,International Symposium on Collaborative Technologies and Systems,CTS,CORE2018,C,No,0805,,
1782,"Symposium on Design, Analysis, and Simulation of Distributed Systems",DASD,CORE2018,C,No,0805,,
1003,International Conference on Distributed Frameworks for Multimedia Applications,DFMA,CORE2018,C,No,0805,,
496,European Conference on Universal Multiservice Networks,ECUMN,CORE2018,C,No,0805,,
449,Enabling Grids for E-Science European Conference,EGEE,CORE2018,C,No,0805,,
714,IEEE International Workshop on Future Trends of Distributed Computing Systems,FTDCS,CORE2018,C,No,0805,,
1046,"International Conference on Grid computing, high-performance and Distributed Applications",GADA,CORE2018,C,No,0805,,
1045,International Conference on Grid Computing and Applications,GCA,CORE2018,C,No,0805,,
1043,International Conference on Grid and Cooperative Computing,GCC,CORE2018,C,No,0805,,
784,IEEE/ACM International Conference on Grid Computing,GRID,CORE2018,A,No,0805,,
1489,International Workshop on Hot topics in Peer-to-Peer Systems,HotP2P,CORE2018,C,No,0805,,
1049,"International Conference on High Performance Computing, Networking and Communication Systems",HPCNCS,CORE2018,B,No,0805,1006,
581,High-Performance Grid Computing Workshop (part of IPDPS Conference),HPGrid,CORE2018,C,No,0805,,
17,ACM Conference on Hypertext and Social Media,Hypertext,CORE2018,A,Yes,0805,0806,
1132,International Conference on Mobile Business,ICMB,CORE2018,C,No,0805,,
1172,International Conference on Pervasive Computing and Applications,ICPCA,CORE2018,C,No,0805,,
1173,International Conference on Pervasive Services,ICPS,CORE2018,C,No,0805,,
680,IEEE International Conference on Wireless Information Technology and Systems,ICWITS,CORE2018,B,No,0805,,
1148,International Conference on Networked Computing,INC,CORE2018,C,No,0805,,
1094,International Conference on Intelligent Pervasive Computing,IPC,CORE2018,C,No,0805,,
1052,International Conference on High-Performance Clustered Computing (International Conference on Linux Clusters),LCI,CORE2018,C,No,0805,,
2093,Symposium on Frontiers of Massively Parallel Processing,MassPar,CORE2018,A,No,0805,,
1501,International Workshop on Middleware for Grid Computing,MGC,CORE2018,C,No,0805,,
1769,Summer School on Modelling and Verification of Parallel Processes,MOVEP,CORE2018,C,No,0805,,
1127,International Conference on Massively Parallel Computing Systems,MPCS,CORE2018,B,No,0805,,
1603,Massively Parallel Processing Using Optional Interconnections,MPPOI,CORE2018,B,No,0805,,
2105,Network Storage Symposium,NetStore,CORE2018,A,No,0805,,
1916,Workshop on Nature Inspired Distributed Computing,NISDIC,CORE2018,C,No,0805,,
802,IFIP International Conference on Open Distributed Processing,ODP,CORE2018,B,No,0805,,
2110,IEEE Conference on Open Architecture and Network Programming,OPENARCH,CORE2018,A,No,0805,,
1330,International Parallel Computing Workshop,PCW,CORE2018,C,No,0805,,
1673,Parallel and Distributed Information Systems,PDIS,CORE2018,C,No,0805,,
1530,International Workshop on Software Engineering for High Performance Computing Applications,SE-HPC,CORE2018,C,No,0805,,
1935,Workshop on Service Oriented Computing,SOCASE,CORE2018,C,No,0805,,
1807,The International Conference on Semantic Web and Web Services,SWWS,CORE2018,C,No,0805,,
1260,"International Meeting on High Performance Computing for Computational Science (previously International Meeting Vector and Parallel Processing, changed in 2002)",VECPAR,CORE2018,B,No,0805,,
667,IEEE International Conference on Parallel Processing Workshops,WoPP,CORE2018,C,No,0805,,
286,Bled Electronic Commerce Conference,BECC,ERA2010,B,Yes,0806,,
829,Information Systems Research Seminar in Scandinavia,IRIS,ERA2010,C,Yes,0806,,
1591,Latin American Web Congress,LA-WEB,ERA2010,C,Yes,0806,,
1630,National Conference on Computer and Information Systems,NCCIS,ERA2010,C,Yes,0806,,
1651,Norwegian Computer Human Interaction,NORDCHI,ERA2010,C,Yes,0806,,
1826,UK Academy of Information Systems Conference,UKAIS,ERA2010,C,Yes,0806,,
1832,United Kingdom Systems Society,UKSS,ERA2010,B,Yes,0806,,
1833,United Kingdom Virtual Reality Special Interest Group Conference UK-VRSIG,VR-SIG,ERA2010,C,Yes,0806,,
1863,Western Decision Sciences Institute Conference,WDSI,ERA2010,C,Yes,0806,,
606,IEEE Conference on Electronic Commerce Technology (merger of CEC and EEE),CEC,CORE2014,C,No,0806,,
1580,"Knowledge Acquisition, Modelling and Management Workshop (No longer Exists)",KAW,CORE2014,C,No,0806,,
1272,International Conference on Web-Age Information Management,WAIM,CORE2017,C,No,0806,,
2187,Iberian Conference on Information Systems and Technologies,CISTI,CORE2018,Regional,Yes,0806,0803,
2190,CENTERIS - Conference on ENTERprise Information Systems,CENTERIS,CORE2018,Unranked,Yes,0806,,
2200,International Conference on Digital Economy,ICDEc,CORE2018,Unranked,Yes,0806,1503,
1445,International Workshop on Advanced Architectures and Algorithms for Internet Delivery and Applications,AAA-IDEA,CORE2018,C,No,0806,,
213,Australasian Conference on Information Systems,ACIS,CORE2018,Australasian,Yes,0806,,
83,ACM SIGMIS Computers and People Research,ACM-SIGMIS CPR,CORE2018,B,No,0806,,
95,Advances in Information Systems,ADVIS,CORE2018,C,No,0806,,
8,Accounting and Finance Association of Australia and New Zealand Conference,AFAANZ,CORE2018,Australasian,Yes,0806,,
256,Australian Game Developers Conference,AGDC,CORE2018,Australasian,Yes,0806,,
1065,International Conference on Informatics Education and Research,AIS SIGED: IAIM,CORE2018,B,Yes,0806,,
201,Australasia Conference on Information Security and Privacy,AISP,CORE2018,Australasian,Yes,0806,,
892,International Conference on Advanced Language Processing and Web Information Technology,ALPIT,CORE2018,C,No,0806,,
115,Americas Conference on Information Systems,AMCIS,CORE2018,A,No,0806,,
729,IEEE Symposium on Advanced Management of Information for Globalized Enterprises,AMIGE,CORE2018,C,No,0806,,
241,Australian and New Zealand Academy of Management Conference,ANZAM,CORE2018,Australasian,Yes,0806,,
244,Australian and New Zealand Intelligent Information Systems Conference,ANZIIS,CORE2018,Australasian,Yes,0806,,
245,Australian and New Zealand Marketing Academy Conference,ANZMAC,CORE2018,Australasian,Yes,0806,,
1552,Internet Research,AOIR,CORE2018,C,No,0806,,
164,Asia Pacific Research Symposium on Accounting Information Systems,APRSAIS,CORE2018,C,No,0806,,
234,Australasian User Interface Conference,AUIC,CORE2018,Australasian,Yes,0806,,
233,Australasian Urban and Regional Information Systems Association Conference,AURISA,CORE2018,Australasian,Yes,0806,,
926,International Conference on Business Information Systems,BIS,CORE2018,B,No,0806,,
1453,International Workshop on Business Process Design,BPD,CORE2018,C,No,0806,,
1454,International Workshop on Business Process Intelligence,BPI,CORE2018,C,No,0806,,
1455,"International Workshop on Business Process Modelling, Development, and Support",BPMDS,CORE2018,C,No,0806,,
981,International Conference on Creating Connecting and Collaborating through Computing,C5,CORE2018,C,No,0806,,
404,Cultural Attitudes towards Technology and Communications,CATAC,CORE2018,B,No,0806,,
1009,International Conference on Email and Anti-Spam,CEAS,CORE2018,B,No,0806,,
1572,Joint International Conference on CyberGames and Interactive Entertainment,CGIE,CORE2018,C,No,0806,,
40,ACM SIGCHI_NZ Conference on Human-Computer Interaction,SIGCHI-NZ,CORE2018,Australasian,No,0806,,
960,International Conference on Computer Information Systems and Industrial Management Applications,CISIM,CORE2018,C,No,0806,,
367,"Conference on Information Science, Technology and Management",CISTM,CORE2018,B,No,0806,,
317,Collaborative Electronic Commerce Technology and Research,CollECTeR,CORE2018,B,No,0806,,
1074,International Conference on Information Resources Management,Conf-IRM,CORE2018,B,No,0806,,
426,Digital Arts and Culture,DAC,CORE2018,C,No,0806,,
409,Data Semantics in Web Information Systems,DASWIS,CORE2018,C,No,0806,,
433,Distributed Communities on the Web Workshop,Dcw,CORE2018,C,No,0806,,
993,International Conference on Design Science Research in Information Systems and Technology,DESRIST,CORE2018,A,No,0806,,
996,International Conference on Digital Government Research,DGO,CORE2018,B,No,0806,,
1550,Internationale Tagung Wirtschaftsinformatik,DITW,CORE2018,C,No,0806,,
2004,Deductive and Object-Oriented Databases,DOOD,CORE2018,A,No,0806,,
133,Annual Meeting of the Decision Sciences Institute,DSI,CORE2018,C,No,0806,,
418,Design for User Experience,DUX,CORE2018,B,No,0806,1203,
482,European Conference on Information Management and Evaluation,ECIME,CORE2018,C,No,0806,,
484,European Conference on Information Systems,ECIS,CORE2018,A,No,0806,,
471,European Conference of Information Warfare,ECIW,CORE2018,C,No,0806,,
618,IEEE European Conference on Web Services,ECOWS,CORE2018,C,No,0806,,
492,European Conference on Research Methodology for Business and Management Studies,ECRM,CORE2018,C,No,0806,,
1007,International Conference on Electronic Commerce and Web Technology,ECWeb,CORE2018,B,No,0806,,
647,"IEEE International Conference on Enterprise Computing, E-Commerce and E-Services",EEE,CORE2018,C,No,0806,,
1017,International Conference on Enterprise Information Systems and Web Technologies,EISWT,CORE2018,C,No,0806,,
485,European Conference on Knowledge Management,EKM,CORE2018,B,No,0806,,
523,"European, Mediterranean and Middle Eastern Conference on Information Systems",EMCIS,CORE2018,B,No,0806,,
503,European Natural Language Generation Workshop,EuroNLG,CORE2018,B,No,0806,,
555,Game Developers Conference,GDC,CORE2018,C,No,0806,,
880,International Conference of Society for Group Decision and Negotiation,GDN,CORE2018,B,No,0806,,
566,GIS Planet Conference,GISPlanet,CORE2018,C,No,0806,,
569,Global Information Technology Management Association World Conference,GITMA,CORE2018,B,No,0806,,
1047,International Conference on Health Informatics,Healthinf,CORE2018,C,No,0806,,
575,Hawaii International Conference on System Sciences,HICSS,CORE2018,A,No,0806,,
772,IEEE Workshop on Hot Topics in Web Systems and Technologies,HotWeb,CORE2018,B,No,0806,,
122,Annual Conference of the International Academy for Information Management,IAIM,CORE2018,C,No,0806,,
624,IEEE International Augmented Reality Toolkit Workshop,IARTW,CORE2018,C,No,0806,,
1091,"International Conference on Intelligent Agents, Web Technologies, and Internet Commerce",IAWTIC,CORE2018,B,No,0806,,
862,International Business Information Management,IBIMA,CORE2018,B,No,0806,,
1105,International Conference on Internet Computing,IC,CORE2018,B,No,0806,,
1005,International Conference on e-Business,ICEB,CORE2018,B,No,0806,,
1018,International Conference on Enterprise Integration and Modelling Technology,ICEIMT,CORE2018,C,No,0806,,
1016,International Conference on Enterprise Information Systems,ICEIS,CORE2018,C,No,0806,,
1315,International Joint Conference on e-Business and Telecommunications,ICETE,CORE2018,C,No,0806,,
1088,"International Conference on Information, Communications and Signal Processing",ICICS,CORE2018,B,No,0806,,
2163,International Conference on Information Quality,ICIQ,CORE2018,Unranked,Yes,0806,,
1078,International Conference on Information Systems,ICIS,CORE2018,A*,Yes,0806,,
1102,"International Conference on Interaction Sciences: Information Technology, Culture and Human",ICIS,CORE2018,C,No,0806,,
1199,International Conference on Security in Pervasive Computing,ICSPC,CORE2018,A,No,0806,,
1230,"International Conference on Systems Research, Informatics and Cybernetics",ICSRIC,CORE2018,C,No,0806,,
1232,International Conference on Technology and Business Management,ICTBM,CORE2018,C,No,0806,,
995,"International Conference on Digital Content, Multimedia Technology and its Applications",IDC,CORE2018,C,No,0806,,
1496,International Workshop on Interactive Entertainment,IDET,CORE2018,C,No,0806,,
643,IEEE International Conference on Digital EcoSystems and Technologies Conference,IEEE DEST,CORE2018,C,No,0806,,
2063,IEEE International Conference on Multimedia Computing and Systems,ICMCS,CORE2018,A,No,0806,,
2064,IEEE Transactions on Knowledge and Data Engineering,IEEETKDE,CORE2018,A,No,0806,0801,
1300,International Forum on Applied Wearable Computing,IFAWC,CORE2018,C,No,0806,,
889,International Conference on Advanced Information Management,IMS,CORE2018,C,No,0806,,
1553,Internet Society Conference,INET,CORE2018,C,No,0806,,
850,Interaction,Interaction,CORE2018,C,No,0806,,
1554,Interoperating Geographic Information Systems,INTEROP,CORE2018,C,No,0806,,
2173, Information Retrieval Facility Conference,IRFC,CORE2018,Unranked,Yes,0806,,
1079,International Conference on Information Systems Analysis and Synthesis,ISAS,CORE2018,C,No,0806,,
838,Institute for Small Business and Entrepreneurship Annual Conference,ISBE,CORE2018,C,No,0806,,
1080,International Conference on Information Systems Development,ISD,CORE2018,A,No,0806,,
828,Information Systems Education Conference,ISECON,CORE2018,B,No,0806,,
1389,International Symposium on Information Processing,ISIP,CORE2018,C,No,0806,,
1082,International Conference on Information Systems Technology and its Application,ISTA,CORE2018,B,No,0806,,
1786,Symposium on Information Technology and Information Systems,ITIS,CORE2018,C,No,0806,,
1437,International Web Conference,IWC,CORE2018,C,No,0806,,
1534,International Workshop on Software Technology for Augmented Reality Systems,IWSTAR,CORE2018,C,No,0806,,
2085,ACM Conference on Digital Libraries ,JCDL,CORE2018,A*,No,0806,,
1568,Joint Conference on Information Sciences,JCIS,CORE2018,C,No,0806,,
1622,"Multimedia Content Access: Algorithms and Systems (was Multimedia Content Analysis, Management and Retrieval)",MCA:AS,CORE2018,C,No,0806,,
274,"Australian Workshop on Mobile Computing, Databases and Applications",MCDA,CORE2018,Australasian,Yes,0806,,
1507,"International Workshop on Multimedia Data Storage, Retrieval, Integration and Applications",MDSRIA,CORE2018,C,No,0806,,
1948,World Congress on Medical and Health Informatics,MEDINFO,CORE2018,B,No,0806,,
1614,Mining for Enhanced Web Search,MEWS,CORE2018,C,No,0806,,
1505,"International Workshop on Modelling, Simulation, Verification and Validation of Enterprise Information Systems",MSVVEIS,CORE2018,C,No,0806,,
1155,International Conference on New Trends of Information and Service Science,NISS,CORE2018,C,No,0806,,
1156,International Conference on Next Generation Web Services Practices,NWESP,CORE2018,C,No,0806,,
1656,Organisations and Society in Information Systems Workshop,OASIS,CORE2018,C,No,0806,,
139,AoM Organizational Communication and Information Systems,OCIS,CORE2018,A,No,0806,,
1811,The organizational semiotics Conference,ORGSEM,CORE2018,B,No,0806,,
668,IEEE International Conference on Peer to Peer Computing,P2P,CORE2018,C,No,0806,,
1657,Pacific Asia Conference on Information Systems,PACIS,CORE2018,A,No,0806,,
1668,Pacific-Asia Workshop on Electronic Commerce,PAWEC,CORE2018,C,No,0806,,
1677,Participatory Design Conference,PDC,CORE2018,B,No,0806,1203,
1671,Pan Pacific Conference on Information Systems,PPCIS,CORE2018,C,No,0806,,
135,Annual PPIG Workshop,PPIG,CORE2018,B,No,0806,,
1513,International Workshop on Pattern Recognition in Information Systems,PRIS,CORE2018,C,No,0806,,
1517,International Workshop on Quality of Information Systems,QOIS,CORE2018,C,No,0806,,
1183,International Conference on Qualitative Research in IT & IT in Qualitative Research,QualIT,CORE2018,B,No,0806,,
1196,RuleML: International Web Rule Symposium (pre 2007 was 'International Conference on Rules and Rule Markup Languages for the Semantic Web'),RuleML,CORE2018,B,Yes,0806,,
1201,International Conference on Semantic and Digital Media Technologies,SAMT,CORE2018,C,No,0806,,
372,Conference on Office Information Systems,SIGOA,CORE2018,C,No,0806,,
1934,Workshop on Security and Privacy in e-Commerce,SPEC,CORE2018,C,No,0806,,
1793,Symposium on Requirements Engineering for Information Security,SREIS,CORE2018,C,No,0806,,
896,"International Conference on Advances in Infrastructure for Electronic Business, Science, and Education on the Internet",SSGRR,CORE2018,C,No,0806,,
1231,International Conference on Systems Thinking in Management,STM,CORE2018,C,No,0806,,
1731,SIGIR workshop: Stylistic Analysis of Text For Information Access,Style,CORE2018,C,No,0806,,
259,Australian Information Warfare and Security Conference,WarSec,CORE2018,Australasian,Yes,0806,,
1861,Western Australian Workshop on Information Systems Research,WAWISR,CORE2018,Australasian,Yes,0806,,
1542,International Workshop on Web Content Caching and Distribution,WCW,CORE2018,B,No,0806,,
1939,Workshop on Web Usage Analysis,WebKDD,CORE2018,C,No,0806,,
1941,World Conference on the WWW and Internet,WebNet,CORE2018,C,No,0806,,
1473,International Workshop on Entertainment Computing,WEC,CORE2018,C,No,0806,,
74,ACM Workshop on Web Information and Data Management,WIDM,CORE2018,B,No,0806,,
1543,International Workshop on Web Information Systems Modelling,WISM,CORE2018,C,No,0806,,
1502,International Workshop on Mobile Commerce and Services,WMCS,CORE2018,C,No,0806,,
709,IEEE International Symposium on Web Systems Evolution,WSE,CORE2018,C,No,0806,,
1170,International Conference on Persuasive Technology,Persuasive,ICORE2026,B,Yes,0806,,
282,International Conference on Computing Education Research (Baltic Sea Conference on Computing Education Research prior to 2008),Koli Calling,ERA2010,B,Yes,0899,,
1263,International Conference on Virtual Storytelling (merged into ICIDS in 2008),ICVS,ERA2010,C,No,0899,,
1627,National Advisory Committee on Computing Qualifications,NACCQ,ERA2010,C,Yes,0899,,
1800,Technology for Interactive Digital Storytelling (merged into ICIDS in 2008),TIDSE,ERA2010,C,No,0899,,
1862,Western Canadian Conference on Computing Education,WCCCE,ERA2010,C,Yes,0899,,
209,Australasian Computers in Education Conference,ACEC,CORE2018,Australasian,Yes,0899,,
206,Australasian Computer Music Conference,ACMA,CORE2018,Australasian,Yes,0899,,
118,Annual Conference of the Australasian Society for Computers in Learning in Tertiary Education,ASCILITE,CORE2018,Australasian,Yes,0899,,
140,Apple University Consortium Academic and Developers Conference,AUCADC,CORE2018,C,No,0899,,
1577,Journal of Computing Science in Colleges (Conference proceedings),CCSC,CORE2018,B,Yes,0899,,
341,Computing in Education Group of Victoria Conference,CEG,CORE2018,C,No,0899,,
513,European Symposium on Gender and ICT,ESGICT,CORE2018,C,No,0899,,
1032,International Conference on Formal Methods for Open Object-Based Distributed Systems,FMOOD,CORE2018,C,No,0899,,
567,Global Chinese Conference on Computers in Education,GCCCE,CORE2018,C,No,0899,,
571,Grace Hopper Celebration of Women in Computing,GHC,CORE2018,C,No,0899,,
929,International Conference on Chinese Computing,ICCC,CORE2018,C,No,0899,,
978,International Conference on Convergence and Hybrid Information Technology,ICHIT,CORE2018,C,No,0899,,
821,Informatics Education Europe,IEE,CORE2018,C,No,0899,,
1311,International Conference on Information Technology in Regional Areas,ITiRA,CORE2018,C,No,0899,0806,
1593,Law via the Internet,LI,CORE2018,C,No,0899,,
273,Australian Women in IT Conference,OzWIT,CORE2018,Australasian,Yes,0899,,
1902,Workshop on Economics of Peer-to-Peer Systems,P2P Econ,CORE2018,C,No,0899,,
1350,International Symposium on Applications and the Internet,SAINT,CORE2018,C,No,0899,,
1933,"Workshop on Scientific Knowledge, Information, and Computing",SIDEKIC,CORE2018,C,No,0899,,
1740,Software Education Conference,SRIG-ET,CORE2018,C,No,0899,,
236,Australasian Women in Computing Workshop,WIC,CORE2018,Australasian,Yes,0899,,
1277,International Conference on Worldwide Computing and Its Applications,WWCA,CORE2018,C,No,0899,,
2,1st International Conference on Engineering Management,ICEM,ERA2010,,No,09,,
6,AAEE - Annual Conference of Australasian Association for Engineering Education,,ERA2010,B,No,09,,
103,AIChE Annual Meeting,,ERA2010,C,No,09,,
154,ASEE Annual Conference and Exposition,,ERA2010,B,No,09,,
155,ASEE Global Colloquium of Engineering Education,,ERA2010,B,No,09,,
450,Engineering Education series (organised by Higher Education Academy Engineering Subject Centre UK),,ERA2010,B,No,09,,
531,FIE Frontiers in Education,,ERA2010,A,No,09,,
593,ICEE- ICEER - International Conference for Engineering Education and Research,,ERA2010,C,No,09,,
780,IEEE World Congress on Computational Intelligence,WCCI,ERA2010,A,No,09,,
815,IGIP - international Society for Engineering Education Annual Meeting,,ERA2010,C,No,09,,
930,"International Conference on Civil, Structural and Environmental Engineering Computing",CIVIL-COMP,ERA2010,A,No,09,,
1326,International Multi-Conference on Engineering and Technological Innovation,IMETI,ERA2010,C,No,09,,
1613,"Mini-EURO Conference, Managing Uncertainty in Decision Support Models",,ERA2010,A,No,09,,
1704,Research in Engineering Education Symposium,REES,ERA2010,A,No,09,,
1718,SEFI - Annual Conference of European Society for Engineering Education,,ERA2010,B,No,09,,
1805,The IASTED International Conference on Applied Simulation and Modelling (International Association of Science and Technology for Development),,ERA2010,C,No,09,,
1946,World Congress on Engineering Asset Management,WCEAM-IMS,ERA2010,C,No,09,,
102,AIAA Aerospace Sciences Meeting,,ERA2010,B,No,0901,,
168,Asian Congress of Fluid Mechanics,,ERA2010,A,No,0901,0913,
172,Asian Symposium on Visualization,,ERA2010,B,No,0901,0913,
343,Conference and Symposium of the International Committee on Aeronautical Fatigue,,ERA2010,A,No,0901,0913,
517,European Turbulence Conference,,ERA2010,A,No,0901,0913,
1283,International Congress Aeronautical Sciences,,ERA2010,B,No,0901,0913,
1298,International Fatigue Congress,,ERA2010,A,No,0901,0913,0910
1823,Turbulence and Shear Flow Phenomena,,ERA2010,A,No,0901,0913,
228,"Australasian Road Safety Research, Policing and Education Conference",,ERA2010,C,No,0902,,
536,FISITA World Automotive Congress,,ERA2010,B,No,0902,0913,
795,IEEE-RAS International Conference on Humanoid Robots,Humanoids,ERA2010,C,No,0902,,
848,Intelligent Vehicles Symposium,IEEE IV,ERA2010,B,No,0902,,
1095,"International Conference on Intelligent Sensors, Sensor Networks and Information Processing",ISSNIP,ERA2010,B,No,0902,,
1118,International Conference on Liquid Atomization and Spray Systems,,ERA2010,A,No,0902,0913,
1138,International Conference on Modelling and Diagnostics For Advanced Engine Systems,,ERA2010,A,No,0902,0913,
1150,"International Conference on Networking, Sensing and Control",ICNSC,ERA2010,C,No,0902,,
1295,International Crashworthiness Conference,,ERA2010,B,No,0902,0903,0913
1336,International Research Council on the Biomechanics of Impact,,ERA2010,A,No,0902,0903,0913
1711,"SAE Powertrains, Fuels, and Lubricants Meeting",,ERA2010,B,No,0902,0913,
1712,SAE World Congress,,ERA2010,B,No,0902,0913,
1760,Stapp Car Crash Conference,,ERA2010,A,No,0902,0903,0913
1816,Thermo and Fluid Dynamic Processes in Diesel Engines,,ERA2010,B,No,0902,0913,
1952,"WSEAS International Conference on Robotics, Control and Manufacturing Technology",ROCOM,ERA2010,C,No,0902,,
789,IEEE/IFIP International Conference on Information Technology for Balanced Automation Systems,BASYS,CORE2018,B,No,0902,,
3,2008 International Conference on Biomedical Robotics and Biomechatronics,BIO ROB,ERA2010,B,No,0903,,
130,Annual International Conference of the IEEE Engineering in Medicine and Biology Society,,ERA2010,A,No,0903,,
338,Computers in Cardiology,,ERA2010,A,No,0903,,
588,IASTED International Conference on Biomedical Engineering,,ERA2010,A,No,0903,,
589,IASTED Telehealth and Assistive Technology,,ERA2010,A,No,0903,,
617,IEEE EMBS Neural Engineering Conference,,ERA2010,A,No,0903,,
671,IEEE International Conference on Robotics and Biomimetics,,ERA2010,B,No,0903,,
694,IEEE International Symposium on Biomedical Imaging,,ERA2010,A,No,0903,,
924,International Conference on Biomedical and Pharmaceutical Engineering,,ERA2010,B,No,0903,,
116,Americas Conference on Wind Engineering,,ERA2010,B,No,0905,,
137,"Annual Water Distribution Systems Analysis Conference, WDSA 2008",,ERA2010,A,No,0905,0907,
153,ASCCS International Conference on Steel-Concrete Composite and Hybrid Structures,,ERA2010,A,No,0905,,
173,Asian-Pacific Conference on Computational Mechanics,APCOM,ERA2010,A,No,0905,,
174,Asian-Pacific conferences on unsaturated soils,Unsat-Asian,ERA2010,A,No,0905,,
182,Asia-Pacific Conference on Wind Engineering,,ERA2010,B,No,0905,,
217,Australasian Conference on the Mechanics of Structures and Materials,,ERA2010,B,No,0905,,
235,Australasian Wind Engineering Society Workshop in Wind Engineering,,ERA2010,C,No,0905,,
239,Australia New Zealand Geomechanics conference,,ERA2010,B,No,0905,,
255,Australian Earthquake Engineering Conference,,ERA2010,B,No,0905,,
265,Australian Road Research Board Annual Conference,,ERA2010,B,No,0905,,
287,Bluff Body Aerodynamics and Applications,,ERA2010,A,No,0905,0913,
303,Canadian Conference on Electrical and Computer Engineering,CCECE,ERA2010,C,No,0905,,
305,Canadian Geotechnical Society Conference,,ERA2010,B,No,0905,,
306,"Canadian Society for Civil Engineering, International Construction Specialty Conference",ICSC,ERA2010,C,No,0905,,
325,"Composite Construction V, Kruger National Park, South Africa, American Society of Civil Engineers",,ERA2010,A,No,0905,,
330,Computational Wind Engineering,,ERA2010,B,No,0905,,
339,Computing and Control in the Water Industry 2009,,ERA2010,B,No,0905,,
340,Computing in Civil Engineering and Building International Conference,ICCCBE,ERA2010,C,No,0905,1202,
376,Conference on Railway Engineering,,ERA2010,A,No,0905,0913,
436,Durability of Building Materials and Components Conference,DBMC,ERA2010,C,No,0905,,
441,East Asia-Pacific Conference on Structural Engineering and Construction,,ERA2010,B,No,0905,,
466,Europe-Africa Conference on Wind Engineering,,ERA2010,B,No,0905,,
477,European Conference on Computational Mechanics,ECCM,ERA2010,A,No,0905,,
487,European Conference on Numerical Methods in Geotechnical Engineering,NUMGE,ERA2010,A,No,0905,,
557,Geo congress of the Geo-Institute of ASCE,,ERA2010,A,No,0905,,
561,GeoShanghai International Conferences,GeoShanghai,ERA2010,A,No,0905,,
586,Hydraulics in Civil Engineering,,ERA2010,C,No,0905,0907,
587,Hydrology and Water Resources Symposium,,ERA2010,B,No,0905,0907,
626,IEEE International Conference on 3D Systems Integration (combines ASET & 3D),IEEE 3D IC,ERA2010,C,No,0905,,
868,International Command and Control Research and Technology Symposium,ICCRTS,ERA2010,C,No,0905,1006,
881,International Conference of the International Association for Computer Methods and Advances in Geomechanics,IACMAG,ERA2010,A,No,0905,,
932,International Conference on Coastal Engineering,,ERA2010,A,No,0905,,
951,International Conference on Computational Plasticity,COMPLAS,ERA2010,A,No,0905,0913,
975,International Conference on Construction Engineering and Management,ICCEM,ERA2010,C,No,0905,,
1010,International Conference on Embedded Software and Systems,ICESS,ERA2010,C,No,0905,,
1057,International Conference on Hydroinformatics,,ERA2010,C,No,0905,0907,
1089,"International Conference on Innovation in Architecture, Engineering and Construction",AEC,ERA2010,C,No,0905,1201,
1135,International Conference on Modal Analysis,,ERA2010,A,No,0905,0913,
1174,International Conference on Pressure Surges,,ERA2010,A,No,0905,,
1205,International Conference on Shock and Impact Loads on Structures,,ERA2010,B,No,0905,,
1222,International Conference on Soil Mechanics and Geotechnical Engineering,ICSMGE,ERA2010,A,No,0905,,
1225,International Conference on Structural Health Monitoring of Intelligent Infrastructure,,ERA2010,A,No,0905,,
1256,International conference on unsaturated soils,Unsat,ERA2010,A,No,0905,,
1257,International Conference on Urban Drainage,,ERA2010,A,No,0905,0907,
1268,International Conference on Water Sensitive Urban Design,,ERA2010,B,No,0905,0907,
1274,International Conference on Wind Engineering,,ERA2010,A,No,0905,,
1281,International Conferences on Advances in Steel Structures,,ERA2010,A,No,0905,,
1339,International Society of Rock Mechanics Series of Symposia and Conferences,ISRM,ERA2010,A,No,0905,0914,
1342,International Symposium of Automation and Robotics in Construction,,ERA2010,A,No,0905,0910,
1367,International Symposium on Computational Geomechanics,,ERA2010,A,No,0905,,
1377,"International Symposium on Environmental Vibrations: Prediction, Monitoring, Mitigation and Evaluation",,ERA2010,B,No,0905,,
1379,International Symposium on Fault-Tolerant Computing,FTCS,ERA2010,C,No,0905,,
1381,International Symposium on frontiers in offshore geotechnics,,ERA2010,B,No,0905,,
1419,International Symposium on Structural Engineering,,ERA2010,B,No,0905,,
1515,International Workshop on Precipitation in Urban Areas,,ERA2010,A,No,0905,,
1561,IWA World Water Congress,,ERA2010,A,No,0905,0907,
1619,Modelling and Simulation,,ERA2010,A,No,0905,0907,
1652,Numerical Models in Geomechanics,NUMOG,ERA2010,A,No,0905,,
1675,Parallel Computing with FPGAs,ParaFPGA,ERA2010,C,No,0905,,
1694,Proceedings MIT Conferences on Computational Solid and Fluid Mechanics,,ERA2010,A,No,0905,,
1730,SIGGRAPH/EUROGRAPHICS Conference On Graphics Hardware,HWWS,ERA2010,C,No,0905,,
1758,SPIE Smart Structures and Materials and Non-destructive Evaluation and Health Monitoring,,ERA2010,A,No,0905,0913,
1767,Structural Engineering and Construction Conference,APSEC-EASEC,ERA2010,B,No,0905,,
1829,UK Wind Engineering Society Conference on Wind Engineering,,ERA2010,C,No,0905,,
1877,Workshop on Application Specific Processors,WASP,ERA2010,C,No,0905,,
1944,World Congress on Computational Mechanics,WCCM,ERA2010,A,No,0905,,
938,International Conference on Complex Systems,CxS,CORE2018,C,No,0905,,
272,Australian Water Association Convention - Ozwater,,ERA2010,C,No,0907,0905,
387,Congress of the Modelling and Simulation Society of Australia and New Zealand,Modsim 03,ERA2010,A,No,0907,0905,
1609,Meeting of the International Environmental Modelling and Software Society,,ERA2010,B,No,0907,0905,
1631,National Conference on Hydraulics in Water Engineering,,ERA2010,B,No,0907,0905,
1735,Sixth International Conference on Hydroinformatics 2004,,ERA2010,A,No,0907,0905,
1859,Water Down Under 2008 (incorporating the 31st Hydrology and Water Resources Symposium and the 4th International Conference on Water Resources and Environment Research),,ERA2010,A,No,0907,0905,
141,Application of Computers and Operations Research in the Minerals Industries,APCOMin,CORE2018,A,No,0909,0914,
1041,International Conference on GeoComputation,GeoComp,CORE2018,C,No,0909,,
1414,International Symposium on Spatial Data Infrastructures,ISSDI,CORE2018,C,No,0909,,
1570,Joint European Conference and Exhibition on Geographical Information Systems,JECGI,CORE2018,C,No,0909,,
128,"Annual Convention for Survey, Mapping and Remote Sensing",RS,CORE2018,C,No,0909,,
1751,Spatial Information Research Centre Colloquium,SIRC,CORE2018,C,No,0909,,
1752,Spatial Information Science and Technology Conference,SIST,CORE2018,C,No,0909,,
179,Asia-Pacific Conference on Engineering Plasticity and Its Applications,,ERA2010,A,No,0910,0913,
180,Asia-Pacific Conference on Materials Processing,,ERA2010,A,No,0910,0915,
218,Australasian Congress on Applied Mechanics,,ERA2010,A,No,0910,0913,
283,Baosteel Academic Conference,,ERA2010,B,No,0910,0914,
314,CIRP Life Cycle Engineering Conference,,ERA2010,A,No,0910,0907,0915
568,Global Conference on Sustainable Product Development and Life Cycle Engineering,,ERA2010,B,No,0910,0913,0915
600,IEEE Conference in Industrial Electronics and Applications,,ERA2010,A,No,0910,0913,
697,IEEE International Symposium on Electronics and the Environment,,ERA2010,B,No,0910,0907,
875,"International Conference for Bulk Materials Storage, Handling and Transportation",,ERA2010,A,No,0910,0913,0915
893,International Conference on Advanced Materials Processing,,ERA2010,B,No,0910,0913,
894,International Conference on Advances and Trends in Engineering Materials and Their Applications,,ERA2010,A,No,0910,0913,
898,International Conference on Advances in Materials and Processing Technologies,,ERA2010,A,No,0910,0913,
903,International Conference On Agile Manufacturing,,ERA2010,A,No,0910,0913,0915
920,"International Conference on Automation, Robotics and Control Systems",ARCS,ERA2010,C,No,0910,,
940,International Conference on Composite Materials,,ERA2010,A,No,0910,0913,
1012,International Conference on Engineering Computational Technology,,ERA2010,B,No,0910,0905,0913
1015,International Conference on Enhancement and Promotion of Computational Methods in Engineering and Science,,ERA2010,A,No,0910,0913,0905
1116,International Conference on Leading Edge Manufacturing in 21st Century,,ERA2010,A,No,0910,0913,
1128,"International Conference on Mechanics of structures, Materials and System",,ERA2010,B,No,0910,0905,
1130,International Conference on Metal Forming,,ERA2010,A,No,0910,0913,
1154,International Conference on New Forming Technology,,ERA2010,A,No,0910,0913,
1158,International Conference on Numerical Methods in Industrial Forming Processes,,ERA2010,A,No,0910,0913,
1180,International Conference on Product Research,,ERA2010,B,No,0910,0913,0915
1224,International Conference on Steel Rolling,,ERA2010,A,No,0910,0913,
1226,International Conference on Surface Finishing Technology and Surface Engineering,ICSFT2008,ERA2010,A,No,0910,0913,0915
1233,International Conference on Technology of Plasticity,,ERA2010,A,No,0910,0913,
1282,International Conferences on Progress of Machining Technology,,ERA2010,A,No,0910,0913,
1290,International Congress on Industrial and Applied Mathematics,,ERA2010,B,No,0910,0913,
1322,International Manufacturing Leaders Forum,,ERA2010,C,No,0910,0913,0915
1346,International Symposium on Advanced Technology for Plasticity,,ERA2010,A,No,0910,0913,
1347,International Symposium on Advances in Abrasive Technology,,ERA2010,A,No,0910,0913,
1407,International Symposium on Plasticity and Its Current Applications,,ERA2010,A,No,0910,0913,
1434,International Tribology Conference in Australia,,ERA2010,A,No,0910,0913,
1578,JSME/ASME International Conference on Materials and Processing,,ERA2010,A,No,0910,0913,
1776,Symposium on Advanced Structural Steels and New Rolling Technologies,,ERA2010,B,No,0910,0915,
518,European Workshop on Advanced Mobile Robots,EuroBot,CORE2018,C,No,0910,,
535,FIRA Robot World Congress,FIRA,CORE2018,C,No,0910,,
1606,Mechatronics and Machine Vision in Practice,M2VIP,CORE2018,B,No,0910,,
927,"International Conference on CAD/CAM, Robotics and Factories of the Future",RFF,CORE2018,C,No,0910,,
202,Australasian Coasts and Ports Conference,,ERA2010,A,No,0911,,
225,Australasian Port and Harbour Conference,,ERA2010,A,No,0911,,
315,Coastal Environment,,ERA2010,C,No,0911,,
1027,International Conference on Fast Sea Transportation,,ERA2010,A,No,0911,0913,
1051,International Conference on High Performance Yacht Design,,ERA2010,A,No,0911,0913,
1159,"International Conference on Ocean, Offshore and Arctic Engineering",,ERA2010,A,No,0911,0913,0907
1323,International Maritime Conference,,ERA2010,B,No,0911,,
1433,International Towing Tank Conference,,ERA2010,A,No,0911,,
1707,RINA International Conference on Military Support Ships,,ERA2010,C,No,0911,,
1836,US Office of Naval Research Symposium on Naval Hydrodynamics,,ERA2010,C,No,0911,,
114,American Society of Mechanical Engineering,,ERA2010,A,No,0913,0905,0903
119,Annual Conference of the Australian Acoustical Society,,ERA2010,A,No,0913,1201,0999
158,Asia Pacific Conference on Combustion,,ERA2010,B,No,0913,,
188,Asia-Pacific Vibration Conference,,ERA2010,B,No,0913,0915,
220,Australasian Fluid Mechanics Conference,,ERA2010,A,No,0913,,
246,Australian Combustion Symposium,,ERA2010,C,No,0913,,
250,Australian Conference on Laser Diagnostics in Fluid Mechanics and Combustion,,ERA2010,B,No,0913,,
257,Australian Geothermal Energy Conference,,ERA2010,C,No,0913,,
401,Corrosion and Prevention,,ERA2010,A,No,0913,,
601,IEEE Conference on Automation Science and Engineering,,ERA2010,B,No,0913,0910,
609,"IEEE Conference on Robotics, Automation and Mechatronics",,ERA2010,A,No,0913,0910,
662,IEEE International Conference on Mechatronics and Automation,,ERA2010,B,No,0913,0910,
672,IEEE International Conference on Robots and Automation,,ERA2010,A,No,0913,0910,
1021,International conference on ER fluids and MR suspensions,,ERA2010,A,No,0913,0915,
1029,"International Conference on Fluid Control, Measurements, and Visualization",,ERA2010,B,No,0913,0901,0915
1030,International Conference on Fluid Mechanics,,ERA2010,B,No,0913,0901,0915
1287,International Congress of Theoretical and Applied Mechanics,,ERA2010,A,No,0913,,
1289,International Congress on Fracture,,ERA2010,A,No,0913,0901,
1293,International Corrosion Congress,,ERA2010,A,No,0913,,
1306,International Heavy Haul Association Conference,,ERA2010,A,No,0913,0905,0915
1307,International Heavy Haul Conference,,ERA2010,A,No,0913,0905,0915
1332,International Pipeline Conference,,ERA2010,A,No,0913,0914,
1344,International Symposium on Active Control of Sound and Vibration,,ERA2010,A,No,0913,,
1365,International Symposium on Combustion,,ERA2010,A,No,0913,,
1428,International Symposium on Vehicle System Dynamics,,ERA2010,A,No,0913,,
1560,IUTAM Symposia series,,ERA2010,A,No,0913,0901,
1624,NACE International - Corrosion,,ERA2010,A,No,0913,,
1684,Powders and Grains,,ERA2010,A,No,0913,,
199,AUSIMM Orebody Modelling and Strategic Mine Planning Conference,,ERA2010,A,No,0914,,
200,AUSIMM Project Evaluation,,ERA2010,A,No,0914,,
311,Chemeca: Australasian Conference on Chemical Engineering,,ERA2010,B,No,0914,,
334,Computer Applications in The Mineral Industries,APCOM,ERA2010,A,No,0914,,
502,European Metallurgical Congress,,ERA2010,B,No,0914,,
1299,International Ferroalloy Congress,,ERA2010,A,No,0914,,
1304,International Geostatistics Congress,,ERA2010,A,No,0914,,
1325,International Mineral Processing Congress,,ERA2010,A,No,0914,,
1813,The World Conference on Titanium,,ERA2010,A,No,0914,,
1817,TMS Annual Meeting and Exhibition,,ERA2010,B,No,0914,,
1360,International Symposium on Cavitation,,ERA2010,B,No,0915,0911,
183,Asia-Pacific Forum on Engineering and Technology Education,AFETE,CORE2018,C,No,0999,,
1014,International Conference on Engineering Education,ICEE,CORE2018,C,No,0999,,
280,Automation and Robotics International Symposium,ISARC,ERA2010,B,No,10,,
1126,International Conference on Management of Technology,IAMOT,ERA2010,C,No,10,,
1137,"International Conference on Modeling, Simulation and Visualization Methods",MSV,ERA2010,C,No,10,,
1602,Management of Innovation and Technology International Conference,ICMIT,ERA2010,C,No,10,,
36,ACM International Workshop on. Mobility Management and Wireless Access,MobiWac,ERA2010,B,No,1005,,
41,ACM SIGCOMM Internet Measurement Conference,ACM IMC,ERA2010,A,No,1005,,
227,Australasian Remote Sensing Conference and Photogrammetry Conference,ARSPC,ERA2010,C,No,1005,,
612,IEEE Conference on Ultra Wideband Systems and Technologies,ICUWB,ERA2010,C,No,1005,,
613,IEEE Conference on Wireless Communication and Sensor Networks,WCSN,ERA2010,C,No,1005,,
619,IEEE Global Information Infrastructure Symposium,GIIS,ERA2010,C,No,1005,,
655,IEEE International Conference on Industrial and Information Systems,ICIIS,ERA2010,C,No,1005,,
675,IEEE International Conference on Signal Processing and Communication,ICSPC,ERA2010,C,No,1005,,
677,IEEE International Conference on Telecommunications,ICT,ERA2010,C,No,1005,,
681,IEEE International Dynamic Spectrum Access Networks Symposium,IEEE DYSPAN,ERA2010,B,No,1005,,
684,IEEE International High Level Design Validation and Test Workshop,HLDVT,ERA2010,C,No,1005,,
719,IEEE International Workshop on the Value of Security through Collaboration,SECOVAL,ERA2010,C,No,1005,,
722,IEEE Latin-American Conference on Communications,latincom,ERA2010,C,No,1005,,
753,IEEE Symposium on VLSI Circuits,VLSIC,ERA2010,A,No,1005,,
755,IEEE Systems Conference,SysCon,ERA2010,C,No,1005,,
779,IEEE Workshop on Wireless Mesh Networks,WiMesh,ERA2010,C,No,1005,,
781,IEEE WoWMoM Workshop on Hot Topics in Mesh Networking,HotMESH,ERA2010,C,No,1005,,
879,"International Conference of Broadband Communication, Information Technology and Biomedical Applications",broadcom,ERA2010,C,No,1005,,
1092,International Conference on Intelligent and Advanced Systems,ICIAS,ERA2010,C,No,1005,,
1149,International Conference on Networking and Mobile Computing,ICCNMC,ERA2010,C,No,1005,,
1151,International Conference on Networks and Communications,NetCoM,ERA2010,C,No,1005,,
1157,International Conference on Next Generation Wired/Wireless Advanced Networking,NEW2AN,ERA2010,C,No,1005,,
1234,International Conference on Telecom Technology and Applications,ICTTA,ERA2010,C,No,1005,,
1275,International Conference on Wired / Wireless Internet Communications,WWIC,ERA2010,B,No,1005,,
1276,"International Conference on Wireless Communications, Networking and Mobile Computing",WiCOM,ERA2010,C,No,1005,,
1366,International Symposium on Communications and Information Technologies,ISCIT,ERA2010,B,No,1005,,
1431,International Symposium on Wireless Personal Multimedia Communications,WPMC,ERA2010,C,No,1005,,
1438,International Wireless Internet Conference,WiCon,ERA2010,C,No,1005,,
1478,International Workshop on Foundations for Secure/Survivable Systems and Networks,FSSSSN,ERA2010,C,No,1005,,
1523,International Workshop on Satellite and Space Communications,IWSSC,ERA2010,C,No,1005,,
1544,International Workshop on Wireless and Mobile Networks,WiMoNe,ERA2010,C,No,1005,,
1571,Joint European Networking Conference,JENC,ERA2010,C,No,1005,,
1640,Networked Group Communication,NGC,ERA2010,C,No,1005,,
1785,Symposium on High Performance Chips,HOT CHIPS,ERA2010,A,No,1005,,
1806,"The International Conference on Mobile Technology, Applications and Systems",MOBILITY,ERA2010,C,No,1005,,
800,IFIP International Conference on Broadband Communications,BC,CORE2018,C,No,1005,,
598,IEEE Computer Communications Workshop,CCW,CORE2018,B,No,1005,,
605,IEEE Conference on Decision and Control,CDC,CORE2018,A,No,1005,,
1371,International Symposium on Computer Design,COMPDES,CORE2018,C,No,1005,,
625,IEEE International Conference and Workshop on the Engineering of Computer Based Systems,ECBS,CORE2018,B,No,1005,,
447,Embedded Sensor Networks Workshop,Emnets,CORE2018,C,No,1005,,
700,IEEE International Symposium on Intelligent Control,ISIC,CORE2018,B,No,1005,,
276,Australian Workshop on Safety Critical Systems and Software,SCSS,CORE2018,Australasian,Yes,1005,,
1770,Symposia on VLSI Technology and Circuits,VLSI,CORE2018,A,No,1005,,
716,IEEE International Workshop on Object-Oriented Real-Time Dependable Systems,WORDS,CORE2018,B,No,1005,,
621,IEEE Global Telecommunications Conference,IEEE GLOBECOM,ERA2010,B,No,1006,,
786,IEEE/IFAC Computer Aided Control System Design,CACSD,ERA2010,B,No,1006,,
1628,National Conference Communications,NCC,ERA2010,C,Yes,1006,,
1393,"International Symposium on Intelligent Multimedia, Video and Speech Processing",ISIMP,CORE2014,C,No,1006,,
160,Asia Pacific Conference on Hardware Description Languages (was Asia Pacific CHipDesign Languages),APCHDL,CORE2018,C,No,1006,,
639,IEEE International Conference on Control Applications,CCA,CORE2018,B,No,1006,,
1361,International Symposium on Circuits and Systems,CIRSYS,CORE2018,C,No,1006,,
506,European Signal Processing Conference,EUSIPCO,CORE2018,B,No,1006,,
634,IEEE International Conference on Communications,ICC,CORE2018,B,No,1006,,
665,IEEE International Conference on Networks,ICON,CORE2018,B,No,1006,,
670,IEEE International Conference on Radio Frequency Identification,IEEE RFID,CORE2018,B,No,1006,,
1754,SPIE Conference on Performance and Control of Network Systems,PCNS,CORE2018,C,No,1006,,
1721,Sensor Networks,Sensor Networks,CORE2018,C,No,1006,,
1937,Workshop on Theoretical and Algorithmic Aspects of Sensor and Ad-hoc Networks,WTASA,CORE2018,C,No,1006,,
298,Built Environment Education Conference,BEECON,ERA2010,B,No,12,,
192,Association for Computer Aided Design in Architecture (ACADIA) Conference,ACADIA,ERA2010,A,No,1201,,
194,Association of Architecture Schools of Australasia Annual Conference (AASA),AASA,ERA2010,C,No,1201,,
195,Association of Collegiate Schools of Architecture (ACSA) Annual Meeting,ACSA,ERA2010,B,No,1201,,
242,Australian and New Zealand Architectural Science Association (ANZAScA) Annual Conference,ANZAScA,ERA2010,B,No,1201,1202,
299,CAADFutures Biennial conference,CAADFutures,ERA2010,A,No,1201,,
307,Centre for Asian and Middle Eastern Architecture conference,CAMEA,ERA2010,A,No,1201,,
382,Conference on Spatial Information Theory,COSIT,ERA2010,C,No,1201,,
388,ConnectED: International Conference on Design Education,ConnectED,ERA2010,C,No,1201,1203,
392,Construction Applications to Virtual Reality Conference,CONVR,ERA2010,C,No,1201,,
417,Design Computing and Cognition,DCC,ERA2010,A,No,1201,1203,
445,Education and Research in Computer Aided Architectural Design in Europe,eCAADe,ERA2010,B,No,1201,,
570,Globalisation and Landscape Architecture: Issues for Education and Practice,,ERA2010,,No,1201,,
594,Identity and Globalisation: Design for the City,,ERA2010,,No,1201,,
853,Interior Design Educators Association (IDEA) Conference,IDEA,ERA2010,B,No,1201,,
854,Interiors Forum Scotland conference,IFS,ERA2010,B,No,1201,,
855,"Interiors Forum World, Politecnico di Milano",IFW,ERA2010,B,No,1201,,
857,International Association for the Study of Traditional Environments (US),IASTE,ERA2010,B,No,1201,,
859,International Association of Societies of Design Research,IASDR,ERA2010,B,No,1201,1203,
1227,International Conference on Sustainability in Energy and Buildings,SEB,ERA2010,A,No,1201,1202,
1285,International Congress of Construction History,ICCH,ERA2010,B,No,1201,,
1328,International Network for Tropical Architecture conferences,INTA,ERA2010,C,No,1201,,
1620,Modern Asian Architecture Network conferences,mAAN,ERA2010,C,No,1201,,
1641,New Heritage: Beyond Verisimilitude. Conference on Cultural Heritage and New Media. Proceedings of the New Heritage Conference,,ERA2010,,No,1201,,
1679,Passive and Low Energy Architecture (PLEA) Annual International Conference,PLEA,ERA2010,A,No,1201,,
1738,"Society of Architectural Historians, Australia and New Zealand (SAHANZ) Annual Conference",SAHANZ,ERA2010,A,No,1201,1205,
1761,State of Australian Cities (SOAC) Conference,SOAC,ERA2010,A,No,1201,1202,1205
1835,Urban History Planning History (Australasia),UHPH,ERA2010,B,No,1201,1205,
1951,World Sustainable Building Conference,SB,ERA2010,C,No,1201,1202,
1,1st International Conference on Building Energy and Environment,COBEE,ERA2010,,No,1202,,
7,Accelerating excellence in the built environment World Conference,WCAEBE,ERA2010,C,No,1202,,
111,American Association of Cost Engineers Annual Meeting,AACE,ERA2010,A,No,1202,,
113,"American Society for Heating, Refrigeration and Air Conditioning",ASHRAE,ERA2010,A,No,1202,,
197,Association of Researchers in Construction Management Annual Conference,ARCOM,ERA2010,A,No,1202,,
243,Australian and New Zealand Association of Planning schools,ANZAPS,ERA2010,B,No,1202,1205,
260,Australian Institute of Building Surveyors International Refereed Conference,AIBS,ERA2010,B,No,1202,,
270,Australian Universities Building Education Association Annual Conference,AUBEA,ERA2010,B,No,1202,,
363,Conference on Construction Partnering,CII-HK,ERA2010,C,No,1202,,
391,"Construction Applications of Virtual Reality, International Conference",CAVR,ERA2010,C,No,1202,,
393,Construction Automation Conference,,ERA2010,B,No,1202,,
394,Construction in the Twenty-first Century Conferences,CITC,ERA2010,B,No,1202,,
395,Construction Management and Economics Conference,CME 25,ERA2010,A,No,1202,,
396,Construction Management and Real Estate International Symposium,CRIOCM,ERA2010,B,No,1202,,
399,Cooperative Research Centre for Construction Innovation International Conference,CRCCI,ERA2010,B,No,1202,,
577,Healthy Buildings,HB,ERA2010,A,No,1202,,
582,Hong Kong Institute of Value Management Conference,HKIVM,ERA2010,A,No,1202,,
818,Indoor Air,IA,ERA2010,A,No,1202,,
835,Infrastructure and Environment (International Postgraduate Conference),IPC,ERA2010,B,No,1202,,
974,International Conference on Construction and Real Estate Management,ICCREM,ERA2010,B,No,1202,,
976,International Conference on Construction in Developing Countries,ICCIDC,ERA2010,C,No,1202,,
1020,International Conference on Environmental Systems,ICES,ERA2010,A,No,1202,,
1063,"International Conference on Indoor Air Quality, Ventilation and Energy Conservation in Buildings",IAQVEC,ERA2010,A,No,1202,,
1228,International Conference on Sustainable Construction Materials and Technologies,SCMT,ERA2010,B,No,1202,,
1292,International Construction Management and Economics Conference,SIBRAGEC,ERA2010,B,No,1202,,
1294,"International Council for Research and Innovation in Building and Construction (CIB) Meetings, Workshops, Symposia, Conferences",CIB,ERA2010,A,No,1202,,
1305,International Group for Lean Construction Conference,IGLC,ERA2010,A,No,1202,,
1334,International Postgraduate Research Conference (Research Institute for the Built and Human Environment (BuHu)),BuHu IPGRC,ERA2010,C,No,1202,,
1337,International Research Week Conference,IPGRC,ERA2010,C,No,1202,,
1623,Multi-national Joint Ventures for Construction Works Conference,,ERA2010,C,No,1202,,
1639,Network for Comfort and Energy Use in Buildings Windsor Conference,Windsor,ERA2010,A,No,1202,,
1645,Nordic Construction Economics and Organisation Conference,,ERA2010,C,No,1202,,
1665,Pacific Rim Real Estate Conference,PPRES,ERA2010,A,No,1202,,
1681,Portland International Center for Management of Engineering and Technology Conference,PICMET,ERA2010,A,No,1202,,
1683,Postgraduate Researchers of the Built and Natural Environment Conference,PRoBE,ERA2010,C,No,1202,,
1699,Project Management conference,PMOZ,ERA2010,B,No,1202,,
1700,Quantity Surveying International Convention,QSIC,ERA2010,C,No,1202,,
1706,RICS conference,COBRA,ERA2010,A,No,1202,,
1716,SEA - Conference on Sustainable Building South-East Asia (CIB Co-Sponsored),SBSEA,ERA2010,C,No,1202,,
1745,South African Construction Health and Safety conference,SABERC,ERA2010,C,No,1202,,
1773,Symposium on ‘Building Simulation in the Southwest of England’,IBPSA,ERA2010,A,No,1202,,
1945,"World Congress on Cost Engineering, Project Management and Quantity Surveying, AACE American Association of Cost Engineers",ICEC,ERA2010,B,No,1202,,
1950,World of Construction Project Management Conference,WCPM,ERA2010,B,No,1202,,
19,ACM Creativity and Cognition,CC,ERA2010,A,No,1203,,
104,AISB Convention (Society for the Study of Artificial Intelligence and Simulation of Behaviour),AISB,ERA2010,B,No,1203,,
109,Ambient Information Systems,AIS,ERA2010,B,No,1203,,
163,Asia Pacific Industrial Engineering and Management Systems and Chinese Institute of Industrial Engineers Conference,APIEMS CIIEC,ERA2010,C,No,1203,,
406,"Cumulus - International Association of Universities and Colleges of Art, Design and Media",CUMULUS,ERA2010,C,No,1203,,
415,Design and Emotion Society Conferences,D&E,ERA2010,A,No,1203,,
419,Design Research Society (UK) International Conference,DRS,ERA2010,B,No,1203,,
420,Design Society Conferences,,ERA2010,B,No,1203,,
423,Designing Pleasurable Products And Interfaces,DPPI,ERA2010,B,No,1203,,
451,Entertainment and media in the ubiquitous era (ACM),MINDTREK,ERA2010,B,No,1203,,
453,Environmental Design Research Association,EDRA,ERA2010,B,No,1203,,
467,European Academy of Design conferences,EAD,ERA2010,C,No,1203,,
526,"Experiential Knowledge SIG conferences (Design Research Society (DRS) SIG,UK)",,ERA2010,A,No,1203,,
558,"Geometric Modelling and Imaging, International Conference (IEEE)",GMAI,ERA2010,B,No,1203,,
583,Human Factors and Ergonomics Conference (Human Factors and Ergonomics Society of Australia),HFESA,ERA2010,C,No,1203,,
858,International Association of Ergonomics Societies Congress,IEA,ERA2010,B,No,1203,,
994,International Conference on Design Theory and Methodology (ASME),DTM,ERA2010,A,No,1203,,
1013,"International Conference on Engineering Design (ICED), The Design Society",ICED,ERA2010,B,No,1203,,
1319,International Joint Workshop on Computational Creativity,IJWCC,ERA2010,B,No,1203,,
1616,Mobile Media,MMC,ERA2010,B,No,1203,,
1646,Nordic Design Research Conference,NORDES,ERA2010,B,No,1203,,
176,Asia-Pacific Computer Human Interaction Conference,APCHI,CORE2018,C,No,1203,,
221,Australasian Housing Researchers Conference,AHRC,ERA2010,A,No,1205,,
232,Australasian Transport Research Forum,ATRF,ERA2010,A,No,1205,0905,
350,Conference of the Australian Institutes of Transport Research,CAITR,ERA2010,C,No,1205,,
440,East Asia Society for Transportation Studies Conference (biennial),EASTS,ERA2010,C,No,1205,,
442,Ecopolitics,,ERA2010,B,No,1205,,
516,European Transport Conference,ETC,ERA2010,B,No,1205,,
968,International Conference on Computers in Urban Planning and Urban Management,CUPUM,ERA2010,A,No,1205,,
1333,International Planning History Society,IPHS,ERA2010,B,No,1205,,
1435,International Urban Design Conference,IUDC,ERA2010,C,No,1205,,
1821,Transportation Research Board (USA) Annual Meeting,TRB,ERA2010,A,No,1205,,
1828,UK Ireland Planning Research Conference,PRC,ERA2010,B,No,1205,,
1942,World Conference on Transport Research,WCTR,ERA2010,A,No,1205,,
397,Contact Mechanics,,ERA2010,A,No,1299,,
2208,ProjMAN - International Conference on Project MANagement,ProjMAN,CORE2018,Unranked,Yes,1503,,
1369,International Symposium on Computer and Information Sciences,ISCIS,CORE2020,C,No,46,,
1387,International Symposium on Information and Communication Technologies,ISICT,CORE2020,C,No,46,,
1085,International Conference on Information Technology: Coding and Computing,ITCC,CORE2020,C,No,46,,
822,Information Integration and Web-based Applications and Services,IIWAS,ICORE2026,C,Yes,46,4605,
1270,International Conference on Web Information Systems and Technologies,WEBIST,ICORE2026,C,Yes,46,,
86,ACS/IEEE International Conference on Computer Systems and Applications,AICCSA,ICORE2026,C,Yes,46,,
637,IEEE International Conference on Computer and Information Technology,CIT,ICORE2026,C,No,46,,
870,International Computer Science Symposium in Russia,CSR,ICORE2026,National: Russia,Yes,46,,
2177,Developments in eSystems Engineering,DeSE,ICORE2026,C,Yes,46,,
1036,International Conference on Frontiers of Information Technology,FIT,ICORE2026,National: Pakistan,No,46,,
2199,International Conference on Computational Creativity,ICCC,ICORE2026,C,Yes,46,,
953,International Conference on Computational Science and its Applications,ICCSA,ICORE2026,C,No,46,,
782,IEEE/ACIS International Conference on Computer and Information Science,ICIS,ICORE2026,C,No,46,,
970,International Conference on Computing and Informatics,ICOCI,ICORE2026,C,No,46,,
1229,International Conference on Systems Engineering,ICSEng,ICORE2026,C,No,46,,
1093,International Conference on Intelligent Data Engineering and Automated Learning,IDEAL,ICORE2026,C,No,46,,
2172, International Conference on Advanced Communications and Computation,INFOCOMP,ICORE2026,Unranked,Yes,46,,
699,IEEE International Symposium on Information Theory,ISIT,ICORE2026,B,Yes,46,,
1423,International Symposium on Technology and Society,ISTAS,ICORE2026,C,No,46,,
1108,International Conference on Internet Technologies and Applications,ITA,ICORE2026,National: USA,No,46,,
2242,IFIP WG8.1 Working Conference on the Practice of Enterprise Modeling,PoEM,ICORE2026,unranked: not primarily CS,Yes,46,,
1192,International Conference on Research Challenges in Information Science,RCIS,ICORE2026,B,Yes,46,,
2211,"International Conference: Sciences of Electronics, Technologies of information and Telecommunication",SETIT,ICORE2026,Unranked,Yes,46,,
407,Current Trends in Theory and Practice of Computer Science,SOFSEM,ICORE2026,B,Yes,46,,
1705,Richard Tapia Celebration of Diversity in Computing Conference,Tapia,ICORE2026,National: USA,No,46,,
756,IEEE Region 10 Conference,Tencon,ICORE2026,C,No,46,,
2155,"World Multi-Conference on Systemics, Cybernetics and Informatics",WMSCI,ICORE2026,National: USA,No,46,,
2181,World Conference on Information Systems and Technologies,WorldCIST,ICORE2026,C,Yes,46,,
1943,"World Congress in Computer Science, Computer Engineering, and Applied Computing",WORLDCOMP,ICORE2026,National: USA,No,46,,
2186,Artificial Intelligence Applications and Innovations,AIAI,ICORE2026,National/Regional,Yes,4601,4602,
847,Intelligent Systems in Molecular Biology,ISMB,ICORE2026,A,Yes,4601,,
2339,IEEE International Conference on Smart Computing,SmartComp,ICORE2026,B,Yes,4601,4611,4606
967,International Conference on Computers in Education,ICCE,ICORE2026,C,Yes,4601,,
2347,IEEE Global Engineering Education Conference,EDUCON,ICORE2026,C,Yes,4601,4608,
2266,International Conference of the Immersive Learning Research Network,iLRN,ICORE2026,C,Yes,4601,4608,
2350,IEEE International Symposium on Computer-Based Medical Systems,CBMS,ICORE2026,B,Yes,4601,4608,4611
2269,International Conference in Methodologies and Intelligent Systems for Technology Enhanced Learning,MIS4TEL,ICORE2026,National: Spain,Yes,4601,4608,4602
2355,ACM Conference on Learning @ Scale,L@S,ICORE2026,B,Yes,4601,4611,CSE
145,Applied Computing Conference,ACC,ICORE2026,C,No,4601,,
1961,International Conference on Artificial Intelligence in Education,AIED,ICORE2026,A,Yes,4601,4608,
151,International Conference on Artificial Intelligence in Medicine,AIME,ICORE2026,B,Yes,4601,,
1968,American Medical Informatics Annual Fall Symposium,AMIA,ICORE2026,National: USA,No,4601,,
175,Asia-Pacific Bioinformatics Conference,APBC,ICORE2026,B,No,4601,,
596,IEEE Bioinformatics and Bioengineering,BIBE,ICORE2026,C,No,4601,,
288,Body Sensor Networks,BSN,ICORE2026,C,No,4601,,
193,Association for Computer-Aided Architectural Design Research in Asia (CAADRIA) annual conference,CAADRIA,ICORE2026,C,No,4601,,
1556,ISCA International Conference on Computer Applications in Industry and Engineering,CAINE,ICORE2026,C,No,4601,,
965,International Conference on Computers and their Applications,CATA,ICORE2026,National: USA,No,4601,,
737,IEEE Symposium on Computational Intelligence in Bioinformatics and Computational Biology,CIBCB,ICORE2026,C,No,4601,,
871,International Computer Software and Applications Conference,COMPSAC,ICORE2026,B,Yes,4601,,
1324,DNA Computing and Molecular Programming,DNA,ICORE2026,B,No,4601,,
2262,European Conference on Technology Enhanced Learning,EC-TEL,ICORE2026,B,Yes,4601,4608,
475,European Conference on Computational Biology,ECCB,ICORE2026,C,No,4601,,
480,European Conference on Digital Government (was European Conference on e-Government ECEG),ECDG,ICORE2026,C,Yes,4601,,
2014,"World Conference on Educational Multimedia, Hypermedia and Telecommunications ",ED-MEDIA,ICORE2026,C,Yes,4601,,
446,Educational Data Mining,EDM,ICORE2026,B,No,4601,,
1067,International Conference on Information and Communication Technologies in Tourism,ENTER,ICORE2026,C,No,4601,,
2198,HCist - International Conference on Health and Social Care Information Systems and Technologies,HCist,ICORE2026,Unranked,Yes,4601,,
1472,IEEE international conference on ehealth networking applications and services (was International Workshop on Enterprise Networking and Computing in Health Care Industry; changed 2006),HealthCom,ICORE2026,C,Yes,4601,,
576,Health Informatics Conference,HIC,ICORE2026,Australasian C,Yes,4601,,
837,International Conference on Innovations for Community Services (was Innovative Internet Computer Systems IICS until 2014),I4CS,ICORE2026,C,Yes,4601,,
2036,IADIS International Conference Applied Computing,IADIS AC,ICORE2026,C,No,4601,,
2037,IEEE Industry Applications Society Annual Conference,IAS,ICORE2026,National: USA,No,4601,,
628,IEEE International Conference on Advanced Learning Technologies,ICALT,ICORE2026,B,Yes,4601,4608,
966,International Conference on Computers Helping People with Special Needs,ICCHP,ICORE2026,C,No,4601,,
952,International Conference on Computational Science,ICCS,ICORE2026,Multiconference,Yes,4601,,
997,International Conference on Digital Society,ICDS,ICORE2026,C,No,4601,,
1006,International Conference on Electronic Commerce,ICEC,ICORE2026,C,No,4601,,
1083,International Conference on Information Technology and Applications,ICITA,ICORE2026,Australasian C,No,4601,,
2178,International Conference on Smart homes and health Telematics,ICOST,ICORE2026,C,Yes,4601,,
2241,International Conference on Information and Communication Technologies for Ageing Well and e-Health,ICT4AWE,ICORE2026,C,Yes,4601,4603,4602
1066,International Conference on Information and Communication Technologies and Development,ICTD,ICORE2026,C,No,4601,,
2265,"ICT in Education, Research, and Industrial Applications",ICTERI,ICORE2026,National: Ukraine,Yes,4601,4605,
2168,International Conference on Virtual Rehabilitation,ICVR,ICORE2026,Unranked,Yes,4601,,
2169,International Conference on Web and Social Media,ICWSM,ICORE2026,A,Yes,4601,4605,
733,IEEE Symposium on Computational Intelligence for Financial Engineering,IEEE CIFEr,ICORE2026,C,No,4601,,
736,IEEE Symposium on Computational Intelligence for Security and Defence Applications,IEEE CISDA,ICORE2026,C,No,4601,,
2065,Intenational Environmental Modelling and Software Society,iEMSs,ICORE2026,C,No,4601,,
683,IEEE International Geoscience and Remote Sensing Symposium,IGARSS,ICORE2026,C,No,4601,,
1415,International Symposium on Spatial Data Quality,ISSDQ,ICORE2026,C,No,4601,,
1100,International Conference on Intelligent Tutoring Systems,ITS,ICORE2026,B,Yes,4601,4608,
833,Information Visualization in Biomedical Informatics,IVBI,ICORE2026,C,No,4601,4608,
1117,International Conference on Legal Knowledge and Information Systems,JURIX,ICORE2026,C,No,4601,,
1607,Medical Image Computing and Computer-Assisted Intervention,MICCAI,ICORE2026,A,Yes,4601,4603,
1688,Practice and Theory of Automated Timetabling,PATAT,ICORE2026,C,No,4601,,
1666,Pacific Symposium on Biocomputing,PSB,ICORE2026,National: USA,No,4601,,
950,International Conference on Computational Molecular Biology,RECOMB,ICORE2026,B,No,4601,,
59,ACM Symposium on Applied Computing,SAC,ICORE2026,Multiconference,No,4601,,
1413,International Symposium on Spatial Data Handling,SDH,ICORE2026,C,No,4601,,
2209,International Conference on Sustainable Energy Information Technology,SEIT,ICORE2026,Unranked,Yes,4601,4606,
22,ACM International Conference on Advances in Geographic Information Systems,SIGSPATIAL,ICORE2026,A,Yes,4601,4611,4605
54,ACM SIGUCCS Conference on User Services,SIGUCCS,ICORE2026,National: USA,No,4601,,
1528,International Workshop on Soft Computing Applications,SOFA,ICORE2026,National: Romania,No,4601,,
1416,International Symposium on Spatial and Temporal Databases,SSTD,ICORE2026,B,Yes,4601,,
1541,International Workshop on Web and Wireless Geographical Information Systems,W2GIS,ICORE2026,C,No,4601,,
1874,Workshop on Algorithms in Bioinformatics,WABI,ICORE2026,C,Yes,4601,,
249,Australian Conference on Artificial Life and Computational Intelligence,ACALCI,CORE2020,Australasian B,Yes,4602,,
1446,International Workshop on Agents and Data Mining Interaction,ADMI,CORE2020,B,No,4602,4605,
856,International and Interdisciplinary Conference on Modelling and Using Context,CONTEXT,CORE2021,C,No,4602,,
656,IEEE International Conference on Information and Automation,IEEE ICIA,CORE2021,National: China,No,4602,,
354,Conference of the Pacific Association for Computational Linguistics,PACLING,CORE2021,B,Yes,4602,,
1768,Summer Computer Simulation Conference,SCSC,CORE2021,B,Yes,4602,,
2219,CONFERENCE ON COMPUTER SCIENCE AND INTELLIGENCE SYSTEMS,FedCSIS,ICORE2026,C,Yes,4602,4612,4601
2326,International Conference on Computational Models of Argument,COMMA,ICORE2026,C,Yes,4602,,
495,European Conference on Symbolic and Quantitative Approaches to Reasoning with Uncertainty,ECSQARU,ICORE2026,C,Yes,4602,,
2171,Practical Applications of Agents and Multiagent Systems,PAAMS,ICORE2026,National: Spain,Yes,4602,4601,
922,"International Joint Conference on Autonomous Agents and Multiagent Systems (previously the International Conference on Multiagent Systems, ICMAS, changed in 2000)",AAMAS,ICORE2026,A,Yes,4602,,
507,International Conference on Modelling and Simulation,ECMS,ICORE2026,C,Yes,4602,,
2228,"International Conference on Analysis of Images, Social Networks and Texts",AIST,ICORE2026,National: Russia,Yes,4602,4603,4605
2314,"International Conference on Artificial Intelligence in Music, Sound, Art and Design",EvoMUSART,ICORE2026,C,Yes,4602,4607,4608
1033,International Conference on Formal Ontology in Information Systems,FOIS,ICORE2026,C,Yes,4602,4613,
1865,Winter Simulation Conference,WSC,ICORE2026,National/Regional,Yes,4602,,
2340,International Conference on Neurosymbolic Learning and Reasoning,NeSy,ICORE2026,C,Yes,4602,4611,4613
2212,The Symposium of Combinatorial Search,SoCS,ICORE2026,B,Yes,4602,,
2344,International Conference on Evolutionary Multi-Criterion Optimization,EMO,ICORE2026,C,Yes,4602,4608,
1240,International Conference on the Simulation and Synthesis of Living Systems,ALIFE,ICORE2026,C,Yes,4602,,
2226,"International Conference on Informatics in Control, Automation and Robotics",ICINCO,ICORE2026,C,Yes,4602,,
1195,International Joint Conference on Rough Sets (2014 International Conference on Rough Sets and Current Trends in Computing joined with 3 others),IJCRS (was RSCTC),ICORE2026,C,Yes,4602,,
1629,National Conference of the American Association for Artificial Intelligence,AAAI,ICORE2026,A*,Yes,4602,4603,4611
196,Association for Computational Linguistics,ACL,ICORE2026,A*,Yes,4602,,
216,Australasian Conference on Robotics and Automation,ACRA,ICORE2026,Australasian C,Yes,4602,4603,
224,Australasian Joint Conference on Artificial Intelligence,AI,ICORE2026,Australasian B,Yes,4602,4611,4603
2162,"International Conference on Artificial Intelligence: Methodology, Systems, Applications",AIMSA,ICORE2026,National: Bulgaria,Yes,4602,4611,
1966,Australasian Language Technology Workshop,ALTA,ICORE2026,Australasian C,Yes,4602,,
348,Conference of the Association for Machine Translation in the Americas,AMTA,ICORE2026,National/Regional,No,4602,,
349,Conference of the Association of Asian-Pacific Operational Research Societies,APORS,ICORE2026,C,No,4602,,
1355,International Symposium on Artificial Life and Robotics,AROB,ICORE2026,C,No,4602,,
1978,National Conference of The Australian Society for Operations Research,ASOR,ICORE2026,Australasian C,Yes,4602,,
595,IEEE Automatic Speech Recognition and Understanding Workshop,ASRU,ICORE2026,C,No,4602,,
918,International Conference on Automated Deduction,CADE,ICORE2026,A,Yes,4602,,
2223,International Cross-Domain Conference for Machine Learning and Knowledge Extraction,CD-MAKE,ICORE2026,C,Yes,4602,4611,4608
2061,IEEE Congress on Evolutionary Computation,CEC,ICORE2026,B,Yes,4602,,
1099,International Conference on Intelligent Text Processing and Computational Linguistics,CICLING,ICORE2026,C,Yes,4602,,
1458,International Workshop on Combinations of Intelligent Methods and Applications,CIMA,ICORE2026,C,No,4602,4611,4603
641,IEEE International Conference on Cybernetics and Intelligent Systems,CIS,ICORE2026,C,No,4602,,
1589,Latin American Conference on Informatics,CLEI,ICORE2026,C,Yes,4602,4612,4605
361,Conference on Combinatorial Optimization and Applications,COCOA,ICORE2026,C,Yes,4602,,
120,Annual Meeting of the Cognitive Science Society,CogSci,ICORE2026,B,Yes,4602,,
2160,"International Workshop on Coordination, Organizations, Institutions, Norms and Ethics for Governance of Multi-Agent Systems (Ethics added 2020)",COINE,ICORE2026,C,Yes,4602,,
949,International Conference on Computational Linguistics,COLING,ICORE2026,B,Yes,4602,,
371,Conference on Computational Natural Language Learning,CoNLL,ICORE2026,B,Yes,4602,4611,
1893,Workshop on Constraint Satisfaction for Planning and Scheduling,COPLAS,ICORE2026,C,No,4602,,
2308,Conference on Robot Learning,CoRL,ICORE2026,Unranked,Yes,4602,4611,4603
1175,International Conference on Principles and Practice of Constraint Programming,CP,ICORE2026,A,Yes,4602,,
1090,International Conference on Integration of Artificial Intelligence and Operations Research Techniques in Constraint Programming for Combinatorial Optimization Problems,CPAIOR,ICORE2026,B,Yes,4602,,
2229,Computer Sciences and Information Technologies,CSIT,ICORE2026,National,Yes,4602,4612,4605
2225,International Conference on Distributed Computing and Artificial Intelligence,DCAI,ICORE2026,National(Spain),Yes,4602,4606,
1812,The Theory and Application of Diagrams,DIAGRAMS,ICORE2026,C,Yes,4602,,
468,European Association for Computational Linguistics,EACL,ICORE2026,A,Yes,4602,,
352,Conference of the European Association for Machine Translation,EAMT,ICORE2026,C,Yes,4602,,
14,ACM Conference on Economics and Computation,EC,ICORE2026,A*,Yes,4602,4613,
473,European Conference on Artificial Intelligence,ECAI,ICORE2026,A,Yes,4602,4603,4611
2159,"EMAS (merger of DALT, AOSE and PROMAS)",EMAS,ICORE2026,B,Yes,4602,,
448,Empirical Methods in Natural Language Processing,EMNLP,ICORE2026,A*,Yes,4602,,
1682,Portuguese Conference on Artificial Intelligence,EPIA,ICORE2026,National: Portugal,Yes,4602,,
521,European Conference on Multi-Agent Systems,EUMAS,ICORE2026,C,Yes,4602,,
489,European Conference on Operations Research,EURO,ICORE2026,C,No,4602,,
481,European Conference on Genetic Programming,EUROGP,ICORE2026,B,Yes,4602,,
2217,Conference of the European Society for Fuzzy Logic and Technologies,EUSFLAT,ICORE2026,C,Yes,4602,4613,4601
2218,International Conference on Applications of Evolutionary Computation,EvoApplications,ICORE2026,B,Yes,4602,4611,4601
2195,European Conference on Evolutionary Computation in Combinatorial Optimisation,EvoCOP,ICORE2026,B,Yes,4602,,
538,Florida Artificial Intelligence Research Society Conference,FlAIRS,ICORE2026,National: USA,Yes,4602,,
1303,International FLINS Conference on Robotics and Artificial Intelligence (was International Fuzzy Logic and Intelligent technologies in Nuclear Science Conference),FLINS,ICORE2026,C,Yes,4602,,
546,Foundations of Genetic Algorithms,FOGA,ICORE2026,A,Yes,4602,,
649,IEEE International Conference on Fuzzy Systems,FUZZ-IEEE,ICORE2026,B,Yes,4602,,
556,Genetic and Evolutionary Computations,GECCO,ICORE2026,A,Yes,4602,,
1055,International Conference on Hybrid Artificial Intelligence Systems,HAIS,ICORE2026,National: Spain,No,4602,,
1056,International Conference on Hybrid Intelligent Systems,HIS,ICORE2026,C,No,4602,,
836,Innovative Applications in AI,IAAI,ICORE2026,C,No,4602,4601,
909,International Conference on Artificial Intelligence,IC-AI,ICORE2026,National: USA,No,4602,4611,
902,International Conference on Agents and Artificial Intelligence,ICAART,ICORE2026,B,Yes,4602,,
910,International Conference on Artificial Intelligence and Law,ICAIL,ICORE2026,C,No,4602,4601,
912,International Conference on Artificial Intelligence and Soft Computing,ICAISC,ICORE2026,National: Poland,No,4602,,
919,International Conference on Automated Planning and Scheduling,ICAPS,ICORE2026,A*,Yes,4602,,
977,"International Conference on Control, Automation, Robotics and Vision",ICARCV,ICORE2026,C,Yes,4602,4603,
928,International Conference on Case-Based Reasoning,ICCBR,ICORE2026,C,Yes,4602,,
942,International Conference on Computational Collective Intelligence,ICCCI,ICORE2026,B,Yes,4602,4606,
633,IEEE International Conference on Cognitive Informatics,ICCI,ICORE2026,C,No,4602,4611,
660,IEEE International Conference on Intelligent Computer Communication and Processing,ICCP,ICORE2026,National: Romania,No,4602,,
1145,International Conference on Natural Computation,ICNC,ICORE2026,National: China,No,4602,,
2220,International Conference on Operations Research and Enterprise Systems,ICORES,ICORE2026,C,Yes,4602,,
1160,International Conference on Optimization: Techniques And Applications,ICOTA,ICORE2026,C,No,4602,,
2051,IEEE International Conference on Robotics and Automation,ICRA,ICORE2026,A*,Yes,4602,CSE,
1251,International Conference on Tools with Artificial Intelligence,ICTAI,ICORE2026,B,Yes,4602,,
2179,The International Conference on Intelligent Environments,IE,ICORE2026,B,Yes,4602,,
1064,International Conference on Industrial and Engineering Applications of Artificial Intelligence and Expert Systems,IEA/AIE,ICORE2026,C,Yes,4602,4611,4603
693,IEEE International Symposium on Artificial Life,IEEE Alife,ICORE2026,C,Yes,4602,,
738,IEEE Symposium on Computational Intelligence in Control and Automation,IEEE CICA,ICORE2026,C,No,4602,,
661,IEEE International Conference on Intelligent Systems,IEEE IS,ICORE2026,C,No,4602,,
727,IEEE Swarm Intelligence Symposium,IEEE SIS,ICORE2026,C,No,4602,,
2062,Intelligent Vehicles Conference,IEEE-IV,ICORE2026,B,Yes,4602,,
240,Asia Pacific Symposium on Intelligent and Evolutionary Systems (was Australia-Japan Joint Workshop on  Intelligent and Evolutionary Systems),IES,ICORE2026,C,Yes,4602,,
814,IFSA World Congress,IFSA,ICORE2026,C,Yes,4602,,
1313,International Joint Conference on Artificial Intelligence,IJCAI,ICORE2026,A*,Yes,4602,4611,4603
1314,International Joint Conference on Automated Reasoning,IJCAR,ICORE2026,A,Yes,4602,4612,4613
2221,International Joint Conference on Computational Intelligence,IJCCI,ICORE2026,C,Yes,4602,4611,
1317,International Joint Conference on Natural Language Processing,IJCNLP,ICORE2026,B,No,4602,,
1071,International Conference on Information and Knowledge Engineering,IKE,ICORE2026,National: USA,No,4602,,
1391,International Symposium on Innovations in Intelligent Systems and Applications,INISTA,ICORE2026,C,No,4602,4601,
1327,International Natural Language Generation Conference,INLG,ICORE2026,B,Yes,4602,,
494,Interspeech (combined EuroSpeech and ICSLP in 2000),Interspeech,ICORE2026,A,No,4602,,
792,IEEE/RSJ International Conference on Intelligent Robots and Systems,IROS,ICORE2026,A,Yes,4602,CSE,
1354,International Symposium on Artificial Intelligence and Mathematics,ISAIM,ICORE2026,National: USA,Yes,4602,,
1358,International Symposium on Automation and Robotics in Construction,ISARC,ICORE2026,C,No,4602,,
820,Industrial Simulation Conference,ISC,ICORE2026,C,No,4602,4601,
1098,International Conference on Intelligent Systems Designs and Applications,ISDA,ICORE2026,C,No,4602,4601,
1097,International Conference on Intelligent Systems and Knowledge Engineering,ISKE,ICORE2026,National: China,No,4602,,
1380,International Symposium on Foundations of Intelligent Systems,ISMIS,ICORE2026,C,No,4602,,
1410,International Symposium on Robotics Research,ISRR,ICORE2026,C,Yes,4602,,
849,Intelligent Virtual Agents,IVA,ICORE2026,B,Yes,4602,4608,
2183,International Work-conference on the Interplay between Natural and Artificial Computation,IWINAC,ICORE2026,National,Yes,4602,,
1241,International Conference on the Statistical Analysis of Textual Data,JADT,ICORE2026,C,No,4602,,
1113,International Conference on Knowledge-Based and Intelligent Information and Engineering Systems,KES,ICORE2026,B,No,4602,,
1320,International KES Conference on Agents and Multiagent systems - Technologies and Applications,KES AMSTA,ICORE2026,C,No,4602,,
1579,KES International Symposium on Intelligent Decision Technologies,KES IDT,ICORE2026,C,No,4602,,
1239,International Conference on the Principles of Knowledge Representation and Reasoning,KR,ICORE2026,A*,Yes,4602,4613,
1112,"International Conference on Knowledge Science, Engineering and Management",KSEM,ICORE2026,C,Yes,4602,4605,
2227,"Language, Data and Knowledge",LDK,ICORE2026,C,Yes,4602,4605,4601
1120,International Conference on Logic Programming and Non-monotonic Reasoning,LPNMR,ICORE2026,B,Yes,4602,4613,
2092,Language Resources and Evaluation Conference,LREC,ICORE2026,B,Yes,4602,,
1506,International Workshop on MultiAgent Based Simulation,MABS,ICORE2026,C,No,4602,,
1140,International Conference on Modelling Decisions for Artificial Intelligence,MDAI,ICORE2026,B,No,4602,,
1291,International Congress on Modelling and Simulation,MODSIM,ICORE2026,Australasian C,No,4602,,
1618,Modelling and Optimization: Theory and Applications,MOPTA,ICORE2026,National: USA,No,4602,,
1599,Machine Translation Summit,MT SUMMIT,ICORE2026,C,Yes,4602,,
1648,North American Association for Computational Linguistics,NAACL,ICORE2026,A,Yes,4602,,
144,Applications of Natural Language to Data Bases,NLDB,ICORE2026,C,No,4602,4605,
1726,SIAM Conference on Optimization,OP,ICORE2026,C,No,4602,,
2224,International Conference on Practical Applications of Computational Biology & Bioinformatics,PACBB,ICORE2026,National(Spain),Yes,4602,4611,
1658,"Pacific Asia Conference on Language, Information and Computation",PACLIC,ICORE2026,C,Yes,4602,,
1664,Pacific Rim Knowledge Acquisition Workshop,PKAW,ICORE2026,C,Yes,4602,4611,4608
1661,Pacific Rim International Conference on Artificial Intelligence,PRICAI,ICORE2026,B,Yes,4602,,
1663,International Conference on Principles of Practice in Multi-Agent Systems (prior to 2009 was Pacific Rim International Workshop on Multi-Agents),PRIMA,ICORE2026,B,Yes,4602,,
1188,International Conference on Recent Advances in Natural Language Processing,RANLP,ICORE2026,National: bulgaria,No,4602,,
1708,Robot Soccer World Cup,RoboCup,ICORE2026,C,Yes,4602,,
2216,International Joint Conference on Rules and Reasoning,RuleML+RR,ICORE2026,B,Yes,4602,4613,4601
1352,International Symposium on Applied Computational Intelligence and Informatics,SACI,ICORE2026,National: Romania,No,4602,,
1353,International Symposium on Applied Machine Intelligence and Informatics,SAMI,ICORE2026,National: slovakia,No,4602,,
2222,Simulation and Synthesis in Medical Imaging,SASHIMI,ICORE2026,C,Yes,4602,4601,4603
1250,International Conference on Theory and Applications of Satisfiability Testing,SAT,ICORE2026,A,Yes,4602,4613,
1723,SGAI International Conference on Artificial Intelligence,SGAI,ICORE2026,National: UK,No,4602,,
1729,Annual Meeting of the Special Interest Group on Discourse and Dialog,SIGdial,ICORE2026,B,Yes,4602,,
1733,Simulation Technology and Training Conference,SimTecT,ICORE2026,Australasian C,No,4602,,
1394,International Symposium on Intelligent Systems and Informatics,SISY,ICORE2026,National: serbia,No,4602,,
229,Australasian Speech Science and Technology,SST,ICORE2026,Australasian C,Yes,4602,,
1424,International Symposium on Temporal Representation and Reasoning,TIME,ICORE2026,C,Yes,4602,,
346,Conference in Uncertainty in Artificial Intelligence,UAI,ICORE2026,A,Yes,4602,,
1536,International Workshop on the Algorithmic Foundations of Robotics,WAFR,ICORE2026,C,No,4602,,
794,IEEE/WIC/ACM International Conference on Web Intelligence (previously joint with Intelligent Agent Technology WI-IAT),WI,ICORE2026,B,Yes,4602,4605,
1392,International Symposium on Intelligent and Interactive Multimedia: Systems and Services,KES IIMSS,CORE2020,C,No,4603,,
1669,Pacific-Rim Conference on Multimedia,PCM,CORE2020,C,No,4603,,
2164,International Conference on Image Analysis and Recognition,ICIAR,CORE2021,C,Yes,4603,,
428,Digital Image Computing Techniques and Applications,DICTA,ICORE2026,Australasian C,Yes,4603,,
2333,International Conference on Image Processing Applications and Systems,IPAS,ICORE2026,C,Yes,4603,4602,CSE
2042,"IEEE International Conference on Acoustics, Speech and Signal Processing",ICASSP,ICORE2026,Multiconference,Yes,4603,,
2338,ACM International Conference on Multimedia in Asia,MM_Asia,ICORE2026,C,Yes,4603,4605,
2342,IEEE International Conference on Content-Based Multimedia Indexing,CBMI,ICORE2026,C,Yes,4603,4611,4602
2343,IEEE International Conference on Computational Photography,ICCP,ICORE2026,B,Yes,4603,,
167,Asian Conference on Computer Vision,ACCV,ICORE2026,B,No,4603,,
89,Advanced Concepts for Intelligent Vision Systems,ACIVS,ICORE2026,B,Yes,4603,,
37,ACM Multimedia,ACMMM,ICORE2026,A*,Yes,4603,,
2231,International Conference on Advanced Technologies For Signal & Image Processing,ATSIP,ICORE2026,National: Tunisia,Yes,4603,4605,
92,IEEE International Conference on Advanced Video and Signal Based Surveillance,AVSS,ICORE2026,B,Yes,4603,,
296,British Machine Vision Conference,BMVC,ICORE2026,A,Yes,4603,,
955,International Conference on Computer Analysis of Images and Patterns,CAIP,ICORE2026,C,Yes,4603,,
592,IberoAmerican Congress on Pattern Recognition,CIARP,ICORE2026,C,Yes,4603,4611,
321,Combinatorial Pattern Matching,CPM,ICORE2026,B,Yes,4603,,
604,IEEE Conference on Computer Vision and Pattern Recognition,CVPR,ICORE2026,A*,Yes,4603,,
1997,Digital Audio Effects Conference,DAFX,ICORE2026,C,No,4603,,
479,European Conference on Computer Vision,ECCV,ICORE2026,A*,Yes,4603,,
629,IEEE International Conference on Automatic Face and Gesture Recognition,FG,ICORE2026,B,Yes,4603,,
638,IEEE International Conference on Computer Vision,ICCV,ICORE2026,A*,Yes,4603,,
2232,International Conference on Computer Vision and Graphics,ICCVG,ICORE2026,National: Poland,Yes,4603,4607,4602
1035,International Conference on Frontiers of Handwriting Recognition,ICFHR,ICORE2026,B,No,4603,,
1058,International Conference on Image Analysis and Processing,ICIAP,ICORE2026,National: Italy,No,4603,,
654,IEEE International Conference on Image Processing,ICIP,ICORE2026,B,Yes,4603,,
1060,International Conference on Image and Signal Processing,ICISP,ICORE2026,C,Yes,4603,,
664,IEEE International Conference on Multimedia and Expo,ICME,ICORE2026,A,Yes,4603,,
44,International Conference on Multimedia Retrieval (previously MIR),ICMR,ICORE2026,B,Yes,4603,4605,
1124,International Conference on Machine Vision,ICMV,ICORE2026,C,Yes,4603,,
1169,International Conference on Pattern Recognition,ICPR,ICORE2026,B,No,4603,,
2230,International Conference on Pattern Recognition Applications and Methods,ICPRAM,ICORE2026,C,Yes,4603,,
964,International Conference on Computer Vision Systems,ICVS,ICORE2026,C,No,4603,,
735,IEEE Symposium on Computational intelligence for Multimedia Signal and Vision Processing,IEEE CIMSIVP,ICORE2026,C,No,4603,,
2305,International Joint Conference on Biometrics,IJCB,ICORE2026,B,Yes,4603,4604,4608
1321,International Machine Vision and Image Processing Conference,IMVIP,ICORE2026,National: ireland,No,4603,,
701,IEEE International Symposium on Multimedia,ISM,ICORE2026,C,No,4603,,
817,Image and Vision Computing Conference,IVCNZ,ICORE2026,Australasian C,Yes,4603,,
1460,International Workshop on Combinatorial Image Analysis: Theory and Applications,IWCIA,ICORE2026,C,No,4603,,
2233,Multimedia and Network Information Systems,MISSI,ICORE2026,National: Poland,Yes,4603,4607,4602
1143,International Conference on Multimedia Modelling,MMM,ICORE2026,B,Yes,4603,,
1508,International Workshop on Multimedia Signal Processing,MMSP,ICORE2026,C,Yes,4603,,
1600,Machine Vision Applications,MVA,ICORE2026,National: japan,No,4603,,
1331,International Picture Coding Symposium,PCS,ICORE2026,C,No,4603,,
1670,Pacific-Rim Symposium on Image and Video Technology,PSIVT,ICORE2026,C,Yes,4603,,
1194,"International Conference on Robotics, Vision, Signal Processing and Power Applications (was ROVPIA)",RoVISP,ICORE2026,National: Malaysia,No,4603,,
1766,Structural and Syntactical Pattern Recognition,SSPR,ICORE2026,B,Yes,4603,,
1757,IEEE International Conference on Visual Communications and Image Processing (was SPIE ... pre 2011),VCIP,ICORE2026,C,Yes,4603,,
958,"Joint Conference on Computer Vision, Imaging and Computer Graphics Theory and Applications (GRAPP and VISAPP combined from 2008)",VISIGRAPP,ICORE2026,Multiconference,Yes,4603,,
763,IEEE Workshop on Applications of Computer Vision,WACV,ICORE2026,A,Yes,4603,,
1457,International Workshop on Coding and Cryptography,WCC,CORE2020,B,No,4604,,
2235,New Technologies Mobility and Security,NTMS,CORE2021,C,Yes,4604,,
2207,International Conference on Principles of Security and Trust,POST,CORE2021,Unranked,Yes,4604,,
599,IEEE Computer Security Foundations Symposium (was CSFW),CSF,ICORE2026,A,Yes,4604,,
1198,International Conference on Security and Privacy for Communication Networks,SecureComm,ICORE2026,C,Yes,4604,,
2234,International Conference on Information Systems Security and Privacy,ICISSP,ICORE2026,C,Yes,4604,,
565,"GI International Conference on Detection of Intrusions and Malware, and Vulnerability Assessment",DIMVA,ICORE2026,B,Yes,4604,,
1475,International Workshop on Fast Software Encryption,FSE,ICORE2026,B,Yes,4604,,
907,International Conference on Applied Cryptography and Network Security,ACNS,ICORE2026,B,Yes,4604,,
1815,Theory of Cryptography Conference,TCC,ICORE2026,B,Yes,4604,4613,
212,Australasian Conference on Information Security and Privacy,ACISP,ICORE2026,Australasian B,Yes,4604,,
2313,ACM Conference on Security and Privacy in Wireless and Mobile Networks,ACM_WiSec,ICORE2026,B,Yes,4604,,
117,Annual Computer Security Applications Conference,ACSAC,ICORE2026,A,Yes,4604,,
222,Australasian Information Security Conference,AISC,ICORE2026,Australasian C,Yes,4604,,
923,"International Conference on Availability, Reliability and Security",ARES,ICORE2026,B,Yes,4604,,
61,"Asia Conference on Information, Computer and Communications Security",AsiaCCS,ICORE2026,A,Yes,4604,,
1243,International Conference on the Theory and Application of Cryptology and Information Security,ASIACRYPT,ICORE2026,A,Yes,4604,,
921,International Conference on Advanced and Trusted Computing (was International Conference on Autonomic and Trusted Computing),ATC,ICORE2026,C,No,4604,4606,4605
982,International Conference on Cryptology and Network Security,CANS,ICORE2026,B,No,4604,,
1737,Smart Card Research and Advanced Application Conference,CARDIS,ICORE2026,C,Yes,4604,,
12,ACM Conference on Computer and Communications Security,CCS,ICORE2026,A*,Yes,4604,,
826,Information Security Symposium,CERIAS,ICORE2026,National: USA,No,4604,,
1894,Workshop on Cryptographic Hardware and Embedded Systems,CHES,ICORE2026,A,Yes,4604,,
945,International Conference on Computational Intelligence and Security,CIS,ICORE2026,National: China,No,4604,,
327,Computational Intelligence in Security for Information Systems,CISIS,ICORE2026,National: Spain,No,4604,,
1193,International Conference on Risks and Security of Internet and Systems,CRiSIS,ICORE2026,C,No,4604,,
1463,International Workshop on Critical Information Infrastructures Security,CRITIS,ICORE2026,C,No,4604,,
94,Advances in Cryptology,CRYPTO,ICORE2026,A*,Yes,4604,,
1710,Cryptographers Track at RSA Conference,CT-RSA,ICORE2026,B,Yes,4604,,
992,"International Conference on Dependable, Autonomic and Secure Computing",DASC,ICORE2026,C,No,4604,,
2067,IFIP WG 11.3 Working Conference on Data and Applications Security (also known as DBSEC),DBSEC,ICORE2026,B,Yes,4604,,
2192,European Dependable Computing Conference,EDCC,ICORE2026,Unranked,Yes,4604,4612,4606
515,European Symposium On Research In Computer Security,ESORICS,ICORE2026,A,Yes,4604,,
1242,International Conference on the Theory and Application of Cryptographic Techniques,EuroCrypt,ICORE2026,A*,Yes,4604,,
2185,IEEE European Symposium on Security and Privacy,EuroS&P,ICORE2026,A,Yes,4604,,
533,Financial Cryptography and Data Security Conference,FC,ICORE2026,A,Yes,4604,,
1904,Workshop on Fault Diagnosis and Tolerance in Cryptography,FDTC,ICORE2026,C,No,4604,,
1388,International Symposium on Information Assurance and Security,IAS,ICORE2026,C,No,4604,,
1068,International Conference on Information and Communications Security,ICICS,ICORE2026,C,Yes,4604,,
1107,International Conference on Internet Monitoring and Protection,ICIMP,ICORE2026,C,No,4604,,
1077,International Conference on Information Security and Cryptology,ICISC,ICORE2026,National: Korea,No,4604,,
1081,International Conference on Information Systems Security,ICISS,ICORE2026,National: India,No,4604,,
739,IEEE Symposium on Computational Intelligence in Cyber Security,IEEE CICS,ICORE2026,C,No,4604,,
804,IFIP Information Security & Privacy Conference,IFIP SEC,ICORE2026,B,Yes,4604,,
1493,Information Hiding and Multimedia Security Workshop,IH&MMSec,ICORE2026,C,No,4604,,
816,IMA International Conference on Cryptography and Coding,IMACC,ICORE2026,C,Yes,4604,,
983,International Conference on Cryptology in India,INDOCRYPT,ICORE2026,National: India,No,4604,,
1736,SKLOIS Conference on Information Security and Cryptology,Inscrypt,ICORE2026,National: China,No,4604,,
2301,"International Conference on Internet of Things, Big Data and Security",IoTBDS,ICORE2026,C,Yes,4604,,
827,Information Security Conference,ISC,ICORE2026,C,Yes,4604,,
658,IEEE International Conference on Intelligence and Security Informatics,ISI,ICORE2026,C,No,4604,,
825,Information Security Practice and Experience Conference,ISPEC,ICORE2026,C,Yes,4604,,
1466,International Workshop on Digital Watermarking,IWDW,ICORE2026,C,No,4604,,
1525,International Workshop on Security,IWSEC,ICORE2026,National: Japan,No,4604,,
1840,Usenix Network and Distributed System Security Symposium,NDSS,ICORE2026,A*,Yes,4604,,
1642,New Security Paradigms Workshop,NSPW,ICORE2026,C,No,4604,,
1146,International Conference on network and System Security,NSS,ICORE2026,B,Yes,4604,,
1161,International Conference on Pairing-based Cryptography,Pairing,ICORE2026,C,No,4604,,
1442,Privacy Enhancing Technologies Symposium (was International Workshop of Privacy Enhancing Technologies),PETS,ICORE2026,A,Yes,4604,,
1279,International Conference on Practice and Theory in Public Key Cryptography,PKC,ICORE2026,B,Yes,4604,,
1514,International Workshop on Post-Quantum Cryptography,PQCrypto,ICORE2026,C,No,4604,,
1182,International Conference on Provable Security,ProvSec,ICORE2026,C,Yes,4604,,
1693,Privacy in Statistical Databases,PSD,ICORE2026,C,No,4604,,
127,"Annual Conference on Privacy, Security and Trust",PST,ICORE2026,C,No,4604,,
1408,"The International Symposium on Research in Attacks, Intrusions and Defenses (was International Symposium on Recent Advances in Intrusion Detection)",RAID,ICORE2026,A,Yes,4604,,
2236,International Symposium 'Problems of Redundancy in Information and Control Systems',Redundancy,ICORE2026,National Russia,Yes,4604,4613,
138,Selected Areas in Cryptography,SAC,ICORE2026,B,Yes,4604,,
1775,"ACM Symposium on Access Control Models and Technologies (previously ACM Workshop on Role-Based Access Control, RBAC, changed in 2000)",SACMAT,ICORE2026,C,No,4604,,
961,"International Conference on Computer Safety, Reliability and Security",SAFECOMP,ICORE2026,B,No,4604,,
797,"IFAC Symposium on Fault Detection, Supervision and Safety of Technical Processes",SAFEProcess,ICORE2026,C,No,4604,,
378,Conference on Security and Cryptography for Networks,SCN,ICORE2026,National: Italy,Yes,4604,,
1076,International Conference on Information Security and Cryptography,SECRYPT,ICORE2026,C,Yes,4604,,
1203,International Conference on Sequences and their Applications,SETA,ICORE2026,C,No,4604,4613,
1200,International Conference on Security of Information and Networks,SIN,ICORE2026,C,No,4604,,
750,IEEE Symposium on Security and Privacy,SP,ICORE2026,A*,Yes,4604,,
1794,"Symposium on Stabilization, Safety, and Security of Distributed Systems",SSS,ICORE2026,C,No,4604,,
1253,"International Conference on Trust, Privacy and Security in Digital Business",TrustBus,ICORE2026,B,Yes,4604,,
790,"International Conference on Trust, Security and Privacy in Computing and Communications",TrustCom,ICORE2026,B,Yes,4604,,
1837,Usable Security and Privacy,USEC,ICORE2026,National: USA,No,4604,4608,
1841,Usenix Security Symposium,USENIX-Security,ICORE2026,A*,Yes,4604,,
1494,International Workshop on Information Security Applications,WISA,ICORE2026,National: korea,No,4604,,
1867,Workshop in Information Security Theory and Practices,WISTP,ICORE2026,C,No,4604,,
1538,International Workshop on the Web and Databases,WebDB,CORE2020,National: USA,No,4605,,
156,Asia Information Retrieval Symposium,AIRS,CORE2021,C,Yes,4605,,
412,Database Programming Languages,DBPL,CORE2021,B,Yes,4605,,
2210,Semantics - International Conference on Semantic Systems,Semantics,ICORE2026,"Regional: Austria, Germany, Netherlands",Yes,4605,,
528,Extending Database Technology,EDBT,ICORE2026,B,Yes,4605,,
2021,Extended Semantic Web Conference (was European Semantic Web Conference),ESWC,ICORE2026,B,Yes,4605,,
2302,"International Conference on Data Science, Technology and Applications",DATA,ICORE2026,C,Yes,4605,4611,
1464,International Workshop on Data Warehousing and OLAP,DOLAP,ICORE2026,C,Yes,4605,,
1777,Symposium on Advances in DB and Information Systems,ADBIS,ICORE2026,C,Yes,4605,,
2335,ACM SIGIR Conference on Human Information Interaction And Retrieval,CHIIR,ICORE2026,B,Yes,4605,4608,
253,Australian Data Mining Conference,AusDM,ICORE2026,Australasian C,Yes,4605,4611,
988,International Conference on Database Systems for Advanced Applications,DASFAA,ICORE2026,B,Yes,4605,,
2188,Asian Conference on Intelligent Information and Database Systems,ACIIDS,ICORE2026,B,Yes,4605,4602,
219,Australasian Database Conference,ADC,ICORE2026,Australasian B,Yes,4605,,
1954,Australasian Document Computing Symposium,ADCS,ICORE2026,Australasian B,Yes,4605,,
888,International Conference on Advanced Data Mining and Applications,ADMA,ICORE2026,C,Yes,4605,4611,
178,Asia-Pacific Conference on Conceptual Modelling,APCCM,ICORE2026,Australasian C,No,4605,,
165,Web and Big Data,APWEB,ICORE2026,C,Yes,4605,,
2311,IEEE/ACM International Conference on Advances in Social Networks Analysis and Mining,ASONAM,ICORE2026,B,Yes,4605,4608,4611
2274,IEEE International Conference on Big Data,BigData,ICORE2026,B,Yes,4605,4611,4602
2243,"Datenbanksysteme für Business, Technologie und Web",BTW,ICORE2026,National:Germany,Yes,4605,,
891,International Conference on Advanced Information Systems Engineering,CaiSE,ICORE2026,A,Yes,4605,,
731,IEEE Symposium on Computational Intelligence and Data Mining,CIDM,ICORE2026,C,No,4605,4611,
369,Conference on Innovative Data Systems Research,CIDR,ICORE2026,A,No,4605,,
25,ACM International Conference on Information and Knowledge Management,CIKM,ICORE2026,A,Yes,4605,4602,
1125,International Conference on Management of Data,COMAD,ICORE2026,National: India,Yes,4605,,
2238,International Workshop on Data Management on New Hardware,DaMoN,ICORE2026,C,Yes,4605,,
1998,International Workshop on Document Analysis Systems,DAS,ICORE2026,B,Yes,4605,,
410,Data Warehousing and Knowledge Discovery,DaWaK,ICORE2026,B,Yes,4605,4611,
861,International Baltic Conference on Databases and Information Systems,DB&IS,ICORE2026,Regional - Baltic,No,4605,,
1004,International Conference on Dublin Core and Metadata Applications,DC,ICORE2026,C,No,4605,,
408,Data Compression Conference,DCC,ICORE2026,B,Yes,4605,,
987,International Conference on Database and Expert Systems Applications,DEXA,ICORE2026,C,Yes,4605,4602,
2003,ACM Symposium on Document Engineering,DocEng,ICORE2026,B,Yes,4605,,
2237,IEEE International Conference on Data Science and Advanced Analytics,DSAA,ICORE2026,B,Yes,4605,4611,
483,European Conference on Information Retrieval,ECIR,ICORE2026,A,Yes,4605,,
524,European-Japanese Conference on Information Modelling and Knowledge Bases,EJC,ICORE2026,C,No,4605,,
1110,International Conference on Knowledge Engineering and Knowledge Management,EKAW,ICORE2026,B,Yes,4605,,
971,International Conference on Conceptual Modelling,ER,ICORE2026,A,Yes,4605,,
1839,Conference on File and Storage Technologies,FAST,ICORE2026,A,No,4605,,
537,Flexible Query-Answering Systems,FQAS,ICORE2026,C,No,4605,,
1072,International Conference on Information Fusion,FUSION,ICORE2026,C,No,4605,,
1439,International Wordnet Conference (Global Wordnet Conference),GWC,ICORE2026,C,No,4605,4602,
1316,"International Joint Conference on Knowledge Discovery, Knowledge Engineering and Knowledge Management",IC3K,ICORE2026,C,Yes,4605,,
2047,IEEE International Conference on Document Analysis and Recognition,ICDAR,ICORE2026,A,Yes,4605,,
986,International Conference on Data Engineering,ICDE,ICORE2026,A*,Yes,4605,,
642,IEEE International Conference on Data Mining,ICDM,ICORE2026,A*,Yes,4605,4611,
2182,IEEE International Conference on Data Science and Engineering,ICDSE,ICORE2026,National:India,Yes,4605,4611,
989,International Conference on Database Theory,ICDT,ICORE2026,A,Yes,4605,,
2307,International Conference on Process Mining,ICPM,ICORE2026,B,Yes,4605,4602,
2202,International Conference on the Theory of Information Retrieval,ICTIR,ICORE2026,Unranked,Yes,4605,,
1269,International Conference on Web Engineering,ICWE,ICORE2026,B,Yes,4605,,
845,Intelligent Data Analysis,IDA,ICORE2026,B,Yes,4605,4611,
1297,International Database Engineering and Applications Symposium,IDEAS,ICORE2026,C,Yes,4605,,
1073,International Conference on Information Processing and Management of Uncertainty,IPMU,ICORE2026,C,Yes,4605,4602,
657,IEEE International Conference on Information Reuse and Integration,IRI,ICORE2026,National: USA,No,4605,4602,
1338,International Semantic Web Conference,ISWC,ICORE2026,A,Yes,4605,,
1582,Knowledge capture,K-CAP,ICORE2026,B,Yes,4605,4602,
26,ACM International Conference on Knowledge Discovery and Data Mining,KDD,ICORE2026,A*,Yes,4605,4611,
1111,International Conference on Knowledge Engineering and Ontology Development,KEOD,ICORE2026,C,Yes,4605,,
1133,International Conference on Mobile Data Management,MDM,ICORE2026,B,Yes,4605,4606,
2239,International Conference on Model and Data Engineering,MEDI,ICORE2026,C,Yes,4605,4601,
1667,Pacific-Asia Conference on Knowledge Discovery and Data Mining,PAKDD,ICORE2026,B,Yes,4605,,
46,ACM SIGMOD-SIGACT-SIGART Conference on Principles of Database Systems,PODS,ICORE2026,A*,Yes,4605,,
28,ACM International Conference on Recommender Systems,RecSys,ICORE2026,A,Yes,4605,,
1727,SIAM International Conference on Data Mining,SDM,ICORE2026,A,Yes,4605,,
29,ACM International Conference on Research and Development in Information Retrieval,SIGIR,ICORE2026,A*,Yes,4605,,
56,ACM Special Interest Group on Management of Data Conference,SIGMOD,ICORE2026,A*,Yes,4605,,
2240,International Conference on Similarity Search and Applications,SISAP,ICORE2026,B,Yes,4605,,
1418,International Symposium on String Processing and Information Retrieval,SPIRE,ICORE2026,C,Yes,4605,,
1197,International Conference on Scientific and Statistical Data Base Management,SSDBM,ICORE2026,B,Yes,4605,,
2013,International Conference on Theory and Practice of Digital Libraries (was ECDL until 2010),TPDL,ICORE2026,B,Yes,4605,,
1261,International Conference on Very Large Databases,VLDB,ICORE2026,A*,Yes,4605,,
1271,International Conference on Web Information Systems Engineering,WISE,ICORE2026,B,Yes,4605,4606,
31,ACM International Conference on Web Search and Data Mining,WSDM,ICORE2026,A,Yes,4605,4611,
1406,"International Symposium on Parallel Architectures, Algorithms and Networks",I-SPAN,CORE2020,B,No,4606,,
2144,Unix Symposium on Internet Technologies,USITS,CORE2020,A,No,4606,,
886,International Conference on AD-HOC Networks and Wireless,ADHOC-NOW,CORE2021,C,Yes,4606,,
630,IEEE International Conference on Autonomic Computing,ICAC,CORE2021,B,Yes,4606,,
2250,Wireless Days,WD,CORE2021,C,Yes,4606,,
2253,International Science Conference on Computer Networks,CN,CORE2021,National:Poland,Yes,4606,4604,
2256,International Conference Information Systems Architecture and Technology,ISAT,CORE2021,National:Poland,Yes,4606,4612,4601
142,Application of Concurrency to System Design,ACSD,CORE2021,B,Yes,4606,,
472,European Conference on Ambient Intelligence,AmI,CORE2021,C,No,4606,4608,4602
75,ACM/IEEE International Conference on Distributed Smart Cameras,ICDSC,CORE2021,B,No,4606,,
653,IEEE International Conference on High Performance Computing and Simulation,IEEE HPCS,CORE2021,B,Yes,4606,4602,
1674,Parallel Computing,PARCO,CORE2021,C,No,4606,,
1202,International Conference on Semantics Knowledge and Grid,SKG,CORE2021,National: China,No,4606,,
673,IEEE International Conference on Service-Oriented Computing and Applications,SOCA,CORE2021,C,No,4606,,
823,Information Processing in Sensor Networks,IPSN,CORE2023,A*,Yes,4606,,
1340,ISC High Performance (was International Supercomputing Conference),ISC,ICORE2026,National/Regional,Yes,4606,CSE,
2306,IFIP/IEEE International Conference on Performance Evaluation and Modeling in Wired and Wireless Networks,PEMWN,ICORE2026,C,Yes,4606,,
1131,International Conference on Mobile and Ubiquitous Systems: Networks and Services,Mobiquitous,ICORE2026,C,Yes,4606,,
2330,Advances in Financial Technologies,AFT,ICORE2026,B,Yes,4606,4604,
463,Euromicro Conference on Real-Time Systems,ECRTS,ICORE2026,B,Yes,4606,,
2332,International Conference on Cloud Engineering,IC2E,ICORE2026,B,Yes,4606,,
1001,International Conference on Distributed Computing and Networking,ICDCN,ICORE2026,National: India,Yes,4606,,
899,International Conference on Advances in Mobile Computing and Multimedia,MOMM,ICORE2026,C,Yes,4606,,
678,IEEE International Conference on Web Services,ICWS,ICORE2026,A,Yes,4606,,
2336,ACM Multimedia Systems Conference,MMSys,ICORE2026,A,Yes,4606,4603,4607
787,IEEE/IFIP International Conference on Dependable Systems and Networks,DSN,ICORE2026,A,Yes,4606,CSE,
933,"International Conference on Collaborative Computing: Networks, Applications and Worksharing",CollaborateCom,ICORE2026,C,Yes,4606,,
2297,International Conference on Model-Driven Engineering and Software Development,MODELSWARD,ICORE2026,C,Yes,4606,4612,
2298,"International Conference on Simulation and Modeling Methodologies, Technologies and Applications",SIMULTECH,ICORE2026,C,Yes,4606,,
695,"IEEE International Symposium on Cluster, Cloud and Grid Computing",CCGRID,ICORE2026,B,Yes,4606,,
632,IEEE International Conference on Cluster Computing,CLUSTER,ICORE2026,C,Yes,4606,,
1701,Real Time Systems Symposium,RTSS,ICORE2026,A,Yes,4606,,
2257,International Conference on Wireless Networks and Mobile Communications,WINCOM,ICORE2026,C,Yes,4606,,
16,International Conference on Embedded Software,EMSOFT,ICORE2026,Journal Published,Yes,4606,,
691,"IEEE International Symposium on a World of Wireless, Mobile and Multimedia Networks",WoWMoM,ICORE2026,C,Yes,4606,,
2244,International Conference on Indoor Positioning and Indoor Navigation,IPIN,ICORE2026,C,Yes,4606,4601,
162,Asia and South Pacific Design Automation Conference,ASPDAC,ICORE2026,B,Yes,4606,,
525,Eurosys Conference,EuroSys,ICORE2026,A,Yes,4606,,
1909,Workshop on Job Scheduling Strategies for Parallel Processing,JSSPP,ICORE2026,C,Yes,4606,,
15,ACM Conference on Embedded Networked Sensor Systems,SENSYS,ICORE2026,unranked: merged,Yes,4606,,
58,ACM Symposium on Mobile Ad Hoc Networking and Computing,MOBIHOC,ICORE2026,B,Yes,4606,,
189,"Asilomar Conference on Signals, Systems and Computing",ACSSC,ICORE2026,National: USA,No,4606,,
887,International Conference on Advanced Computing and Communications,AdCom,ICORE2026,National: India,No,4606,,
890,International Conference on Advanced Information Networking and Applications (was ICOIN),AINA,ICORE2026,B,No,4606,,
1447,International Symposium on Algorithms and Experiments for  Wireless Networks,Algosensors,ICORE2026,C,Yes,4606,,
2189," International Conference on Ambient Systems, Networks and Technologies",ANT,ICORE2026,Unranked,Yes,4606,,
159,Asia Pacific Conference on Communications,APCC,ICORE2026,C,Yes,4606,,
184,Asia-Pacific Network Operations and Management Symposium,APNOMS,ICORE2026,C,No,4606,,
185,Asia-Pacific Services Computing Conference,APSCC,ICORE2026,C,Yes,4606,,
231,Australasian Symposium on Parallel and Distributed Computing (was AusGrid),AusPDC,ICORE2026,Australasian C,Yes,4606,,
925,"International Conference on Broadband Communications, Networks and Systems",Broadnets,ICORE2026,C,Yes,4606,,
937,"International Conference on Compilers, Architecture, and Synthesis for Embedded Systems",CASES,ICORE2026,Journal published,Yes,4606,,
936,International Conference on Compiler Construction,CC,ICORE2026,B,Yes,4606,,
2251,IEEE International Conference on Cloud Computing in Emerging Markets,CCEM,ICORE2026,National:India,Yes,4606,4602,4605
939,"International Conference on Complex, Intelligent and Software Intensive Systems",CISIS,ICORE2026,C,No,4606,,
368,Conference on Information Sciences and Systems,CISS,ICORE2026,National: USA,No,4606,,
2300,International Conference on Cloud Computing and Services Science,CLOSER,ICORE2026,C,Yes,4606,,
631,IEEE International Conference on Cloud Computing,CLOUD,ICORE2026,B,Yes,4606,,
931,IEEE International Conference on Cloud Computing Technology and Science (International Conference on Cloud Computing pre 2010),CloudCom,ICORE2026,C,No,4606,,
813,International Conference on Network and Service Management (amalgamation of DSOM and related workshops from 2010),CNSM,ICORE2026,B,Yes,4606,,
2184,IEEE Conference on Cognitive and Computational Aspects of Situation Management ,CogSIMA,ICORE2026,National:USA,Yes,4606,,
2254,International Conference on COMmunication Systems & NETworkS,COMSNETS,ICORE2026,National:India,Yes,4606,4604,
24,ACM International Conference on Emerging Networking Experiments and Technologies,CoNEXT,ICORE2026,A,No,4606,,
980,International Conference on Coordination Models and Languages,Coordination,ICORE2026,C,Yes,4606,,
801,IFIP International Conference on Distributed Applications and Interoperable Systems,DAIS,ICORE2026,C,Yes,4606,,
644,IEEE International Conference on Distributed Computing in Sensor Systems,DCOSS,ICORE2026,B,No,4606,,
991,International Conference on Dependability of Computer Systems,DEPCoS,ICORE2026,National: Poland,No,4606,,
1374,International Symposium on Distributed Computing (was WDAG),DISC,ICORE2026,A,Yes,4606,,
696,International Symposium on Distributed Simulation and Real Time Applications,DS-RT,ICORE2026,C,Yes,4606,4602,4608
648,IEEE International Conference on e-Science and Grid Computing,e-Science,ICORE2026,B,Yes,4606,4601,4612
2170,EURO AMERICAN CONFERENCE ON TELEMATICS AND INFORMATION SYSTEMS,EATIS,ICORE2026,C,Yes,4606,4608,
682,IEEE International Enterprise Distributed Object Computing Conference,EDOC,ICORE2026,B,Yes,4606,,
788,IEEE/IFIP International Conference on Embedded and Ubiquitous Computing,EUC,ICORE2026,C,No,4606,,
505,European MPI Users' Group Conference,EuroMPI,ICORE2026,C,No,4606,,
2022,International European Conference on Parallel and Distributed Computing (was International Conference on Parallel Processing),EuroPar,ICORE2026,B,Yes,4606,,
2194,International Conference on Emerging Ubiquitous Systems and Pervasive Networks,EUSPN,ICORE2026,Unranked,Yes,4606,,
497,International Conference on Embedded Wireless Systems and Networks (wasEuropean Conference on Wireless Sensor Networks),EWSN,ICORE2026,B,Yes,4606,,
2197,The International Conference on Future Networks and Communications,FNC,ICORE2026,Unranked,Yes,4606,,
2247,IEEE Conference of the Open Innovations Association FRUCT,FRUCT,ICORE2026,Regional,Yes,4606,4613,
620,IEEE Global Internet Symposium,GI,ICORE2026,C,No,4606,,
2030,IEEE Global Telecommunications Conference ,GLOBECOM,ICORE2026,B,No,4606,,
1044,"International Conference on Green, Pervasive and Cloud Computing (was Grid and Pervasive Computing)",GPC,ICORE2026,C,No,4606,,
1878,Workshop on Applications of Graph Theory in Wireless Ad hoc Networks and Sensor Networks,Graph-hoc,ICORE2026,C,No,4606,,
579,Heterogeneity in Computing Workshop,HCW,ICORE2026,C,No,4606,,
1048,International Conference on High Performance Computing,HiPC,ICORE2026,National: India,Yes,4606,,
1487,International Workshop on High-Level Parallel Programming Models and Supportive Environments,HIPS,ICORE2026,C,No,4606,,
1486,International workshop on High-Level Parallel Programming and Applications,HLPP,ICORE2026,C,No,4606,,
2033,Symposium on High Performance Chips ,HOTCHIPS (HCS),ICORE2026,C,Yes,4606,,
746,IEEE Symposium on High-Performance Interconnects,HOTI,ICORE2026,National: USA,No,4606,,
1914,Workshop on Mobile Computing Systems and Applications,HOTMOBILE,ICORE2026,National: USA,No,4606,,
69,ACM Workshop on Hot Topics in Networks,HOTNETS,ICORE2026,National: USA,No,4606,,
1845,USENIX Workshop on Hot Topics in Operating Systems,HotOS,ICORE2026,A,Yes,4606,,
873,International Conference and Exhibition on High Performance Computing in the Asia-Pacific Region,HPC Asia,ICORE2026,C,Yes,4606,,
652,IEEE International Conference on High Performance Computing and Communications,HPCC,ICORE2026,C,Yes,4606,,
33,ACM International Symposium on High Performance Distributed Computing,HPDC,ICORE2026,A,No,4606,CSE,
1050,International Conference on High Performance Scientific Computing,HPSC,ICORE2026,National: Vietnam,No,4606,,
771,IEEE Workshop on High Performance Switching and Routing,HPSR,ICORE2026,C,No,4606,,
905,International Conference on Algorithms and Architectures for Parallel Processing,ICA3PP,ICORE2026,C,Yes,4606,,
2304,IEEE International Conference on Blockchain and Cryptocurrency,ICBC,ICORE2026,C,Yes,4606,4604,4612
2038,International Conference on Computer Communication and Networks,ICCCN,ICORE2026,B,Yes,4606,,
2046,International Conference on Communication Systems and Applications,ICCSA,ICORE2026,C,No,4606,,
1000,International Conference on Distributed Computing and Internet Technologies,ICDCIT,ICORE2026,National: India,No,4606,,
1002,International Conference on Distributed Computing Systems,ICDCS,ICORE2026,A,Yes,4606,,
2248,IEEE International Conference on Fog and Edge Computing,ICFEC,ICORE2026,C,Yes,4606,4601,
1106,International Conference on Internet Computing in Science and Engineering,ICICSE,ICORE2026,C,Yes,4606,,
2201,"Conference on Innovation in Clouds, Internet and Networks",ICIN,ICORE2026,National: France,Yes,4606,,
1104,International Conference on Internet and Web Applications and Services,ICIW,ICORE2026,C,No,4606,4605,
1147,International Conference on Network Protocols,ICNP,ICORE2026,B,Yes,4606,,
1164,International Conference on Parallel and Distributed Systems,ICPADS,ICORE2026,B,No,4606,,
1167,International Conference on Parallel Processing,ICPP,ICORE2026,B,Yes,4606,,
1204,International Conference on Service Oriented Computing,ICSOC,ICORE2026,A,Yes,4606,,
2203,Intelligent Distributed Computing,IDC,ICORE2026,Unranked,Yes,4606,,
616,IEEE Consumer Communications and Networking Conference,IEEE CCNC,ICORE2026,B,No,4606,,
674,IEEE International Conference on Software Services Engineering (previously IEEE International Conference on Services Computing SCC),IEEE SSE,ICORE2026,B,Yes,4606,,
812,IFIP/IEEE International Symposium on Integrated Management (even years sharing with NOMS),IM,ICORE2026,B,Yes,4606,,
1551,Internet Measurement Conference,IMC,ICORE2026,A,No,4606,,
2074,IEEE International Conference on Computer Communications,INFOCOM,ICORE2026,A*,Yes,4606,,
1329,International Network Optimization Conference,INOC,ICORE2026,C,No,4606,,
689,IEEE International Performance Computing and Communications Conference,IPCCC,ICORE2026,C,Yes,4606,,
688,IEEE International Parallel and Distributed Processing Symposium (was IPPS and SPDP),IPDPS,ICORE2026,A,Yes,4606,CSE,
1359,International Symposium on Autonomous Decentralized Systems,ISADS,ICORE2026,C,No,4606,,
744,IEEE Symposium on Computers and Communications,ISCC,ICORE2026,C,Yes,4606,,
1385,International Symposium on Grids and Clouds (was International Symposium on Grid Computing),ISGC,ICORE2026,C,No,4606,,
1400,International Symposium on Memory Management,ISMM,ICORE2026,C,Yes,4606,4612,
2204,"International Symposium on Networks, Computers and Communications",ISNCC,ICORE2026,C,Yes,4606,,
703,IEEE International Symposium on Real-Time Distributed Computing,ISORC,ICORE2026,C,Yes,4606,,
704,IEEE International Symposium on Parallel and Distributed Processing with Applications,ISPA,ICORE2026,C,Yes,4606,,
1405,International Symposium on Parallel and Distributed Computing,ISPDC,ICORE2026,C,No,4606,,
2214,International Teletraffic Congress,ITC,ICORE2026,Unranked,Yes,4606,,
269,International Telecommunication Networks and Applications Conference (was Australian Telecommunication Networks and Applications Conference),ITNAC,ICORE2026,Australasian C,Yes,4606,,
34,ACM International Wireless Communications and Mobile Computing Conference,IWCMC,ICORE2026,B,Yes,4606,,
717,IEEE International Workshop on Quality of Service,IWQoS,ICORE2026,B,No,4606,,
2088,IEEE LAN/MAN Workshop,LANMAN,ICORE2026,C,No,4606,,
607,IEEE Conference on Local Computer Networks,LCN,ICORE2026,B,Yes,4606,,
49,"ACM SIGPLAN Conference on Languages, Compilers and Tools for Embedded Systems",LCTES,ICORE2026,B,Yes,4606,,
1771,Symposium Model Analysis and Simulation of Computer and Telecommunications Systems,MASCOTS,ICORE2026,B,Yes,4606,,
663,IEEE International Conference on Mobile Ad-hoc and Sensor Systems,MASS,ICORE2026,B,No,4606,,
2205,International Conference on Management of Digital EcoSystems,MEDES,ICORE2026,C,Yes,4606,,
2097,Malaysia International Conference on Communications ,MICC,ICORE2026,Regional,No,4606,,
79,ACM/IFIP/USENIX International Middleware Conference,Middleware,ICORE2026,A,Yes,4606,,
27,ACM International Conference on Mobile Computing and Networking,MOBICOM,ICORE2026,A*,Yes,4606,,
2206,International Conference on Mobile Systems and Pervasive Computing,MobiSPC,ICORE2026,Unranked,Yes,4606,,
45,"ACM SIGMOBILE International Conference on Mobile Systems, Applications and Services",Mobisys,ICORE2026,A,Yes,4606,,
608,IEEE Conference on Mass Storage Systems and Technologies,MSST,ICORE2026,National: USA,No,4606,,
76,"ACM/IEEE International Conference on Modelling, Analysis and Simulation of Wireless and Mobile Systems",MSWIM,ICORE2026,A,Yes,4606,,
1425,International Symposium on the Mathematical Theory of Networks and Systems,MTNS,ICORE2026,C,No,4606,,
702,IEEE International Symposium on Network Computing and Applications,NCA,ICORE2026,B,Yes,4606,,
2245,International Conference on Network Softwarization,NetSoft,ICORE2026,B,Yes,4606,4612,
806,IFIP International Conference on Networking,Networking,ICORE2026,B,Yes,4606,,
723,IEEE Network Operations and Management Symposium,NOMS,ICORE2026,B,Yes,4606,,
1638,Network and Operating System Support for Digital Audio and Video,NOSSDAV,ICORE2026,B,Yes,4606,,
810,IFIP International Conference on Network and Parallel Computing,NPC,ICORE2026,C,No,4606,,
1789,"Symposium on Networked Systems, Design and Implementation",NSDI,ICORE2026,National: USA,No,4606,,
1177,International Conference on Principles of Distributed Systems,OPODIS,ICORE2026,B,No,4606,,
1842,Usenix Symposium on Operating Systems Design and Implementation,OSDI,ICORE2026,A*,Yes,4606,,
1165,International Conference on Parallel Architecture and Compilation Techniques,PACT,ICORE2026,B,Yes,4606,,
78,ACM SIGSIM Conference on Principles of Advanced Discrete Simulation (was Parallel and Distributed Simulation),PADS,ICORE2026,B,Yes,4606,,
1678,Passive and Active Measurement Conference,PAM,ICORE2026,B,No,4606,,
1162,"International Conference on Parallel and Distributed Computing, Applications and Technologies",PDCAT,ICORE2026,C,Yes,4606,,
465,"Euromicro International Conference on Parallel, Distributed and Network Based Processing",PDP,ICORE2026,C,No,4606,,
1163,International Conference on Parallel and Distributed Processing Techniques and Applications,PDPTA,ICORE2026,National: USA,No,4606,,
1237,International Conference on the Application and Theory of Petri Nets and Concurrency,Petri Nets,ICORE2026,B,No,4606,,
706,IEEE International Symposium on Personal and Indoor Mobile Radio Conference,PIMRC,ICORE2026,B,No,4606,,
1927,Workshop on Programming Languages and Operating Systems,PLOS,ICORE2026,C,Yes,4606,4612,
63,ACM Symposium on Principles of Distributed Computing,PODC,ICORE2026,A*,Yes,4606,,
1168,International Conference on Parallel Processing and Applied Mathematics,PPAM,ICORE2026,National: Poland,No,4606,,
1691,Principles and Practice of Parallel Programming,PPoPP,ICORE2026,B,Yes,4606,,
809,IFIP Working Conferences on Virtual Enterprises,PRO-VE,ICORE2026,C,No,4606,4601,
1184,"International Conference on Heterogeneous Networking for Quality, Reliability, Security and Robustness (was International Conference on Quality of Service in Heterogeneous Wired/Wireless Networks)",Qshine,ICORE2026,C,Yes,4606,,
725,IEEE Real-Time and Embedded Technology and Applications Symposium,RTAS,ICORE2026,A,Yes,4606,,
1186,International Conference on Embedded and Real Time Computing Systems and Applications,RTCSA,ICORE2026,B,Yes,4606,,
2249,International Conference on Real-Time and Network Systems,RTNS,ICORE2026,National: France,Yes,4606,4612,
1370,International Symposium on Computer Architecture and High Performance Computing,SBAC-PAD,ICORE2026,C,Yes,4606,,
1529,International Workshop on Software and Compilers for Embedded Systems,SCOPES,ICORE2026,C,Yes,4606,,
2246,ACM/IEEE Symposium on Edge Computing,SEC,ICORE2026,unranked,Yes,4606,,
610,"IEEE International Conference on Sensing, Communication and Networking",SECON,ICORE2026,B,No,4606,,
615,IEEE Congress on Services,SERVICES,ICORE2026,B,No,4606,,
11,"ACM Conference on Applications, Technologies, Architectures, and Protocols for Computer Communication",SIGCOMM,ICORE2026,A*,Yes,4606,,
381,Conference on Software in Telecommunications and Computer Networks,SOFTCOM,ICORE2026,National: Croatia,No,4606,,
48,ACM SIGOPS Symposium on Operating Systems Principles,SOSP,ICORE2026,A*,Yes,4606,,
1790,Symposium on Parallelism in Algorithms and Architectures,SPAA,ICORE2026,B,Yes,4606,,
1792,Symposium on Reliable Distributed Systems,SRDS,ICORE2026,B,Yes,4606,,
2255,The ACM International System and Storage Conference,SYSTOR,ICORE2026,National:Israel,Yes,4606,4605,
1802,Testbeds and Research Infrastructures for the Development of Networks and Communities,TridentCom,ICORE2026,National: China,Yes,4606,,
1134,"International Conference on Mobile Ubiquitous Computing, Systems, Services and Technologies",UBICOMM,ICORE2026,C,Yes,4606,,
2252,Utility and Cloud Computing,UCC,ICORE2026,Unranked,Yes,4606,4605,4601
1254,International Conference on Ubiquitous Intelligence and Computing,UIC,ICORE2026,C,Yes,4606,4608,
1838,Usenix Annual Technical Conference,USENIX,ICORE2026,A,No,4606,,
2213,The International Conference on Verification and Evaluation of Computer and Communication Systems ,VECoS,ICORE2026,C,Yes,4606,4613,4612
1262,International Conference on Virtual Execution Environments,VEE,ICORE2026,B,Yes,4606,,
2299,International Conference on Vehicle Technology and Intelligent Transport Systems,VEHITS,ICORE2026,C,Yes,4606,4602,
1267,International Conference on VLSI Design,VLSID,ICORE2026,National: India,No,4606,,
757,IEEE Vehicular Technology Conference,VTC,ICORE2026,B,Yes,4606,,
760,IEEE Wireless Communications and Networking Conference,WCNC,ICORE2026,B,No,4606,,
1546,International Workshops on Enabling Technologies: Infrastructures for Collaborative Enterprises,WETICE,ICORE2026,C,Yes,4606,4608,
679,"IEEE International Conference on Wireless and Mobile Computing, Networking and Communications",WiMob,ICORE2026,B,Yes,4606,,
1401,"International Symposium on Modelling and Optimization in Mobile, Ad Hoc, and Wireless Networks",WiOpt,ICORE2026,B,Yes,4606,,
1548,International World Wide Web Conference,WWW,ICORE2026,A*,Yes,4606,4605,
1264,International Conference on Virtual Systems and MultiMedia,VSMM,CORE2020,B,Yes,4607,,
998,International Conference on Discrete Geometry for Computer Imagery,DGCI,CORE2021,C,No,4607,4603,
2327,ACM SIGGRAPH conference on Motion Interaction and Games,MIG,ICORE2026,C,Yes,4607,4611,
917,"ArtsIT, Interactivity & Game Creation (was International Conference on Arts and Technology)",ArtsIT,ICORE2026,C,Yes,4607,4608,
957,SIGGRAPH Asia,SiggraphA,ICORE2026,A*,Yes,4607,4603,4608
42,ACM SIGGRAPH/Eurographics Symposium on Computer Animation,SCA,ICORE2026,B,Yes,4607,4603,
67,ACM Virtual Reality Software and Technology,VRST,ICORE2026,B,Yes,4607,,
458,Euro XR International Conference (was Euro VR),Euro XR,ICORE2026,C,Yes,4607,4608,
732,Conference on Games (was Computational Intelligence and Games CIG),COG,ICORE2026,C,Yes,4607,4608,
2161,International Conference on Interactive Digital Storytelling (2008 merger of 'ICVS International Conference on Virtual Storytelling' and 'TIDSE Technology for Interactive Digital Storytelling'),ICIDS,ICORE2026,C,Yes,4607,4608,
23,"ACM International Conference on Advances in Computer Entertainment (merged with DIMEA, Digital Interactive Media in Entertainment and Arts, in 2009)",ACE,ICORE2026,C,No,4607,4608,
333,"Computer Animation, Information Visualisation, and Digital Effects",CAivDE,ICORE2026,C,No,4607,4603,
335,Computer Graphics International,CGI,ICORE2026,C,Yes,4607,4603,
985,International Conference on Cyberworlds (was International Symposium on Cyberworlds),CW,ICORE2026,C,Yes,4607,4608,4603
427,Digital Games Research Conference,DIGRA,ICORE2026,C,No,4607,4608,
460,Eurographics Symposium on Parallel Graphics and Visualization,EGPGV,ICORE2026,C,No,4607,4603,
461,International Conference on Artificial Reality and Telexistance & Eurographics Symposium on Virtual Environments,EGVE,ICORE2026,C,Yes,4607,4608,
462,Eurographics/IEEE Symposium on Visualization,EuroVis,ICORE2026,B,Yes,4607,4608,
1238,International Conference on the Foundations of Digital Games,FDG,ICORE2026,C,No,4607,4608,
573,Graphics Interface,GI,ICORE2026,B,No,4607,4608,
85,ACM-SIGRAPH Interactive 3D Graphics and Games,I3DG,ICORE2026,B,Yes,4607,4608,
1019,International Conference on Entertainment Computing,ICEC,ICORE2026,C,No,4607,4608,4603
1059,International Conference on Image and Graphics,ICIG,ICORE2026,National: China,No,4607,4603,
852,Interactive Entertainment,IE,ICORE2026,Australasian C,No,4607,4608,
345,Conference for the International Simulation and Gaming Association,ISAGA,ICORE2026,C,No,4607,4608,
785,IEEE/ACM International Symposium on Mixed and Augmented Reality,ISMAR,ICORE2026,A*,Yes,4607,4608,
132,Annual International Workshop on Presence,ISPR,ICORE2026,C,No,4607,4608,
1539,International Symposium on Ubiquitous Virtual Reality,ISUVR,ICORE2026,National: S. Korea,No,4607,4608,
1429,International Symposium on Visual Computing,ISVC,ICORE2026,National: USA,No,4607,4603,
1643,New Zealand Game Developers Conference,NZGDC,ICORE2026,Australasian C,No,4607,4608,
1660,Pacific Conference on Computer Graphics and Applications,PG,ICORE2026,Journal Published,Yes,4607,4603,
1784,Symposium on Geometry Processing,SGP,ICORE2026,B,No,4607,4603,
38,ACM SIG International Conference on Computer Graphics and Interactive Techniques,SIGGRAPH,ICORE2026,A*,Yes,4607,4603,4608
64,ACM Symposium on Solid and Physical Modelling,SPM,ICORE2026,C,No,4607,4603,
758,IEEE Conference on Virtual Reality and 3D User Interfaces,VR,ICORE2026,A*,Yes,4607,4608,
1280,"International Conferences in Central Europe on Computer Graphics, Visualization and Computer Vision",WSCG,ICORE2026,National: Czecholslovakia,No,4607,4603,
623,IEEE Information Visualization Conference,IEEE InfoVis,CORE2020,A*,No,4608,,
751,IEEE Symposium on Visual Analytics Science and Technology,IEEE VAST,CORE2020,C,No,4608,,
337,Computer Supported Collaborative Learning,CSCL,CORE2021,B,Yes,4608,,
2272,INTERNATIONAL SYMPOSIUM ON PERVASIVE DISPLAYS,PerDis,CORE2021,B,Yes,4608,,
901,International Conference on Affective Computing and Intelligent,ACII,ICORE2026,B,Yes,4608,,
2310,ACM/IEEE International Conference on Human-Robot Interaction,HRI,ICORE2026,A*,Yes,4608,4602,
1259,"International Conference on User Modelling, Adaptation, and Personalization (was AH and UM)",UMAP,ICORE2026,A,Yes,4608,,
2345,IEEE International Conference on Robot and Human Interactive Communication,RO-MAN,ICORE2026,B,Yes,4608,4602,4601
2264,AAAI Conference on Human Computation and Crowdsourcing,HCOMP,ICORE2026,B,Yes,4608,4605,
2346,Creativity and Cognition,C&C,ICORE2026,B,Yes,4608,,
2348,International Conference on Cooperative and Human Aspects of Software Engineering,CHASE,ICORE2026,B,Yes,4608,4612,
126,Annual Conference on Innovation and Technology in Computer Science Education,ITiCSE,ICORE2026,B,Yes,4608,,
2349,International ACM Conference on Automotive User Interfaces and Interactive Vehicular Applications,Automotive_UI,ICORE2026,B,Yes,4608,,
724,IEEE Pacific Visualization Symposium (was APVIS),PacificVis,ICORE2026,B,Yes,4608,,
759,IEEE Visualization,IEEE VIS,ICORE2026,A,Yes,4608,,
2351,ACM International Conference on Interactive Media Experiences,IMX,ICORE2026,C,Yes,4608,4607,4603
2352,ACM Symposium on Applied Perception,SAP,ICORE2026,B,Yes,4608,4607,
2353,The ACM SIGCAS/SIGCHI Conference on Computing and Sustainable Societies,COMPASS,ICORE2026,C,Yes,4608,4606,4611
2354,"AAAI/ACM Conference on AI, Ethics, and Society",AIES,ICORE2026,C,Yes,4608,4602,4611
2167,Symposium On Usable Privacy and Security,SOUPS,ICORE2026,A,Yes,4608,4604,
211,Australasian Computing Education Conference (ACE),ACE,ICORE2026,Australasian B,Yes,4608,,
895,International Conference on Advances in Computer-Human Interactions,ACHI,ICORE2026,C,No,4608,,
261,Australian Institute of Computer Ethics Conference,AICE,ICORE2026,Australasian C,Yes,4608,,
2258,International ACM SIGACCESS Conference on Computers and Accessibility,ASSETS,ICORE2026,A,Yes,4608,,
93,Advanced Visual Interfaces,AVI,ICORE2026,B,No,4608,,
398,"Cooperative Design, Visualization, and Engineering",CDVE,ICORE2026,C,No,4608,,
1053,International Conference on Human Factors in Computing Systems,CHI,ICORE2026,A*,Yes,4608,,
2259,CHI PLAY: The Annual Symposium on Computer-Human Interaction in Play,CHI PLAY,ICORE2026,Journal Published,Yes,4608,4607,
2260,International Conference on Computer-Human Interaction Research and Applications,CHIRA,ICORE2026,C,Yes,4608,,
979,International Conference on Cooperative Information Systems,CoopIS,ICORE2026,B,Yes,4608,,
13,ACM Conference on Computer Supported Cooperative Work,CSCW,ICORE2026,A,No,4608,,
962,International Conference on Computer Supported Cooperative Work in Design,CSCWD,ICORE2026,C,Yes,4608,,
2261,International Conference on Computer Supported Education,CSEDU,ICORE2026,B,Yes,4608,4601,
380,"Conference on Software Engineering Education and Training (previously Conference is Software Engineering Education, CSEE, changed in 1997)",CSEET,ICORE2026,C,No,4608,,
422,Designing Interactive Systems,DIS,ICORE2026,A,Yes,4608,,
478,European Conference on Computer Supported Cooperative Work,ECSCW,ICORE2026,B,No,4608,,
2193,Engineering Interactive Computing Systems,EICS,ICORE2026,Journal Published,Yes,4608,4612,
457,ETHICOMP Conference,ETHICOMP,ICORE2026,C,Yes,4608,,
2263,Eye Tracking Research and Applications,ETRA,ICORE2026,B,Yes,4608,4607,4603
1851,Visual Analytics,EuroVA,ICORE2026,C,No,4608,,
2027,Frontiers in Education,FIE,ICORE2026,C,Yes,4608,,
1856,Visualization In Science and Education,GRC,ICORE2026,National: USA,No,4608,,
57,ACM Special Interest Group on Supporting Group Work (was SIGGRoup),Group,ICORE2026,B,No,4608,,
2215,Human-Agent Interaction,HAI,ICORE2026,B,Yes,4608,,
294,British Computer Society Conference on Human-Computer Interaction,HCI,ICORE2026,National,Yes,4608,,
584,Human System Interaction,HSI,ICORE2026,C,No,4608,,
872,International Computing Education Research Workshop,ICER,ICORE2026,A,Yes,4608,,
1144,International Conference on Multimodal Interaction (was International Conference on Multimodal Interfaces),ICMI,ICORE2026,B,Yes,4608,,
851,Interaction Design and Children (ACM),IDC,ICORE2026,B,Yes,4608,,
2267,Indian Conference on Human-Computer Interaction,IndiaHCI,ICORE2026,National: India,Yes,4608,,
831,Information Visualisation Theory and Practice,InfVis,ICORE2026,C,No,4608,,
834,Informing Science and Information Technology Education,InSITE,ICORE2026,C,No,4608,,
807,IFIP TC13 Conference on Human-Computer Interaction,Interact,ICORE2026,B,Yes,4608,,
1488,ACM International Conference on Interactive Surfaces and Spaces (was International Workshop on Horizontal Interactive Human-Computer Systems: Tabletop),ISS,ICORE2026,Journal Published,Yes,4608,,
708,IEEE International Symposium on Wearable Computers,ISWC,ICORE2026,Journal Published,Yes,4608,,
1101,International Conference on Intelligent User Interfaces,IUI,ICORE2026,A,Yes,4608,,
1087,International Conference on Information Visualisation,IV,ICORE2026,C,Yes,4608,4607,
143,Applications of Information Visualization,IV-App,ICORE2026,C,No,4608,,
1584,Knowledge Domain Visualisation,KDViz,ICORE2026,National: UK,No,4608,,
1586,Knowledge Visualization and Visual Thinking,KV,ICORE2026,C,No,4608,,
2268,International Conference on Learning Analytics and Knowledge,LAK,ICORE2026,A,Yes,4608,4601,
1054,International Conference on Human-Computer Interaction with Mobile Devices and Services,MobileHCI,ICORE2026,B,Yes,4608,,
2270,Mensch & Computer,MuC,ICORE2026,National: Germany,Yes,4608,,
1615,Mobile and Ubiquitous Multimedia (ACM),MUM,ICORE2026,B,Yes,4608,,
2271,Nordic Conference on Human-Computer Interaction,NordiCHI,ICORE2026,Regional:Scandinavia,Yes,4608,,
247,Australian Computer Human Interaction Conference,OZCHI,ICORE2026,Australasian B,Yes,4608,,
669,IEEE International Conference on Pervasive Computing and Communications,PERCOM,ICORE2026,A*,Yes,4608,4606,
2312,International Conference on Quality of Multimedia Experience,QoMEX,ICORE2026,B,Yes,4608,4603,4607
55,ACM Special Interest Group on Computer Science Education Conference,SIGCSE,ICORE2026,A,Yes,4608,,
21,ACM Information Technology Education,SIGITE,ICORE2026,National: USA,No,4608,,
611,"IEEE Conference on Systems, Man and Cybernetics",SMC,ICORE2026,B,No,4608,,
1798,"Tangible, Embedded, and Embodied Interaction",TEI,ICORE2026,B,Yes,4608,,
1436,International Visualization in Transportation Symposium,TRB,ICORE2026,National: USA,No,4608,,
1825,ACM International Joint Conference on Pervasive and Ubiquitous Computing (PERVASIVE and UbiComp combined from 2013),UbiComp,ICORE2026,journal published,No,4608,,
66,ACM Symposium on User Interface Software and Technology,UIST,ICORE2026,A*,Yes,4608,,
385,Conference on Visualization and Data Analysis,VDA,ICORE2026,National: USA,No,4608,,
1853,Visual Information Communication and Interaction,VINCI,ICORE2026,C,No,4608,,
720,IEEE International Working Conference on Software Visualisation,VISSOFT,ICORE2026,B,No,4608,4612,
1540,International Workshop on Visualization for Cyber Security,VizSec,ICORE2026,C,No,4608,4604,
752,IEEE Symposium on Visual Languages and Human-Centric Computing (was VL),VL/HCC,ICORE2026,B,Yes,4608,,
1892,Workshop on Computer Architecture Education,WCAE,ICORE2026,National: USA,No,4608,,
181,Asia-Pacific Conference on Simulated Evolution and Learning,SEAL,CORE2020,B,No,4611,,
2276,International Conference on Informatics & Data-Driven Medicine,IDDM,ICORE2026,C,Yes,4611,4602,
915,International Conference on Artificial Neural Networks,ICANN,ICORE2026,C,Yes,4611,,
2174,Asian Conference on Machine Learning,ACML,ICORE2026,C,Yes,4611,,
106,Algorithmic Learning Theory,ALT,ICORE2026,B,Yes,4611,,
913,International Conference on Artificial Intelligence and Statistics,AISTATS,ICORE2026,A,Yes,4611,4602,
2275,"IEEE/ACM International Conference on Big Data Computing, Applications and Technologies",BDCAT,ICORE2026,C,Yes,4611,4605,4601
124,Conference on Learning Theory,COLT,ICORE2026,A*,Yes,4611,4602,
2191,Discovery Science,DS,ICORE2026,B,Yes,4611,4602,4601
1011,International Conference on Engineering Applications of Neural Networks,EANN,ICORE2026,C,Yes,4611,,
491,European Conference on Machine Learning and Principles and Practice of Knowledge Discovery in Database (PKDD and ECML combined from 2008),ECML PKDD,ICORE2026,A,Yes,4611,4605,
512,European Symposium on Artificial Neural Networks,ESANN,ICORE2026,B,No,4611,,
2273,International Conference on Learning Representations,ICLR,ICORE2026,A*,Yes,4611,,
1121,International Conference on Machine Learning,ICML,ICORE2026,A*,Yes,4611,,
1122,International Conference on Machine Learning and Applications,ICMLA,ICORE2026,C,No,4611,,
1123,International Conference on Machine Learning and Cybernetics,ICMLC,ICORE2026,National: China,No,4611,,
1152,International Conference on Neural Information Processing,ICONIP,ICORE2026,B,Yes,4611,,
692,IEEE International Symposium on Adaptive Dynamic Programming and Reinforcement Learning,IEEE ADPRL,ICORE2026,C,No,4611,,
685,IEEE International Joint Conference on Neural Networks,IJCNN,ICORE2026,B,Yes,4611,,
1402,International Symposium on Neural Networks,ISNN,ICORE2026,C,Yes,4611,,
1440,International Work-Conference on Artificial and Natural Neural Networks,IWANN,ICORE2026,National: Spain,No,4611,,
2277,International Conference on Methods and Models in Automation and Robotics,MMAR,ICORE2026,National:Poland,Yes,4611,4602,
98,Advances in Neural Information Processing Systems (was NIPS),NeurIPS,ICORE2026,A*,Yes,4611,,
1676,Parallel Problem Solving from Nature,PPSN,ICORE2026,A,Yes,4611,,
266,Australian Software Engineering Conference,ASWEC,CORE2020,Australasian B,Yes,4612,,
1136,International Conference on Model Transformation,ICMT,CORE2020,B,No,4612,,
456,Ershov Conference,PSI,CORE2020,National: Russia,No,4612,4605,
1801,Technology of Object-Oriented Languages and Systems,TOOLS,CORE2020,B,No,4612,,
698,IEEE International Symposium on High Assurance Systems Engineering,HASE,CORE2021,B,Yes,4612,,
1481,International Workshop on Functional and Constraint Logic Programming,WFLP,CORE2021,C,No,4612,,
2165,European Conference on Software Architecture,ECSA,ICORE2026,B,Yes,4612,,
39,Measurement and Modeling of Computer Systems,SIGMETRICS,ICORE2026,A*,Yes,4612,,
718,IEEE International Working Conference on Source Code Analysis and Manipulation,SCAM,ICORE2026,C,Yes,4612,,
1206,International Conference on Software and Data Technologies,ICSoft,ICORE2026,C,Yes,4612,,
2337,International Conference on AI Engineering – Software Engineering for AI,CAIN,ICORE2026,B,Yes,4612,4602,
705,IEEE International Symposium on Performance Analysis of Systems and Software,ISPASS,ICORE2026,B,Yes,4612,,
540,International Symposium on Formal Methods (was Formal Methods Europe FME),FM,ICORE2026,B,Yes,4612,4613,
331,Computer Aided Verification,CAV,ICORE2026,A*,Yes,4612,4613,
355,Conference on Agile Software Development,XP,ICORE2026,B,Yes,4612,,
2180,International Conference on the Quality of Information and Communications Technology,QUATIC,ICORE2026,National/Regional,Yes,4612,,
1185,"Software Quality, Reliability, and Security (was International Conference on Quality Software, QSIC, that merged with SERE 2015)",QRS,ICORE2026,C,Yes,4612,,
882,"International Conference Abstract State Machines, Alloy, B, TLA, VDM, and Z (Previously International Conference of B and Z Users, ZB, changed in 2008)",ABZ,ICORE2026,C,No,4612,4613,
1191,International Conference on Reliable Software Technologies,Ada-Europe,ICORE2026,Journal Published,Yes,4612,,
171,ASIAN Symposium on Programming Languages and Systems,APLAS,ICORE2026,B,Yes,4612,,
186,Asia-Pacific Software Engineering Conference,APSEC,ICORE2026,C,Yes,4612,,
279,Automated Software Engineering Conference,ASE,ICORE2026,A*,Yes,4612,,
147,Architectural Support for Programming Languages and Operating Systems,ASPLOS,ICORE2026,A*,Yes,4612,4606,
281,Automation of Software Test,AST,ICORE2026,C,No,4612,,
1357,International Symposium on Automated Technology for Verification and Analysis,ATVA,ICORE2026,B,Yes,4612,,
878,International Conference in Business Process Management,BPM,ICORE2026,A,No,4612,,
1362,International Symposium on Code Generation and Optimization,CGO,ICORE2026,A,No,4612,,
2286,"International Conference on Control, Decision and Information Technologies",CoDIT,ICORE2026,C,Yes,4612,4601,
439,Dynamic Languages Symposium,DLS,ICORE2026,C,Yes,4612,,
1900,Workshop on Domain Specific Modelling,DSM,ICORE2026,C,No,4612,,
2009,International Workshop on Principles of Diagnosis,DX,ICORE2026,C,Yes,4612,4606,
1022,International Conference on Evaluation and Assessment in Software Engineering,EASE,ICORE2026,A,Yes,4612,,
2287,European Conference on Modelling Foundations and Applications,ECMFA,ICORE2026,B,Yes,4612,,
488,European Conference on Object-Oriented Programming,ECOOP,ICORE2026,A,Yes,4612,,
527,Exploring Modelling Methods in Systems Analysis and Design,EMMSAD,ICORE2026,C,No,4612,,
1023,International Conference on Evaluation of Novel Approaches to Software Engineering,ENASE,ICORE2026,B,Yes,4612,,
1471,International Workshop on Enterprise and Organizational Modelling and Simulation,EOMAS,ICORE2026,C,No,4612,,
1376,International Symposium on Empirical Software Engineering and Measurement,ESEM,ICORE2026,A,Yes,4612,,
514,European Symposium on Programming,ESOP,ICORE2026,A,Yes,4612,,
490,European Conference on Pattern Languages of Programs,EuroPLop,ICORE2026,National: Germany,Yes,4612,,
510,European SPI,EuroSPI,ICORE2026,B,Yes,4612,,
554,Fundamental Approaches to Software Engineering,FASE,ICORE2026,B,Yes,4612,,
544,Forum on Specification and Design Languages,FDL,ICORE2026,C,No,4612,,
2196,Formal Methods in Computer-Aided Design,FMCAD,ICORE2026,B,Yes,4612,,
839,Int. Workshop on Formal Methods for Industrial Critical Systems,FMICS,ICORE2026,C,No,4612,,
1476,International Workshop on Formal Methods for interactive Systems,FMIS,ICORE2026,C,No,4612,4608,
805,"IFIP Joint International Conference on Formal Description Techniques and Protocol Specification, Testing, And Verification",FORTE,ICORE2026,C,Yes,4612,,
52,"ACM International Conference on the Foundations of Software Engineering (was ESEC/FSE, changed 2024; duplicate previously listed as ESEC, removed from DB)",FSE,ICORE2026,A*,Yes,4612,,
1905,Workshop on Formal Techniques for Java-like Programs,FTfJP,ICORE2026,C,No,4612,,
1039,International Conference on Generative Programming and Component Engineering,GPCE,ICORE2026,B,No,4612,,
574,Haskell Workshop,HASKELL,ICORE2026,C,No,4612,,
646,IEEE International Conference on Engineering of Complex Computer Systems,ICECCS,ICORE2026,B,Yes,4612,4606,
1031,International Conference on Formal Engineering Methods,ICFEM,ICORE2026,C,Yes,4612,,
1037,International Conference on Functional Programming,ICFP,ICORE2026,A,Yes,4612,,
650,IEEE International Conference on Global Software Engineering,ICGSE,ICORE2026,C,Yes,4612,,
1181,"IEEE International Conference on Program Comprehension (previously IWPC, changed in 2006)",ICPC,ICORE2026,A,Yes,4612,,
2278,ACM/SPEC International Conference on Performance Engineering,ICPE,ICORE2026,B,Yes,4612,4606,
791,International Conference on Software Architecture (was previously WICSA),ICSA,ICORE2026,A,Yes,4612,,
1209,International Conference on Software Engineering,ICSE,ICORE2026,A*,Yes,4612,,
1210,International Conference on Software Engineering Advances,ICSEA,ICORE2026,C,No,4612,,
676,"IEEE International Conference on Software Maintenance and Evolution (prior to 2014 was ICSM, IEEE International Conference on Software Maintenance)",ICSME,ICORE2026,A,Yes,4612,,
1220,International Conference on Software Reuse,ICSR,ICORE2026,B,Yes,4612,,
1217,International Conference on Software and System Processes (was ICSP prior to 2011),ICSSP,ICORE2026,B,Yes,4612,,
1221,"International Conference on Software Testing, Verification and Validation",ICST,ICORE2026,A,Yes,4612,,
2285,International Conference on Testing Software and Systems,ICTSS,ICORE2026,C,Yes,4612,,
842,Integrated Formal Methods,IFM,ICORE2026,B,Yes,4612,4613,
1396,"International Symposium on Leveraging Applications of Formal Methods, Verification and Validation",ISoLA,ICORE2026,C,No,4612,,
1411,International Symposium on Software Reliability Engineering,ISSRE,ICORE2026,A,Yes,4612,,
1412,International Symposium on Software Testing and Analysis,ISSTA,ICORE2026,A,Yes,4612,,
1218,Joint Conference of the International Workshop on Software Measurement and the International Conference on Software Process and Product Measurement (IWSM and Mensura combined from 2007),IWSM Mensura,ICORE2026,C,No,4612,,
2279,International Conference on Formal Methods and Models for Co-Design,MEMOCODE,ICORE2026,C,Yes,4612,4613,
1504,International Workshop on Modelling in Software Engineering,MISE,ICORE2026,C,No,4612,,
1244,"International Conference on Model Driven Engineering Languages and Systems (Previously UML, changed in 2005)",MODELS,ICORE2026,A,Yes,4612,,
1692,International Conference on Managed Programming Languages and Runtimes (was ManLang and previously Principles and Practice of Programming in Java: PPPJ),MPLR,ICORE2026,C,Yes,4612,,
711,IEEE International Working Conference on Mining Software Repositories,MSR,ICORE2026,A,Yes,4612,4605,
1653,"International Symposium on New Ideas, New Paradigms, and Reflections on Programming and Software",Onward,ICORE2026,C,No,4612,,
18,ACM Conference on Object Oriented Programming Systems Languages and Applications,OOPSLA,ICORE2026,A,Yes,4612,,
1432,International Symposium on Open Collaboration (was International Symposiums on Wikis),OPENSYM,ICORE2026,C,Yes,4612,,
1686,Practical Aspects of Declarative Languages,PADL,ICORE2026,C,Yes,4612,,
50,ACM SIGPLAN Workshop on Partial Evaluation and Program Manipulation,PEPM,ICORE2026,C,Yes,4612,,
2116,"IFIP International Symposium on Computing Performance, Modelling, Measurement and Evaluation",PERFORMANCE,ICORE2026,Journal Published,Yes,4612,,
84,ACM-SIGPLAN Conference on Programming Language Design and Implementation,PLDI,ICORE2026,A*,Yes,4612,,
1680,Pattern Languages of Programs,PLOP,ICORE2026,C,No,4612,,
82,ACM-SIGACT Symposium on Principles of Programming Languages,POPL,ICORE2026,A*,Yes,4612,,
1662,Pacific Rim International Symposium on Dependable Computing,PRDC,ICORE2026,C,Yes,4612,4606,4604
1696,Product Focused Software Process Improvement,PROFES,ICORE2026,B,Yes,4612,,
690,IEEE International Requirements Engineering Conference,RE,ICORE2026,A,Yes,4612,,
1521,International Workshop on Requirements Engineering: Foundation for Software Quality,REFSQ,ICORE2026,B,Yes,4612,,
749,IEEE International Symposium on Rapid System Prototyping (was IEEE Symposium on Rapid Prototyping),RSP,ICORE2026,C,No,4612,,
1932,International Conference on Runtime Verification (was workshop pre 2010),RV,ICORE2026,B,Yes,4612,,
2280,"IEEE International Conference on Software Analysis, Evolution and Reengineering",SANER,ICORE2026,A,Yes,4612,,
1763,Static Analysis Symposium,SAS,ICORE2026,B,Yes,4612,,
464,Euromicro Conference on Software Engineering and Advanced Applications,SEAA,ICORE2026,B,No,4612,4601,
2281,International Symposium on Software Engineering for Adaptive and Self-Managing Systems,SEAMS,ICORE2026,A,Yes,4612,,
1211,International Conference on Software Engineering and Formal Methods,SEFM,ICORE2026,B,Yes,4612,,
1212,International Conference on Software Engineering and Knowledge Engineering,SEKE,ICORE2026,C,Yes,4612,4602,
9,"ACIS Conference on Software Engineering Research, Management and Applications",SERA,ICORE2026,C,No,4612,,
2284,"International Symposium on Software Engineering: Theories, Tools, and Applications",SETTA,ICORE2026,National:China,Yes,4612,4613,
726,IEEE Software Engineering Workshop,SEW,ICORE2026,C,No,4612,,
1215,International Conference on Software Language Engineering,SLE,ICORE2026,B,Yes,4612,,
1214,"International Conference on Software Engineering, Artificial Intelligence, Networking and Parallel/Distributed Computing",SNPD,ICORE2026,C,No,4612,4602,4606
1216,"International Conference on Intelligent Software Methodologies, Tools, and Techniques (was International Conference on Software Methods and Tools)",SoMeT,ICORE2026,C,Yes,4612,,
2136,Software Process Improvement and Capability Determination ,SPICE,ICORE2026,C,Yes,4612,,
2282,Software Product Lines Conference,SPLC,ICORE2026,B,Yes,4612,4601,4602
1219,International Conference on Software Quality Management,SQM,ICORE2026,C,No,4612,,
2283,International Symposium on Search Based Software Engineering,SSBSE,ICORE2026,B,Yes,4612,4602,
796,IFAC Conference on System Structure and Control,SSSC,ICORE2026,C,No,4612,4606,
1818,Tools and Algorithms for Construction and Analysis of Systems,TACAS,ICORE2026,A,Yes,4612,,
1236,International Conference on Tests and Proofs,TAP,ICORE2026,C,Yes,4612,,
1427,International Symposium on Theoretical Aspects of Software Engineering,TASE,ICORE2026,National: China,No,4612,,
2288,International Conference on Technical Debt,TechDebt,ICORE2026,B,Yes,4612,,
1847,"Verification, Model Checking and Abstract Interpretation",VMCAI,ICORE2026,B,No,4612,,
1465,International Workshop on Developments in Computational Models,DCM,CORE2020,C,No,4613,,
1518,International Workshop on Randomization and Computation,RANDOM,CORE2021,A,Yes,4613,,
1876,Workshop on Analytic Algorithmics and Combinatorics,ANALCO,CORE2021,B,No,4613,,
972,International Conference on Conceptual Structures,ICCS,CORE2021,B,No,4613,,
1601,MACIS: International Conference of Mathematical Aspects of Computer and Information Sciences,MACIS,CORE2021,C,No,4613,,
602,IEEE Conference on Computational Complexity,CCC,ICORE2026,A,Yes,4613,,
1349,International Symposium on Algorithms and Computation,ISAAC,ICORE2026,B,Yes,4613,,
1119,International Conference on Logic Programming,ICLP,ICORE2026,B,Yes,4613,4612,
1484,International Workshop on Graph-Theoretic Concepts in Computer Science,WG,ICORE2026,B,Yes,4613,,
1398,International Symposium on Mathematical Foundations of Computer Science,MFCS,ICORE2026,B,Yes,4613,,
547,Foundations of Software Science and Computational Structures,FOSSACS,ICORE2026,B,Yes,4613,4612,
60,International Symposium on Computational Geometry,SoCG,ICORE2026,A*,Yes,4613,,
864,International Colloquium on Automata Languages and Programming,ICALP,ICORE2026,A*,Yes,4613,,
1420,International Symposium on Symbolic and Algebraic Computation,ISSAC,ICORE2026,B,Yes,4613,,
2341,Certified Programs and Proofs,CPP,ICORE2026,B,Yes,4613,4612,
1598,"Logics in Artificial Intelligence, European Conference",JELIA,ICORE2026,B,Yes,4613,4602,
511,European Symposium on Algorithms,ESA,ICORE2026,A,Yes,4613,,
1426,International Symposium on Theoretical Aspects of Computer Science,STACS,ICORE2026,A,Yes,4613,,
1245,"Conference on Interactive Theorem Proving (previously TPHOLs, changed in 2009)",ITP,ICORE2026,B,Yes,4613,,
572,Graph Drawing,GD,ICORE2026,A,Yes,4613,,
1451,International Workshop on Approximation Algorithms for Combinatorial Optimization Problems and International Conference on Randomization and Computation,APPROX/RANDOM,ICORE2026,A,Yes,4613,,
973,International Conference on Concurrency Theory,CONCUR,ICORE2026,B,Yes,4613,4606,
370,Conference on Integer Programming and Combinatorial Optimization,IPCO,ICORE2026,B,Yes,4613,,
1814,Theoretical Aspects of Rationality and Knowledge,TARK,ICORE2026,B,Yes,4613,,
1870,Workshop on Algorithm Engineering and Experiments,ALENEX,ICORE2026,A,Yes,4613,,
2176,Innovations in Theoretical Computer Science,ITCS,ICORE2026,A,Yes,4613,,
1772,Symposium of Asian Association for Algorithms and Computation,AAAC,ICORE2026,C,No,4613,,
356,Conference on Algorithmic Aspects in Information and Management,AAIM,ICORE2026,C,No,4613,,
210,Australasian Conference on Combinatorial Mathematics and Combinatorial Computing,ACCMCC,ICORE2026,Australasian C,Yes,4613,,
2295,International Workshop on Algebraic and Combinatorial Coding Theory,ACCT,ICORE2026,National,Yes,4613,4604,
97,Advances in Modal Logic,AiML,ICORE2026,B,Yes,4613,,
358,"International Conference on Probabilistic, Combinatorial, and Asymptotic Methods in the Analysis of Algorithms (was Conference on Analysis of Algorithms)",AofA,ICORE2026,C,Yes,4613,,
743,IEEE Symposium on Computer Arithmetic,ARITH,ICORE2026,C,No,4613,,
1871,"Workshop on Algorithmic Approaches for Transportation Modelling, Optimization, and Systems",ATMOS,ICORE2026,C,No,4613,4601,
2291,Conference on Algebra and Coalgebra in Computer Science,CALCO,ICORE2026,B,Yes,4613,,
2289,Computer Algebra in Scientific Computing,CASC,ICORE2026,B,Yes,4613,,
941,International Conference on Computability and Complexity in Analysis,CCA,ICORE2026,C,No,4613,,
1062,International Conference on Implementation and Application of Automata,CIAA,ICORE2026,C,Yes,4613,,
906,International Conference on Algorithms and Complexity (was Italian Conference ),CIAC,ICORE2026,C,No,4613,,
2292,Conference on Intelligent Computer Mathematics,CICM,ICORE2026,C,Yes,4613,4612,4602
326,Computability in Europe: Logic and Theory of Algorithms,CiE,ICORE2026,C,No,4613,,
969,International Conference on Computing and Combinatorics,COCOON,ICORE2026,National:China,No,4613,,
2294,"International Conference on Complexity, Future Information Systems and Risk",COMPLEXIS,ICORE2026,C,Yes,4613,4606,
1296,International CSI Computer Conference,CSICC,ICORE2026,National: Iran,No,4613,,
1995,Annual Conference on Computer Science Logic,CSL,ICORE2026,B,Yes,4613,,
319,Cologne-Twente Workshop on Graphs and Combinatorial Optimization,CTW,ICORE2026,C,No,4613,,
425,Developments in Language Theory,DLT,ICORE2026,C,Yes,4613,,
1724,SIAM Conference on Discrete Mathematics,DM,ICORE2026,C,No,4613,,
469,European Chapter on Combinatorial Optimization,ECCO,ICORE2026,C,No,4613,,
519,European Workshop on Computational Geometry,EuroCG,ICORE2026,C,No,4613,,
459,"EuroConference on Combinatorics, Graph Theory and Applications",EUroComb,ICORE2026,C,No,4613,,
1302,International Frontiers of Algorithmics Workshop,FAW,ICORE2026,National: China,No,4613,,
1383,International Symposium on Fundamentals of Computation Theory,FCT,ICORE2026,B,Yes,4613,,
1382,International Symposium on Functional and Logic Programming,FLOPS,ICORE2026,National: Japan,No,4613,,
745,IEEE Symposium on Foundations of Computer Science,FOCS,ICORE2026,A*,Yes,4613,,
2290,International Conference on Formal Structures for Computation and Deduction,FSCD,ICORE2026,B,Yes,4613,,
548,Foundations of Software Technology and Theoretical Computer Science,FST&TCS,ICORE2026,National: India,Yes,4613,,
365,Conference on Fun with Algorithms,FUN,ICORE2026,National: Italy,No,4613,4605,
560,Geometry Modeling and Processing,GMP,ICORE2026,C,No,4613,4607,
1288,International Congress on Computational and Applied Mathematics,ICCAM,ICORE2026,C,No,4613,,
876,International Conference Formal Concept Analysis Conference,ICFCA,ICORE2026,C,No,4613,,
1042,International Conference on Graph Transformations,ICGT,ICORE2026,B,Yes,4613,4605,
867,International Colloquium on Theoretical Aspects of Computing,ICTAC,ICORE2026,C,Yes,4613,,
819,Inductive Logic Programming,ILP,ICORE2026,B,No,4613,,
2296,IEEE International Scientific Conference on Informatics,Informatics,ICORE2026,National:Slovakia,Yes,4613,4612,
1510,International Symposium on Parameterized and Exact Computation (was IWPEC pre 2004),IPEC,ICORE2026,B,No,4613,,
1364,International Symposium on Combinatorial Optimisation,ISCO,ICORE2026,C,No,4613,4602,
1390,International Symposium on Information Theory and Its Applications,ISITA,ICORE2026,C,Yes,4613,4604,
830,Information Theory Workshop,ITW,ICORE2026,B,Yes,4613,,
1459,International Workshop on Combinatorial Algorithm,IWOCA,ICORE2026,C,Yes,4613,,
1592,"Latin-American Algorithms, Graphs and Optimization Symposium",LAGOS,ICORE2026,C,Yes,4613,,
1115,International Conference on Language and Automata Theory and Applications,LATA,ICORE2026,C,No,4613,,
1395,International Symposium on Latin American Theoretical Informatics,LATIN,ICORE2026,B,Yes,4613,,
1597,Logical Foundations of Computer Science,LFCS,ICORE2026,National: USA,No,4613,,
748,IEEE Symposium on Logic in Computer Science,LICS,ICORE2026,A*,Yes,4613,,
1397,International Symposium on Logic-based Program Synthesis and Transformation,LOPSTR,ICORE2026,C,Yes,4613,4612,
1596,Logic Programming and Automated Reasoning,LPAR,ICORE2026,B,Yes,4613,4602,
1834,"Machines, Computations and Universality (was Universal Machines and Computations)",MCU,ICORE2026,C,Yes,4613,,
2293,International Conference on Mathematical Foundations of Programming Semantics,MFPS,ICORE2026,B,Yes,4613,,
1605,Mathematics of Program Construction,MPC,ICORE2026,B,Yes,4613,,
1176,International Conference on Principles and Practice of Declarative Programming,PPDP,ICORE2026,C,Yes,4613,4612,
1690,Prague Stringology Conference,PSC,ICORE2026,National: Czech,No,4613,,
1189,International Conference on Relational and AlgebraicMethods in Computer Science (was International Conference on Relational Methods in Computer Science RelMiCS),RAMiCS,ICORE2026,C,No,4613,,
2309,International Conference on Reversible Computation,RC,ICORE2026,C,Yes,4613,4601,
1348,International Symposium on Algorithmic Game Theory,SAGT,ICORE2026,B,No,4613,,
1378,International Symposium on Experimental Algorithms,SEA,ICORE2026,B,No,4613,,
866,International Colloquium on Structural Information and Communication Complexity,SIROCCO,ICORE2026,B,No,4613,,
80,ACM/SIAM Symposium on Discrete Algorithms,SODA,ICORE2026,A*,Yes,4613,,
65,ACM Symposium on Theory of Computing,STOC,ICORE2026,A*,Yes,4613,,
1421,International Symposium on Symbolic and Numeric Algorithms for Scientific Computing,SYNASC,ICORE2026,National: romania,No,4613,,
1246,International Conference on Theorem Proving with Analytic Tableaux and Related Methods,TABLEAUX,ICORE2026,B,Yes,4613,,
384,Conference on Theory and Applications of Models of Computation,TAMC,ICORE2026,C,Yes,4613,,
1255,International Conference on Unconventional Computation and Natural Computation (was International Conference on Unconventional Computation),UC,ICORE2026,C,No,4613,,
108,Algorithms and Data Structures Symposium (was Workshop on Algorithms and Data Structures),WADS,ICORE2026,B,Yes,4613,,
1936,Workshop on the Arithmetic of Finite Fields,WAIFI,ICORE2026,C,No,4613,,
1448,International Conference and Workshops on Algorithms and Computation,WALCOM,ICORE2026,B,Yes,4613,,
1879,Workshop on Approximation and Online Algorithms,WAOA,ICORE2026,B,Yes,4613,,
1873,Workshop on Algorithms And Models For The Web Graph,WAW,ICORE2026,C,No,4613,,
1891,Workshop on Computational Optimization,WCO,ICORE2026,C,No,4613,,
1912,"Workshop on Logic, Language, Information and Computation",WoLLIC,ICORE2026,C,Yes,4613,,
1709,Robotics: Science and Systems,RSS,CORE2023,TBR,No,CSE,,
2324,IEEE International Conference on Automation Science and Engineering,CASE,CORE2023,TBR,No,CSE,,
2328,International Conference on Factory Communication Systems,WFCS,ICORE2026,C,Yes,CSE,4606,4601
2098,International Symposium on Microarchitecture,MICRO,ICORE2026,A*,Yes,CSE,,
2329,International Symposium on Design and Diagnostics of Electronic Circuits and Systems,DDECS,ICORE2026,C,Yes,CSE,,
2331,IEEE/ACM International Symposium on Low Power Electronics and Design,ISLPED,ICORE2026,A,Yes,CSE,4601,
2334,Euromicro Conference Series on Digital System Design,DSD,ICORE2026,C,Yes,CSE,4606,
2315,IEEE VLSI Test Symposium,VTS,ICORE2026,National/Regional,Yes,CSE,,
2316,IEEE European Test Symposium,ETS,ICORE2026,B,Yes,CSE,,
421,"Design, Automation and Test in Europe Conference",DATE,ICORE2026,A,Yes,CSE,4612,
2317,IEEE International Symposium on Circuits and Systems,ISCAS,ICORE2026,C,Yes,CSE,,
710,IEEE International Test Conference,ITC,ICORE2026,A,Yes,CSE,,
687,On-Line Testing and Robust System Design,IOLTS,ICORE2026,C,Yes,CSE,4612,
783,IEEE/ACM International Conference on Computer-Aided Design,ICCAD,ICORE2026,A,Yes,CSE,4606,
2325,IEEE International Conference on Quantum Computing and Engineering,QCE,ICORE2026,National/Regional,Yes,CSE,,
2321,IEEE Industrial Electronics Society,IECON,ICORE2026,C,Yes,CSE,,
1996,Design Automation Conf,DAC,ICORE2026,A*,Yes,CSE,,
2026,IEEE Symposium on Field Programmable Custom Computing Machines,FCCM,ICORE2026,National/Regional,Yes,CSE,4606,
2320,IEEE International Conference on Computer Design,ICCD,ICORE2026,C,Yes,CSE,,
2319,ACM Int'l Symposium on Field Programmable Gate Arrays,FPGA,ICORE2026,A,Yes,CSE,,
2318,Field Programmable Logic and Applications,FPL,ICORE2026,B,Yes,CSE,,
2323,IEEE International Conference on Industrial Informatics,INDIN,ICORE2026,C,Yes,CSE,,
1422,"International Conference on Hardware/Software Codesign and System Synthesis (previously ISSN, changed in 2003)",CODES+ISSS,ICORE2026,Journal Published,Yes,CSE,4606,
2356,IEEE/IFIP International Conference on Very Large Scale Integration of System-on-Chip,VLSI-SOC,ICORE2026,C,Yes,CSE,,
1386,International Symposium on High Performance Computer Architecture,HPCA,ICORE2026,A*,Yes,CSE,4606,
30,ACM International Conference on Supercomputing,ICS,ICORE2026,A,Yes,CSE,4606,
32,ACM International Symposium on Computer Architecture,ISCA,ICORE2026,A*,Yes,CSE,4606,4612
77,"International Conference for High Performance Computing, Networking, Storage and Analysis (was Supercomputing Conference)",SC,ICORE2026,A,No,CSE,4606,
2322,IEEE International Conference on Emerging Technologies and Factory Automation,ETFA,ICORE2026,C,Yes,CSE,,
